settlement_month,settlement_year,market_component,settlement,settlement_basis
January,2015,AB Pool (inter),,
January,2015,AB Pool (intra),,
January,2015,AGT-CG,,
January,2015,AGT-CG (non-G),10.12,6.93
January,2015,Agua Dulce Hub,,
January,2015,ANR-Joliet Hub,,
January,2015,ANR-SE,,
January,2015,ANR-SE-T,3.11,-0.08
January,2015,ANR-SW,3.17,-0.02
January,2015,APC-ACE,,
January,2015,APC-ANR,,
January,2015,APC-MGTC,,
January,2015,APC-NGPL,,
January,2015,APC-Nicor,,
January,2015,APC-VPC,,
January,2015,Arena WTX Pool,,
January,2015,Atmos Zone 3,,
January,2015,Banquete Hub,,
January,2015,Bay Gas Storage,,
January,2015,Bennington,,
January,2015,Beverly Salem,,
January,2015,Bluewater Hub,,
January,2015,Bobcat Inter,,
January,2015,Bobcat Stor,,
January,2015,Carthage,,
January,2015,CG-Mainline,3.09,-0.1
January,2015,CG-Onshore,3.12,-0.07
January,2015,Cheyenne,3.22,0.03
January,2015,Chicago,3.61,0.42
January,2015,CIG-Mainline,3.06,-0.13
January,2015,CIG-Mainline Pool,,
January,2015,CIG-Mainline South,,
January,2015,Clarington,,
January,2015,Clarington-Tenn,,
January,2015,Consumers,3.55,0.36
January,2015,Cove Point,,
January,2015,Dracut,,
January,2015,Eastern Gas-North,,
January,2015,Eastern Gas-South,,
January,2015,Egan Inter,,
January,2015,Egan Stor,,
January,2015,EGT-Flex,,
January,2015,EGT-North,,
January,2015,EGT-Perryville Hub,3.03,-0.16
January,2015,EGT-South,,
January,2015,EGT-West,,
January,2015,Enable East Pool,,
January,2015,Enable West Pool ,,
January,2015,ENT-STX Map,,
January,2015,EP-Anadarko,,
January,2015,EP-Keystone,,
January,2015,EP-Plains Pool,,
January,2015,EP-S.Mainline,,
January,2015,EP-SJ Blanco Pool,3.1,-0.09
January,2015,EP-SJ Bondad Stn,,
January,2015,EP-Waha Pool,,
January,2015,ETC-Cleburne,,
January,2015,ETC-Maypearl,,
January,2015,ETC-Tiger Gas (receipt),,
January,2015,FGT-CG,,
January,2015,FGT-Z1,3.18,-0.01
January,2015,FGT-Z2,3.17,-0.02
January,2015,FGT-Z3,3.2,0.01
January,2015,GCX Waha Hub,,
January,2015,Gillis Hub,,
January,2015,GLGT-St.Clair,,
January,2015,Golden Triangle,,
January,2015,GTN-Kingsgate,,
January,2015,GTN-Malin,,
January,2015,GTN-Stanfield,,
January,2015,Guardian Hub,,
January,2015,Gulf S. Pool 16,,
January,2015,Gulf South - Perryville,,
January,2015,Henry,3.19,0.0
January,2015,HPL-ETX Pool,,
January,2015,HSC-HPL Pool,3.04,-0.15
January,2015,HSC-Kinder Morgan,,
January,2015,Iroquois (into),8.13,4.94
January,2015,Iroquois-Z1,,
January,2015,Iroquois-Z2,8.67,5.48
January,2015,Iroquois-Z2 Hunts Pt,,
January,2015,Jefferson Island,,
January,2015,Katy-Enstor Pool,3.13,-0.06
January,2015,Katy-Lonestar Inter,,
January,2015,Katy-Lonestar Intra,,
January,2015,Katy-Oasis,,
January,2015,KRGT-Del Pool,,
January,2015,KRGT-Rec Pool,,
January,2015,Lebanon,3.44,0.25
January,2015,Leidy,,
January,2015,Leidy-Transco,1.52,-1.67
January,2015,M&N US,,
January,2015,MEP-Lamar,,
January,2015,Michcon,3.43,0.24
January,2015,Midship (receipt),,
January,2015,Millennium,,
January,2015,Millennium East Pool,3.03,-0.16
January,2015,Millennium-Ramapo,,
January,2015,Moss Bluff Inter,,
January,2015,Moss Bluff Stor,,
January,2015,MS Hub,,
January,2015,NBPL-Bakken (receipt),,
January,2015,NBPL-Harper,,
January,2015,NBPL-Nicor,,
January,2015,NBPL-Vector,,
January,2015,NBPL-Ventura,3.13,-0.06
January,2015,NBPL-Will County,,
January,2015,NGPL-AM Pool,,
January,2015,NGPL-AM Stor,,
January,2015,NGPL-GC Mainline,,
January,2015,NGPL-IA/IL AM Pool,,
January,2015,NGPL-IA/IL AM Stor,,
January,2015,NGPL-IA/IL GC Pool,,
January,2015,NGPL-IA/IL GC Stor,,
January,2015,NGPL-LA Pool,,
January,2015,NGPL-LA Stor,,
January,2015,NGPL-MidAm,,
January,2015,NGPL-Midcont Pool,3.04,-0.15
January,2015,NGPL-Midcont Stor,,
January,2015,NGPL-Nicor,,
January,2015,NGPL-Nipsco,,
January,2015,NGPL-STX,3.05,-0.14
January,2015,NGPL-TXOK East,3.06,-0.13
January,2015,NGPL-TXOK East Stor,3.06,-0.13
January,2015,NGPL-TXOK West,3.06,-0.13
January,2015,NNG-Demarc,3.13,-0.06
January,2015,NNG-Mid 13-16A,,
January,2015,NNG-Mid 1-7,,
January,2015,NNG-Mid 8-12,,
January,2015,NNG-Ventura,3.13,-0.06
January,2015,Nortex-Tolar Hub,,
January,2015,NWP-Rocky Mtn,3.09,-0.1
January,2015,NWP-Sumas,3.23,0.04
January,2015,NWP-Wyoming,,
January,2015,Oasis - Waha Pool,,
January,2015,OGT,,
January,2015,ONEOK Westex,3.02,-0.17
January,2015,Opal,,
January,2015,Panhandle,3.07,-0.12
January,2015,PG&E-Citygate,3.55,0.36
January,2015,PG&E-Daggett,,
January,2015,PG&E-KRS,,
January,2015,PG&E-Topock,,
January,2015,PGLC,,
January,2015,Pine Prairie,,
January,2015,Pioneer,,
January,2015,PNGTS,,
January,2015,Questar-North,,
January,2015,Questar-South,,
January,2015,REX Cheyenne Comp Pool,,
January,2015,REX E-ANR,,
January,2015,REX E-MidW,,
January,2015,REX E-NGPL,,
January,2015,REX E-PEPL,,
January,2015,REX E-Trunk,,
January,2015,REX W-ANR,,
January,2015,REX W-NGPL,,
January,2015,REX W-NNG,,
January,2015,REX W-PEPL,,
January,2015,REX-Z3 (receipt) ,,
January,2015,REX-Z3 Del Pool,,
January,2015,Rover (receipt),,
January,2015,Rover-ANR,,
January,2015,Rover-PEPL,,
January,2015,Ruby-Onyx Hill,,
January,2015,Ruby-Rec Pool,,
January,2015,Ryckman Creek Stor,,
January,2015,Salt Plains Inter,,
January,2015,Salt Plains Stor,,
January,2015,Socal-Blythe,,
January,2015,Socal-Border,3.27,0.08
January,2015,Socal-Citygate,3.34,0.15
January,2015,Socal-Ehrenberg,,
January,2015,Socal-Firm Stor,,
January,2015,Socal-IT Stor,,
January,2015,Socal-Kramer,,
January,2015,Socal-KRS,,
January,2015,Socal-Needles,,
January,2015,Socal-Storage,,
January,2015,Socal-Topock (EP),,
January,2015,Socal-Topock (TW),,
January,2015,Socal-WR,,
January,2015,Sonat-Z0 South,3.1,-0.09
January,2015,Sonat-Z1 North,,
January,2015,Southern Pines Hub,,
January,2015,Southern Star,3.06,-0.13
January,2015,Spectra - Hunt,,
January,2015,Stagecoach ,,
January,2015,Stingray,,
January,2015,TCO,3.1,-0.09
January,2015,TCO-A04 Pool,,
January,2015,TCO-A06 Pool,,
January,2015,TCO-A08 Pool,,
January,2015,TCO-Seg Pool,2.5,-0.69
January,2015,TETCO-ELA,3.03,-0.16
January,2015,TETCO-ETX,3.03,-0.16
January,2015,TETCO-M1 24,,
January,2015,TETCO-M1 30,3.1,-0.09
January,2015,TETCO-M2,,
January,2015,TETCO-M2 (receipt),2.06,-1.13
January,2015,TETCO-M3,4.47,1.28
January,2015,TETCO-Manhattan,,
January,2015,TETCO-STX,3.03,-0.16
January,2015,TETCO-WLA,3.03,-0.16
January,2015,TGP-500L,3.11,-0.08
January,2015,TGP-800L,3.11,-0.08
January,2015,TGP-Mahwah,,
January,2015,TGP-Niagara,2.73,-0.46
January,2015,TGP-Z0 Border Pool,3.05,-0.14
January,2015,TGP-Z0 North,3.05,-0.14
January,2015,TGP-Z0 South,3.05,-0.14
January,2015,TGP-Z1 100L,,
January,2015,TGP-Z1 800L Pool,,
January,2015,TGP-Z1 Sta-87,,
January,2015,TGP-Z4 300L,1.54,-1.65
January,2015,TGP-Z4 Marcellus,1.54,-1.65
January,2015,TGP-Z4 Sta-219,,
January,2015,TGP-Z4 Sta-313,,
January,2015,TGP-Z5 200L,2.24,-0.95
January,2015,TGP-Z6 200L,11.67,8.48
January,2015,TGP-Z6 200L North,,
January,2015,TGP-Z6 200L South,,
January,2015,TGP-Z6 300L,,
January,2015,TGT-Mainline,3.18,-0.01
January,2015,TGT-North LA,,
January,2015,TGT-SL,3.12,-0.07
January,2015,Transco Zn3,3.2,0.01
January,2015,Transco-165,,
January,2015,Transco-30,3.18,-0.01
January,2015,Transco-45,3.17,-0.02
January,2015,Transco-65,,
January,2015,Transco-85,3.11,-0.08
January,2015,Transco-River Road,,
January,2015,Transco-Z5,1.54,-1.65
January,2015,Transco-Z5 North,,
January,2015,Transco-Z5 South,,
January,2015,Transco-Z6 (non-NY north ML),,
January,2015,Transco-Z6 (non-NY north),6.71,3.52
January,2015,Transco-Z6 (non-NY south),,
January,2015,Transco-Z6 (non-NY),6.44,3.25
January,2015,Transco-Z6 (NY),8.49,5.3
January,2015,Transco-Z6 Sta-210,,
January,2015,Tres Palacios (inj),,
January,2015,Tres Palacios (w/d),,
January,2015,Trunkline-ELA,3.15,-0.04
January,2015,Trunkline-WLA,3.15,-0.04
January,2015,Trunkline-Z1A,3.12,-0.07
January,2015,TW-Blanco,3.13,-0.06
January,2015,TW-Central,,
January,2015,TW-Panhandle,2.98,-0.21
January,2015,TW-WTX,,
January,2015,Union-Dawn,3.51,0.32
January,2015,Waha,3.0,-0.19
January,2015,White River Hub,,
January,2015,WIC,,
January,2015,0,,
January,2015,0,,
January,2015,0,,
January,2015,0,,
February,2015,AB Pool (inter),,
February,2015,AB Pool (intra),,
February,2015,AGT-CG,,
February,2015,AGT-CG (non-G),10.4,7.53
February,2015,Agua Dulce Hub,,
February,2015,ANR-Joliet Hub,,
February,2015,ANR-SE,,
February,2015,ANR-SE-T,2.81,-0.06
February,2015,ANR-SW,2.75,-0.12
February,2015,APC-ACE,,
February,2015,APC-ANR,,
February,2015,APC-MGTC,,
February,2015,APC-NGPL,,
February,2015,APC-Nicor,,
February,2015,APC-VPC,,
February,2015,Arena WTX Pool,,
February,2015,Atmos Zone 3,,
February,2015,Banquete Hub,,
February,2015,Bay Gas Storage,,
February,2015,Bennington,,
February,2015,Beverly Salem,,
February,2015,Bluewater Hub,,
February,2015,Bobcat Inter,,
February,2015,Bobcat Stor,,
February,2015,Carthage,,
February,2015,CG-Mainline,2.78,-0.09
February,2015,CG-Onshore,2.82,-0.05
February,2015,Cheyenne,2.74,-0.13
February,2015,Chicago,3.02,0.15
February,2015,CIG-Mainline,2.63,-0.24
February,2015,CIG-Mainline Pool,,
February,2015,CIG-Mainline South,,
February,2015,Clarington,,
February,2015,Clarington-Tenn,,
February,2015,Consumers,3.04,0.17
February,2015,Cove Point,,
February,2015,Dracut,,
February,2015,Eastern Gas-North,,
February,2015,Eastern Gas-South,,
February,2015,Egan Inter,,
February,2015,Egan Stor,,
February,2015,EGT-Flex,,
February,2015,EGT-North,,
February,2015,EGT-Perryville Hub,2.73,-0.14
February,2015,EGT-South,,
February,2015,EGT-West,,
February,2015,Enable East Pool,,
February,2015,Enable West Pool ,,
February,2015,ENT-STX Map,,
February,2015,EP-Anadarko,,
February,2015,EP-Keystone,,
February,2015,EP-Plains Pool,,
February,2015,EP-S.Mainline,,
February,2015,EP-SJ Blanco Pool,2.64,-0.23
February,2015,EP-SJ Bondad Stn,,
February,2015,EP-Waha Pool,,
February,2015,ETC-Cleburne,,
February,2015,ETC-Maypearl,,
February,2015,ETC-Tiger Gas (receipt),,
February,2015,FGT-CG,,
February,2015,FGT-Z1,2.85,-0.02
February,2015,FGT-Z2,2.86,-0.01
February,2015,FGT-Z3,2.9,0.03
February,2015,GCX Waha Hub,,
February,2015,Gillis Hub,,
February,2015,GLGT-St.Clair,,
February,2015,Golden Triangle,,
February,2015,GTN-Kingsgate,,
February,2015,GTN-Malin,,
February,2015,GTN-Stanfield,,
February,2015,Guardian Hub,,
February,2015,Gulf S. Pool 16,,
February,2015,Gulf South - Perryville,,
February,2015,Henry,2.87,0.0
February,2015,HPL-ETX Pool,,
February,2015,HSC-HPL Pool,2.81,-0.06
February,2015,HSC-Kinder Morgan,,
February,2015,Iroquois (into),7.85,4.98
February,2015,Iroquois-Z1,,
February,2015,Iroquois-Z2,9.0,6.13
February,2015,Iroquois-Z2 Hunts Pt,,
February,2015,Jefferson Island,,
February,2015,Katy-Enstor Pool,2.81,-0.06
February,2015,Katy-Lonestar Inter,,
February,2015,Katy-Lonestar Intra,,
February,2015,Katy-Oasis,,
February,2015,KRGT-Del Pool,,
February,2015,KRGT-Rec Pool,,
February,2015,Lebanon,2.93,0.06
February,2015,Leidy,,
February,2015,Leidy-Transco,1.02,-1.85
February,2015,M&N US,,
February,2015,MEP-Lamar,,
February,2015,Michcon,2.96,0.09
February,2015,Midship (receipt),,
February,2015,Millennium,,
February,2015,Millennium East Pool,1.32,-1.55
February,2015,Millennium-Ramapo,,
February,2015,Moss Bluff Inter,,
February,2015,Moss Bluff Stor,,
February,2015,MS Hub,,
February,2015,NBPL-Bakken (receipt),,
February,2015,NBPL-Harper,,
February,2015,NBPL-Nicor,,
February,2015,NBPL-Vector,,
February,2015,NBPL-Ventura,3.02,0.15
February,2015,NBPL-Will County,,
February,2015,NGPL-AM Pool,,
February,2015,NGPL-AM Stor,,
February,2015,NGPL-GC Mainline,,
February,2015,NGPL-IA/IL AM Pool,,
February,2015,NGPL-IA/IL AM Stor,,
February,2015,NGPL-IA/IL GC Pool,,
February,2015,NGPL-IA/IL GC Stor,,
February,2015,NGPL-LA Pool,,
February,2015,NGPL-LA Stor,,
February,2015,NGPL-MidAm,,
February,2015,NGPL-Midcont Pool,2.71,-0.16
February,2015,NGPL-Midcont Stor,,
February,2015,NGPL-Nicor,,
February,2015,NGPL-Nipsco,,
February,2015,NGPL-STX,2.76,-0.11
February,2015,NGPL-TXOK East,2.75,-0.12
February,2015,NGPL-TXOK East Stor,2.75,-0.12
February,2015,NGPL-TXOK West,2.75,-0.12
February,2015,NNG-Demarc,3.02,0.15
February,2015,NNG-Mid 13-16A,,
February,2015,NNG-Mid 1-7,,
February,2015,NNG-Mid 8-12,,
February,2015,NNG-Ventura,3.01,0.14
February,2015,Nortex-Tolar Hub,,
February,2015,NWP-Rocky Mtn,2.65,-0.22
February,2015,NWP-Sumas,2.56,-0.31
February,2015,NWP-Wyoming,,
February,2015,Oasis - Waha Pool,,
February,2015,OGT,,
February,2015,ONEOK Westex,2.61,-0.26
February,2015,Opal,,
February,2015,Panhandle,2.62,-0.25
February,2015,PG&E-Citygate,3.17,0.3
February,2015,PG&E-Daggett,,
February,2015,PG&E-KRS,,
February,2015,PG&E-Topock,,
February,2015,PGLC,,
February,2015,Pine Prairie,,
February,2015,Pioneer,,
February,2015,PNGTS,,
February,2015,Questar-North,,
February,2015,Questar-South,,
February,2015,REX Cheyenne Comp Pool,,
February,2015,REX E-ANR,,
February,2015,REX E-MidW,,
February,2015,REX E-NGPL,,
February,2015,REX E-PEPL,,
February,2015,REX E-Trunk,,
February,2015,REX W-ANR,,
February,2015,REX W-NGPL,,
February,2015,REX W-NNG,,
February,2015,REX W-PEPL,,
February,2015,REX-Z3 (receipt) ,,
February,2015,REX-Z3 Del Pool,,
February,2015,Rover (receipt),,
February,2015,Rover-ANR,,
February,2015,Rover-PEPL,,
February,2015,Ruby-Onyx Hill,,
February,2015,Ruby-Rec Pool,,
February,2015,Ryckman Creek Stor,,
February,2015,Salt Plains Inter,,
February,2015,Salt Plains Stor,,
February,2015,Socal-Blythe,,
February,2015,Socal-Border,2.78,-0.09
February,2015,Socal-Citygate,2.97,0.1
February,2015,Socal-Ehrenberg,,
February,2015,Socal-Firm Stor,,
February,2015,Socal-IT Stor,,
February,2015,Socal-Kramer,,
February,2015,Socal-KRS,,
February,2015,Socal-Needles,,
February,2015,Socal-Storage,,
February,2015,Socal-Topock (EP),,
February,2015,Socal-Topock (TW),,
February,2015,Socal-WR,,
February,2015,Sonat-Z0 South,2.86,-0.01
February,2015,Sonat-Z1 North,,
February,2015,Southern Pines Hub,,
February,2015,Southern Star,2.59,-0.28
February,2015,Spectra - Hunt,,
February,2015,Stagecoach ,,
February,2015,Stingray,,
February,2015,TCO,2.73,-0.14
February,2015,TCO-A04 Pool,,
February,2015,TCO-A06 Pool,,
February,2015,TCO-A08 Pool,,
February,2015,TCO-Seg Pool,2.02,-0.85
February,2015,TETCO-ELA,2.81,-0.06
February,2015,TETCO-ETX,2.75,-0.12
February,2015,TETCO-M1 24,,
February,2015,TETCO-M1 30,2.78,-0.09
February,2015,TETCO-M2,,
February,2015,TETCO-M2 (receipt),1.96,-0.91
February,2015,TETCO-M3,5.14,2.27
February,2015,TETCO-Manhattan,,
February,2015,TETCO-STX,2.75,-0.12
February,2015,TETCO-WLA,2.8,-0.07
February,2015,TGP-500L,2.85,-0.02
February,2015,TGP-800L,2.8,-0.07
February,2015,TGP-Mahwah,,
February,2015,TGP-Niagara,3.12,0.25
February,2015,TGP-Z0 Border Pool,2.73,-0.14
February,2015,TGP-Z0 North,2.73,-0.14
February,2015,TGP-Z0 South,2.73,-0.14
February,2015,TGP-Z1 100L,,
February,2015,TGP-Z1 800L Pool,,
February,2015,TGP-Z1 Sta-87,,
February,2015,TGP-Z4 300L,1.02,-1.85
February,2015,TGP-Z4 Marcellus,1.02,-1.85
February,2015,TGP-Z4 Sta-219,,
February,2015,TGP-Z4 Sta-313,,
February,2015,TGP-Z5 200L,2.67,-0.2
February,2015,TGP-Z6 200L,10.33,7.46
February,2015,TGP-Z6 200L North,,
February,2015,TGP-Z6 200L South,,
February,2015,TGP-Z6 300L,,
February,2015,TGT-Mainline,2.8,-0.07
February,2015,TGT-North LA,,
February,2015,TGT-SL,2.81,-0.06
February,2015,Transco Zn3,2.87,0.0
February,2015,Transco-165,,
February,2015,Transco-30,2.79,-0.08
February,2015,Transco-45,2.85,-0.02
February,2015,Transco-65,,
February,2015,Transco-85,2.88,0.01
February,2015,Transco-River Road,,
February,2015,Transco-Z5,5.64,2.77
February,2015,Transco-Z5 North,,
February,2015,Transco-Z5 South,,
February,2015,Transco-Z6 (non-NY north ML),,
February,2015,Transco-Z6 (non-NY north),6.32,3.45
February,2015,Transco-Z6 (non-NY south),,
February,2015,Transco-Z6 (non-NY),6.24,3.37
February,2015,Transco-Z6 (NY),9.69,6.82
February,2015,Transco-Z6 Sta-210,,
February,2015,Tres Palacios (inj),,
February,2015,Tres Palacios (w/d),,
February,2015,Trunkline-ELA,2.8,-0.07
February,2015,Trunkline-WLA,2.8,-0.07
February,2015,Trunkline-Z1A,2.8,-0.07
February,2015,TW-Blanco,2.75,-0.12
February,2015,TW-Central,,
February,2015,TW-Panhandle,2.65,-0.22
February,2015,TW-WTX,,
February,2015,Union-Dawn,3.04,0.17
February,2015,Waha,2.62,-0.25
February,2015,White River Hub,,
February,2015,WIC,,
February,2015,0,,
February,2015,0,,
February,2015,0,,
February,2015,0,,
March,2015,AB Pool (inter),,
March,2015,AB Pool (intra),,
March,2015,AGT-CG,,
March,2015,AGT-CG (non-G),9.53,6.63
March,2015,Agua Dulce Hub,,
March,2015,ANR-Joliet Hub,,
March,2015,ANR-SE,,
March,2015,ANR-SE-T,2.86,-0.04
March,2015,ANR-SW,2.68,-0.22
March,2015,APC-ACE,,
March,2015,APC-ANR,,
March,2015,APC-MGTC,,
March,2015,APC-NGPL,,
March,2015,APC-Nicor,,
March,2015,APC-VPC,,
March,2015,Arena WTX Pool,,
March,2015,Atmos Zone 3,,
March,2015,Banquete Hub,,
March,2015,Bay Gas Storage,,
March,2015,Bennington,,
March,2015,Beverly Salem,,
March,2015,Bluewater Hub,,
March,2015,Bobcat Inter,,
March,2015,Bobcat Stor,,
March,2015,Carthage,,
March,2015,CG-Mainline,2.83,-0.07
March,2015,CG-Onshore,2.85,-0.05
March,2015,Cheyenne,2.7,-0.2
March,2015,Chicago,3.67,0.77
March,2015,CIG-Mainline,2.61,-0.29
March,2015,CIG-Mainline Pool,,
March,2015,CIG-Mainline South,,
March,2015,Clarington,,
March,2015,Clarington-Tenn,,
March,2015,Consumers,3.65,0.75
March,2015,Cove Point,,
March,2015,Dracut,,
March,2015,Eastern Gas-North,,
March,2015,Eastern Gas-South,,
March,2015,Egan Inter,,
March,2015,Egan Stor,,
March,2015,EGT-Flex,,
March,2015,EGT-North,,
March,2015,EGT-Perryville Hub,2.74,-0.16
March,2015,EGT-South,,
March,2015,EGT-West,,
March,2015,Enable East Pool,,
March,2015,Enable West Pool ,,
March,2015,ENT-STX Map,,
March,2015,EP-Anadarko,,
March,2015,EP-Keystone,,
March,2015,EP-Plains Pool,,
March,2015,EP-S.Mainline,,
March,2015,EP-SJ Blanco Pool,2.63,-0.27
March,2015,EP-SJ Bondad Stn,,
March,2015,EP-Waha Pool,,
March,2015,ETC-Cleburne,,
March,2015,ETC-Maypearl,,
March,2015,ETC-Tiger Gas (receipt),,
March,2015,FGT-CG,,
March,2015,FGT-Z1,2.87,-0.03
March,2015,FGT-Z2,2.89,-0.01
March,2015,FGT-Z3,2.93,0.03
March,2015,GCX Waha Hub,,
March,2015,Gillis Hub,,
March,2015,GLGT-St.Clair,,
March,2015,Golden Triangle,,
March,2015,GTN-Kingsgate,,
March,2015,GTN-Malin,,
March,2015,GTN-Stanfield,,
March,2015,Guardian Hub,,
March,2015,Gulf S. Pool 16,,
March,2015,Gulf South - Perryville,,
March,2015,Henry,2.9,0.0
March,2015,HPL-ETX Pool,,
March,2015,HSC-HPL Pool,2.74,-0.16
March,2015,HSC-Kinder Morgan,,
March,2015,Iroquois (into),5.99,3.09
March,2015,Iroquois-Z1,,
March,2015,Iroquois-Z2,5.9,3.0
March,2015,Iroquois-Z2 Hunts Pt,,
March,2015,Jefferson Island,,
March,2015,Katy-Enstor Pool,2.79,-0.11
March,2015,Katy-Lonestar Inter,,
March,2015,Katy-Lonestar Intra,,
March,2015,Katy-Oasis,,
March,2015,KRGT-Del Pool,,
March,2015,KRGT-Rec Pool,,
March,2015,Lebanon,3.17,0.27
March,2015,Leidy,,
March,2015,Leidy-Transco,1.15,-1.75
March,2015,M&N US,,
March,2015,MEP-Lamar,,
March,2015,Michcon,3.47,0.57
March,2015,Midship (receipt),,
March,2015,Millennium,,
March,2015,Millennium East Pool,1.48,-1.42
March,2015,Millennium-Ramapo,,
March,2015,Moss Bluff Inter,,
March,2015,Moss Bluff Stor,,
March,2015,MS Hub,,
March,2015,NBPL-Bakken (receipt),,
March,2015,NBPL-Harper,,
March,2015,NBPL-Nicor,,
March,2015,NBPL-Vector,,
March,2015,NBPL-Ventura,3.38,0.48
March,2015,NBPL-Will County,,
March,2015,NGPL-AM Pool,,
March,2015,NGPL-AM Stor,,
March,2015,NGPL-GC Mainline,,
March,2015,NGPL-IA/IL AM Pool,,
March,2015,NGPL-IA/IL AM Stor,,
March,2015,NGPL-IA/IL GC Pool,,
March,2015,NGPL-IA/IL GC Stor,,
March,2015,NGPL-LA Pool,,
March,2015,NGPL-LA Stor,,
March,2015,NGPL-MidAm,,
March,2015,NGPL-Midcont Pool,2.66,-0.24
March,2015,NGPL-Midcont Stor,,
March,2015,NGPL-Nicor,,
March,2015,NGPL-Nipsco,,
March,2015,NGPL-STX,2.77,-0.13
March,2015,NGPL-TXOK East,2.79,-0.11
March,2015,NGPL-TXOK East Stor,2.79,-0.11
March,2015,NGPL-TXOK West,2.79,-0.11
March,2015,NNG-Demarc,3.19,0.29
March,2015,NNG-Mid 13-16A,,
March,2015,NNG-Mid 1-7,,
March,2015,NNG-Mid 8-12,,
March,2015,NNG-Ventura,3.38,0.48
March,2015,Nortex-Tolar Hub,,
March,2015,NWP-Rocky Mtn,2.62,-0.28
March,2015,NWP-Sumas,2.4,-0.5
March,2015,NWP-Wyoming,,
March,2015,Oasis - Waha Pool,,
March,2015,OGT,,
March,2015,ONEOK Westex,2.63,-0.27
March,2015,Opal,,
March,2015,Panhandle,2.62,-0.28
March,2015,PG&E-Citygate,3.18,0.28
March,2015,PG&E-Daggett,,
March,2015,PG&E-KRS,,
March,2015,PG&E-Topock,,
March,2015,PGLC,,
March,2015,Pine Prairie,,
March,2015,Pioneer,,
March,2015,PNGTS,,
March,2015,Questar-North,,
March,2015,Questar-South,,
March,2015,REX Cheyenne Comp Pool,,
March,2015,REX E-ANR,,
March,2015,REX E-MidW,,
March,2015,REX E-NGPL,,
March,2015,REX E-PEPL,,
March,2015,REX E-Trunk,,
March,2015,REX W-ANR,,
March,2015,REX W-NGPL,,
March,2015,REX W-NNG,,
March,2015,REX W-PEPL,,
March,2015,REX-Z3 (receipt) ,,
March,2015,REX-Z3 Del Pool,,
March,2015,Rover (receipt),,
March,2015,Rover-ANR,,
March,2015,Rover-PEPL,,
March,2015,Ruby-Onyx Hill,,
March,2015,Ruby-Rec Pool,,
March,2015,Ryckman Creek Stor,,
March,2015,Salt Plains Inter,,
March,2015,Salt Plains Stor,,
March,2015,Socal-Blythe,,
March,2015,Socal-Border,2.77,-0.13
March,2015,Socal-Citygate,2.92,0.02
March,2015,Socal-Ehrenberg,,
March,2015,Socal-Firm Stor,,
March,2015,Socal-IT Stor,,
March,2015,Socal-Kramer,,
March,2015,Socal-KRS,,
March,2015,Socal-Needles,,
March,2015,Socal-Storage,,
March,2015,Socal-Topock (EP),,
March,2015,Socal-Topock (TW),,
March,2015,Socal-WR,,
March,2015,Sonat-Z0 South,2.88,-0.02
March,2015,Sonat-Z1 North,,
March,2015,Southern Pines Hub,,
March,2015,Southern Star,2.59,-0.31
March,2015,Spectra - Hunt,,
March,2015,Stagecoach ,,
March,2015,Stingray,,
March,2015,TCO,2.82,-0.08
March,2015,TCO-A04 Pool,,
March,2015,TCO-A06 Pool,,
March,2015,TCO-A08 Pool,,
March,2015,TCO-Seg Pool,2.28,-0.62
March,2015,TETCO-ELA,2.84,-0.06
March,2015,TETCO-ETX,2.76,-0.14
March,2015,TETCO-M1 24,,
March,2015,TETCO-M1 30,2.8,-0.1
March,2015,TETCO-M2,,
March,2015,TETCO-M2 (receipt),2.18,-0.72
March,2015,TETCO-M3,3.65,0.75
March,2015,TETCO-Manhattan,,
March,2015,TETCO-STX,2.77,-0.13
March,2015,TETCO-WLA,2.82,-0.08
March,2015,TGP-500L,2.89,-0.01
March,2015,TGP-800L,2.85,-0.05
March,2015,TGP-Mahwah,,
March,2015,TGP-Niagara,3.3,0.4
March,2015,TGP-Z0 Border Pool,2.76,-0.14
March,2015,TGP-Z0 North,2.76,-0.14
March,2015,TGP-Z0 South,2.76,-0.14
March,2015,TGP-Z1 100L,,
March,2015,TGP-Z1 800L Pool,,
March,2015,TGP-Z1 Sta-87,,
March,2015,TGP-Z4 300L,1.1,-1.8
March,2015,TGP-Z4 Marcellus,1.1,-1.8
March,2015,TGP-Z4 Sta-219,,
March,2015,TGP-Z4 Sta-313,,
March,2015,TGP-Z5 200L,2.66,-0.24
March,2015,TGP-Z6 200L,9.89,6.99
March,2015,TGP-Z6 200L North,,
March,2015,TGP-Z6 200L South,,
March,2015,TGP-Z6 300L,,
March,2015,TGT-Mainline,2.85,-0.05
March,2015,TGT-North LA,,
March,2015,TGT-SL,2.87,-0.03
March,2015,Transco Zn3,2.88,-0.02
March,2015,Transco-165,,
March,2015,Transco-30,2.79,-0.11
March,2015,Transco-45,2.86,-0.04
March,2015,Transco-65,,
March,2015,Transco-85,2.89,-0.01
March,2015,Transco-River Road,,
March,2015,Transco-Z5,4.26,1.36
March,2015,Transco-Z5 North,,
March,2015,Transco-Z5 South,,
March,2015,Transco-Z6 (non-NY north ML),,
March,2015,Transco-Z6 (non-NY north),4.79,1.89
March,2015,Transco-Z6 (non-NY south),,
March,2015,Transco-Z6 (non-NY),4.74,1.84
March,2015,Transco-Z6 (NY),5.64,2.74
March,2015,Transco-Z6 Sta-210,,
March,2015,Tres Palacios (inj),,
March,2015,Tres Palacios (w/d),,
March,2015,Trunkline-ELA,2.87,-0.03
March,2015,Trunkline-WLA,2.87,-0.03
March,2015,Trunkline-Z1A,2.85,-0.05
March,2015,TW-Blanco,2.68,-0.22
March,2015,TW-Central,,
March,2015,TW-Panhandle,2.67,-0.23
March,2015,TW-WTX,,
March,2015,Union-Dawn,4.24,1.34
March,2015,Waha,2.71,-0.19
March,2015,White River Hub,,
March,2015,WIC,,
March,2015,0,,
March,2015,0,,
March,2015,0,,
March,2015,0,,
April,2015,AB Pool (inter),,
April,2015,AB Pool (intra),,
April,2015,AGT-CG,,
April,2015,AGT-CG (non-G),3.3,0.69
April,2015,Agua Dulce Hub,,
April,2015,ANR-Joliet Hub,,
April,2015,ANR-SE,,
April,2015,ANR-SE-T,2.52,-0.09
April,2015,ANR-SW,2.35,-0.26
April,2015,APC-ACE,,
April,2015,APC-ANR,,
April,2015,APC-MGTC,,
April,2015,APC-NGPL,,
April,2015,APC-Nicor,,
April,2015,APC-VPC,,
April,2015,Arena WTX Pool,,
April,2015,Atmos Zone 3,,
April,2015,Banquete Hub,,
April,2015,Bay Gas Storage,,
April,2015,Bennington,,
April,2015,Beverly Salem,,
April,2015,Bluewater Hub,,
April,2015,Bobcat Inter,,
April,2015,Bobcat Stor,,
April,2015,Carthage,,
April,2015,CG-Mainline,2.51,-0.1
April,2015,CG-Onshore,2.53,-0.08
April,2015,Cheyenne,2.37,-0.24
April,2015,Chicago,2.65,0.04
April,2015,CIG-Mainline,2.25,-0.36
April,2015,CIG-Mainline Pool,,
April,2015,CIG-Mainline South,,
April,2015,Clarington,,
April,2015,Clarington-Tenn,,
April,2015,Consumers,2.76,0.15
April,2015,Cove Point,,
April,2015,Dracut,,
April,2015,Eastern Gas-North,,
April,2015,Eastern Gas-South,,
April,2015,Egan Inter,,
April,2015,Egan Stor,,
April,2015,EGT-Flex,,
April,2015,EGT-North,,
April,2015,EGT-Perryville Hub,2.56,-0.05
April,2015,EGT-South,,
April,2015,EGT-West,,
April,2015,Enable East Pool,,
April,2015,Enable West Pool ,,
April,2015,ENT-STX Map,,
April,2015,EP-Anadarko,,
April,2015,EP-Keystone,,
April,2015,EP-Plains Pool,,
April,2015,EP-S.Mainline,,
April,2015,EP-SJ Blanco Pool,2.36,-0.25
April,2015,EP-SJ Bondad Stn,,
April,2015,EP-Waha Pool,,
April,2015,ETC-Cleburne,,
April,2015,ETC-Maypearl,,
April,2015,ETC-Tiger Gas (receipt),,
April,2015,FGT-CG,,
April,2015,FGT-Z1,2.58,-0.03
April,2015,FGT-Z2,2.61,0.0
April,2015,FGT-Z3,2.61,0.0
April,2015,GCX Waha Hub,,
April,2015,Gillis Hub,,
April,2015,GLGT-St.Clair,,
April,2015,Golden Triangle,,
April,2015,GTN-Kingsgate,,
April,2015,GTN-Malin,,
April,2015,GTN-Stanfield,,
April,2015,Guardian Hub,,
April,2015,Gulf S. Pool 16,,
April,2015,Gulf South - Perryville,,
April,2015,Henry,2.61,0.0
April,2015,HPL-ETX Pool,,
April,2015,HSC-HPL Pool,2.61,0.0
April,2015,HSC-Kinder Morgan,,
April,2015,Iroquois (into),2.89,0.28
April,2015,Iroquois-Z1,,
April,2015,Iroquois-Z2,3.04,0.43
April,2015,Iroquois-Z2 Hunts Pt,,
April,2015,Jefferson Island,,
April,2015,Katy-Enstor Pool,2.65,0.04
April,2015,Katy-Lonestar Inter,,
April,2015,Katy-Lonestar Intra,,
April,2015,Katy-Oasis,,
April,2015,KRGT-Del Pool,,
April,2015,KRGT-Rec Pool,,
April,2015,Lebanon,2.48,-0.13
April,2015,Leidy,,
April,2015,Leidy-Transco,1.11,-1.5
April,2015,M&N US,,
April,2015,MEP-Lamar,,
April,2015,Michcon,2.71,0.1
April,2015,Midship (receipt),,
April,2015,Millennium,,
April,2015,Millennium East Pool,1.24,-1.37
April,2015,Millennium-Ramapo,,
April,2015,Moss Bluff Inter,,
April,2015,Moss Bluff Stor,,
April,2015,MS Hub,,
April,2015,NBPL-Bakken (receipt),,
April,2015,NBPL-Harper,,
April,2015,NBPL-Nicor,,
April,2015,NBPL-Vector,,
April,2015,NBPL-Ventura,2.48,-0.13
April,2015,NBPL-Will County,,
April,2015,NGPL-AM Pool,,
April,2015,NGPL-AM Stor,,
April,2015,NGPL-GC Mainline,,
April,2015,NGPL-IA/IL AM Pool,,
April,2015,NGPL-IA/IL AM Stor,,
April,2015,NGPL-IA/IL GC Pool,,
April,2015,NGPL-IA/IL GC Stor,,
April,2015,NGPL-LA Pool,,
April,2015,NGPL-LA Stor,,
April,2015,NGPL-MidAm,,
April,2015,NGPL-Midcont Pool,2.39,-0.22
April,2015,NGPL-Midcont Stor,,
April,2015,NGPL-Nicor,,
April,2015,NGPL-Nipsco,,
April,2015,NGPL-STX,2.48,-0.13
April,2015,NGPL-TXOK East,2.52,-0.09
April,2015,NGPL-TXOK East Stor,2.52,-0.09
April,2015,NGPL-TXOK West,2.52,-0.09
April,2015,NNG-Demarc,2.56,-0.05
April,2015,NNG-Mid 13-16A,,
April,2015,NNG-Mid 1-7,,
April,2015,NNG-Mid 8-12,,
April,2015,NNG-Ventura,2.54,-0.07
April,2015,Nortex-Tolar Hub,,
April,2015,NWP-Rocky Mtn,2.3,-0.31
April,2015,NWP-Sumas,2.15,-0.46
April,2015,NWP-Wyoming,,
April,2015,Oasis - Waha Pool,,
April,2015,OGT,,
April,2015,ONEOK Westex,3.02,0.41
April,2015,Opal,,
April,2015,Panhandle,3.07,0.46
April,2015,PG&E-Citygate,3.48,0.87
April,2015,PG&E-Daggett,,
April,2015,PG&E-KRS,,
April,2015,PG&E-Topock,,
April,2015,PGLC,,
April,2015,Pine Prairie,,
April,2015,Pioneer,,
April,2015,PNGTS,,
April,2015,Questar-North,,
April,2015,Questar-South,,
April,2015,REX Cheyenne Comp Pool,,
April,2015,REX E-ANR,,
April,2015,REX E-MidW,,
April,2015,REX E-NGPL,,
April,2015,REX E-PEPL,,
April,2015,REX E-Trunk,,
April,2015,REX W-ANR,,
April,2015,REX W-NGPL,,
April,2015,REX W-NNG,,
April,2015,REX W-PEPL,,
April,2015,REX-Z3 (receipt) ,,
April,2015,REX-Z3 Del Pool,,
April,2015,Rover (receipt),,
April,2015,Rover-ANR,,
April,2015,Rover-PEPL,,
April,2015,Ruby-Onyx Hill,,
April,2015,Ruby-Rec Pool,,
April,2015,Ryckman Creek Stor,,
April,2015,Salt Plains Inter,,
April,2015,Salt Plains Stor,,
April,2015,Socal-Blythe,,
April,2015,Socal-Border,3.27,0.66
April,2015,Socal-Citygate,3.34,0.73
April,2015,Socal-Ehrenberg,,
April,2015,Socal-Firm Stor,,
April,2015,Socal-IT Stor,,
April,2015,Socal-Kramer,,
April,2015,Socal-KRS,,
April,2015,Socal-Needles,,
April,2015,Socal-Storage,,
April,2015,Socal-Topock (EP),,
April,2015,Socal-Topock (TW),,
April,2015,Socal-WR,,
April,2015,Sonat-Z0 South,3.17,0.56
April,2015,Sonat-Z1 North,,
April,2015,Southern Pines Hub,,
April,2015,Southern Star,3.06,0.45
April,2015,Spectra - Hunt,,
April,2015,Stagecoach ,,
April,2015,Stingray,,
April,2015,TCO,3.1,0.49
April,2015,TCO-A04 Pool,,
April,2015,TCO-A06 Pool,,
April,2015,TCO-A08 Pool,,
April,2015,TCO-Seg Pool,2.5,-0.11
April,2015,TETCO-ELA,3.15,0.54
April,2015,TETCO-ETX,3.04,0.43
April,2015,TETCO-M1 24,,
April,2015,TETCO-M1 30,3.1,0.49
April,2015,TETCO-M2,,
April,2015,TETCO-M2 (receipt),2.06,-0.55
April,2015,TETCO-M3,4.47,1.86
April,2015,TETCO-Manhattan,,
April,2015,TETCO-STX,3.08,0.47
April,2015,TETCO-WLA,3.18,0.57
April,2015,TGP-500L,3.17,0.56
April,2015,TGP-800L,3.12,0.51
April,2015,TGP-Mahwah,,
April,2015,TGP-Niagara,2.73,0.12
April,2015,TGP-Z0 Border Pool,2.46,-0.15
April,2015,TGP-Z0 North,2.46,-0.15
April,2015,TGP-Z0 South,2.46,-0.15
April,2015,TGP-Z1 100L,,
April,2015,TGP-Z1 800L Pool,,
April,2015,TGP-Z1 Sta-87,,
April,2015,TGP-Z4 300L,1.07,-1.54
April,2015,TGP-Z4 Marcellus,1.07,-1.54
April,2015,TGP-Z4 Sta-219,,
April,2015,TGP-Z4 Sta-313,,
April,2015,TGP-Z5 200L,1.72,-0.89
April,2015,TGP-Z6 200L,3.29,0.68
April,2015,TGP-Z6 200L North,,
April,2015,TGP-Z6 200L South,,
April,2015,TGP-Z6 300L,,
April,2015,TGT-Mainline,2.5,-0.11
April,2015,TGT-North LA,,
April,2015,TGT-SL,2.51,-0.1
April,2015,Transco Zn3,2.57,-0.04
April,2015,Transco-165,,
April,2015,Transco-30,2.49,-0.12
April,2015,Transco-45,2.55,-0.06
April,2015,Transco-65,,
April,2015,Transco-85,2.56,-0.05
April,2015,Transco-River Road,,
April,2015,Transco-Z5,2.6,-0.01
April,2015,Transco-Z5 North,,
April,2015,Transco-Z5 South,,
April,2015,Transco-Z6 (non-NY north ML),,
April,2015,Transco-Z6 (non-NY north),2.42,-0.19
April,2015,Transco-Z6 (non-NY south),,
April,2015,Transco-Z6 (non-NY),2.42,-0.19
April,2015,Transco-Z6 (NY),2.41,-0.2
April,2015,Transco-Z6 Sta-210,,
April,2015,Tres Palacios (inj),,
April,2015,Tres Palacios (w/d),,
April,2015,Trunkline-ELA,2.53,-0.08
April,2015,Trunkline-WLA,2.53,-0.08
April,2015,Trunkline-Z1A,2.5,-0.11
April,2015,TW-Blanco,2.33,-0.28
April,2015,TW-Central,,
April,2015,TW-Panhandle,2.37,-0.24
April,2015,TW-WTX,,
April,2015,Union-Dawn,2.78,0.17
April,2015,Waha,2.49,-0.12
April,2015,White River Hub,,
April,2015,WIC,,
April,2015,0,,
April,2015,0,,
April,2015,0,,
April,2015,0,,
May,2015,AB Pool (inter),,
May,2015,AB Pool (intra),,
May,2015,AGT-CG,,
May,2015,AGT-CG (non-G),2.33,-0.2
May,2015,Agua Dulce Hub,,
May,2015,ANR-Joliet Hub,,
May,2015,ANR-SE,,
May,2015,ANR-SE-T,2.45,-0.08
May,2015,ANR-SW,2.27,-0.26
May,2015,APC-ACE,,
May,2015,APC-ANR,,
May,2015,APC-MGTC,,
May,2015,APC-NGPL,,
May,2015,APC-Nicor,,
May,2015,APC-VPC,,
May,2015,Arena WTX Pool,,
May,2015,Atmos Zone 3,,
May,2015,Banquete Hub,,
May,2015,Bay Gas Storage,,
May,2015,Bennington,,
May,2015,Beverly Salem,,
May,2015,Bluewater Hub,,
May,2015,Bobcat Inter,,
May,2015,Bobcat Stor,,
May,2015,Carthage,,
May,2015,CG-Mainline,2.44,-0.09
May,2015,CG-Onshore,2.45,-0.08
May,2015,Cheyenne,2.23,-0.3
May,2015,Chicago,2.52,-0.01
May,2015,CIG-Mainline,2.2,-0.33
May,2015,CIG-Mainline Pool,,
May,2015,CIG-Mainline South,,
May,2015,Clarington,,
May,2015,Clarington-Tenn,,
May,2015,Consumers,2.74,0.21
May,2015,Cove Point,,
May,2015,Dracut,,
May,2015,Eastern Gas-North,,
May,2015,Eastern Gas-South,,
May,2015,Egan Inter,,
May,2015,Egan Stor,,
May,2015,EGT-Flex,,
May,2015,EGT-North,,
May,2015,EGT-Perryville Hub,2.39,-0.14
May,2015,EGT-South,,
May,2015,EGT-West,,
May,2015,Enable East Pool,,
May,2015,Enable West Pool ,,
May,2015,ENT-STX Map,,
May,2015,EP-Anadarko,,
May,2015,EP-Keystone,,
May,2015,EP-Plains Pool,,
May,2015,EP-S.Mainline,,
May,2015,EP-SJ Blanco Pool,2.27,-0.26
May,2015,EP-SJ Bondad Stn,,
May,2015,EP-Waha Pool,,
May,2015,ETC-Cleburne,,
May,2015,ETC-Maypearl,,
May,2015,ETC-Tiger Gas (receipt),,
May,2015,FGT-CG,,
May,2015,FGT-Z1,2.5,-0.03
May,2015,FGT-Z2,2.51,-0.02
May,2015,FGT-Z3,2.56,0.03
May,2015,GCX Waha Hub,,
May,2015,Gillis Hub,,
May,2015,GLGT-St.Clair,,
May,2015,Golden Triangle,,
May,2015,GTN-Kingsgate,,
May,2015,GTN-Malin,,
May,2015,GTN-Stanfield,,
May,2015,Guardian Hub,,
May,2015,Gulf S. Pool 16,,
May,2015,Gulf South - Perryville,,
May,2015,Henry,2.53,0.0
May,2015,HPL-ETX Pool,,
May,2015,HSC-HPL Pool,2.49,-0.04
May,2015,HSC-Kinder Morgan,,
May,2015,Iroquois (into),2.71,0.18
May,2015,Iroquois-Z1,,
May,2015,Iroquois-Z2,2.63,0.1
May,2015,Iroquois-Z2 Hunts Pt,,
May,2015,Jefferson Island,,
May,2015,Katy-Enstor Pool,2.46,-0.07
May,2015,Katy-Lonestar Inter,,
May,2015,Katy-Lonestar Intra,,
May,2015,Katy-Oasis,,
May,2015,KRGT-Del Pool,,
May,2015,KRGT-Rec Pool,,
May,2015,Lebanon,2.45,-0.08
May,2015,Leidy,,
May,2015,Leidy-Transco,1.03,-1.5
May,2015,M&N US,,
May,2015,MEP-Lamar,,
May,2015,Michcon,2.73,0.2
May,2015,Midship (receipt),,
May,2015,Millennium,,
May,2015,Millennium East Pool,1.31,-1.22
May,2015,Millennium-Ramapo,,
May,2015,Moss Bluff Inter,,
May,2015,Moss Bluff Stor,,
May,2015,MS Hub,,
May,2015,NBPL-Bakken (receipt),,
May,2015,NBPL-Harper,,
May,2015,NBPL-Nicor,,
May,2015,NBPL-Vector,,
May,2015,NBPL-Ventura,2.41,-0.12
May,2015,NBPL-Will County,,
May,2015,NGPL-AM Pool,,
May,2015,NGPL-AM Stor,,
May,2015,NGPL-GC Mainline,,
May,2015,NGPL-IA/IL AM Pool,,
May,2015,NGPL-IA/IL AM Stor,,
May,2015,NGPL-IA/IL GC Pool,,
May,2015,NGPL-IA/IL GC Stor,,
May,2015,NGPL-LA Pool,,
May,2015,NGPL-LA Stor,,
May,2015,NGPL-MidAm,,
May,2015,NGPL-Midcont Pool,2.29,-0.24
May,2015,NGPL-Midcont Stor,,
May,2015,NGPL-Nicor,,
May,2015,NGPL-Nipsco,,
May,2015,NGPL-STX,2.43,-0.1
May,2015,NGPL-TXOK East,2.43,-0.1
May,2015,NGPL-TXOK East Stor,2.43,-0.1
May,2015,NGPL-TXOK West,2.43,-0.1
May,2015,NNG-Demarc,2.41,-0.12
May,2015,NNG-Mid 13-16A,,
May,2015,NNG-Mid 1-7,,
May,2015,NNG-Mid 8-12,,
May,2015,NNG-Ventura,2.41,-0.12
May,2015,Nortex-Tolar Hub,,
May,2015,NWP-Rocky Mtn,2.24,-0.29
May,2015,NWP-Sumas,2.13,-0.4
May,2015,NWP-Wyoming,,
May,2015,Oasis - Waha Pool,,
May,2015,OGT,,
May,2015,ONEOK Westex,2.24,-0.29
May,2015,Opal,,
May,2015,Panhandle,2.19,-0.34
May,2015,PG&E-Citygate,2.89,0.36
May,2015,PG&E-Daggett,,
May,2015,PG&E-KRS,,
May,2015,PG&E-Topock,,
May,2015,PGLC,,
May,2015,Pine Prairie,,
May,2015,Pioneer,,
May,2015,PNGTS,,
May,2015,Questar-North,,
May,2015,Questar-South,,
May,2015,REX Cheyenne Comp Pool,,
May,2015,REX E-ANR,,
May,2015,REX E-MidW,,
May,2015,REX E-NGPL,,
May,2015,REX E-PEPL,,
May,2015,REX E-Trunk,,
May,2015,REX W-ANR,,
May,2015,REX W-NGPL,,
May,2015,REX W-NNG,,
May,2015,REX W-PEPL,,
May,2015,REX-Z3 (receipt) ,,
May,2015,REX-Z3 Del Pool,,
May,2015,Rover (receipt),,
May,2015,Rover-ANR,,
May,2015,Rover-PEPL,,
May,2015,Ruby-Onyx Hill,,
May,2015,Ruby-Rec Pool,,
May,2015,Ryckman Creek Stor,,
May,2015,Salt Plains Inter,,
May,2015,Salt Plains Stor,,
May,2015,Socal-Blythe,,
May,2015,Socal-Border,2.41,-0.12
May,2015,Socal-Citygate,2.57,0.04
May,2015,Socal-Ehrenberg,,
May,2015,Socal-Firm Stor,,
May,2015,Socal-IT Stor,,
May,2015,Socal-Kramer,,
May,2015,Socal-KRS,,
May,2015,Socal-Needles,,
May,2015,Socal-Storage,,
May,2015,Socal-Topock (EP),,
May,2015,Socal-Topock (TW),,
May,2015,Socal-WR,,
May,2015,Sonat-Z0 South,2.49,-0.04
May,2015,Sonat-Z1 North,,
May,2015,Southern Pines Hub,,
May,2015,Southern Star,2.24,-0.29
May,2015,Spectra - Hunt,,
May,2015,Stagecoach ,,
May,2015,Stingray,,
May,2015,TCO,2.42,-0.11
May,2015,TCO-A04 Pool,,
May,2015,TCO-A06 Pool,,
May,2015,TCO-A08 Pool,,
May,2015,TCO-Seg Pool,1.42,-1.11
May,2015,TETCO-ELA,2.42,-0.11
May,2015,TETCO-ETX,2.39,-0.14
May,2015,TETCO-M1 24,,
May,2015,TETCO-M1 30,2.38,-0.15
May,2015,TETCO-M2,,
May,2015,TETCO-M2 (receipt),1.37,-1.16
May,2015,TETCO-M3,1.49,-1.04
May,2015,TETCO-Manhattan,,
May,2015,TETCO-STX,2.44,-0.09
May,2015,TETCO-WLA,2.45,-0.08
May,2015,TGP-500L,2.49,-0.04
May,2015,TGP-800L,2.45,-0.08
May,2015,TGP-Mahwah,,
May,2015,TGP-Niagara,1.57,-0.96
May,2015,TGP-Z0 Border Pool,2.41,-0.12
May,2015,TGP-Z0 North,2.41,-0.12
May,2015,TGP-Z0 South,2.41,-0.12
May,2015,TGP-Z1 100L,,
May,2015,TGP-Z1 800L Pool,,
May,2015,TGP-Z1 Sta-87,,
May,2015,TGP-Z4 300L,0.96,-1.57
May,2015,TGP-Z4 Marcellus,0.96,-1.57
May,2015,TGP-Z4 Sta-219,,
May,2015,TGP-Z4 Sta-313,,
May,2015,TGP-Z5 200L,1.51,-1.02
May,2015,TGP-Z6 200L,2.45,-0.08
May,2015,TGP-Z6 200L North,,
May,2015,TGP-Z6 200L South,,
May,2015,TGP-Z6 300L,,
May,2015,TGT-Mainline,2.43,-0.1
May,2015,TGT-North LA,,
May,2015,TGT-SL,2.44,-0.09
May,2015,Transco Zn3,2.49,-0.04
May,2015,Transco-165,,
May,2015,Transco-30,2.43,-0.1
May,2015,Transco-45,2.49,-0.04
May,2015,Transco-65,,
May,2015,Transco-85,2.5,-0.03
May,2015,Transco-River Road,,
May,2015,Transco-Z5,2.56,0.03
May,2015,Transco-Z5 North,,
May,2015,Transco-Z5 South,,
May,2015,Transco-Z6 (non-NY north ML),,
May,2015,Transco-Z6 (non-NY north),2.38,-0.15
May,2015,Transco-Z6 (non-NY south),,
May,2015,Transco-Z6 (non-NY),2.38,-0.15
May,2015,Transco-Z6 (NY),2.35,-0.18
May,2015,Transco-Z6 Sta-210,,
May,2015,Tres Palacios (inj),,
May,2015,Tres Palacios (w/d),,
May,2015,Trunkline-ELA,2.5,-0.03
May,2015,Trunkline-WLA,2.5,-0.03
May,2015,Trunkline-Z1A,2.44,-0.09
May,2015,TW-Blanco,2.26,-0.27
May,2015,TW-Central,,
May,2015,TW-Panhandle,2.24,-0.29
May,2015,TW-WTX,,
May,2015,Union-Dawn,2.77,0.24
May,2015,Waha,2.34,-0.19
May,2015,White River Hub,,
May,2015,WIC,,
May,2015,0,,
May,2015,0,,
May,2015,0,,
May,2015,0,,
June,2015,AB Pool (inter),,
June,2015,AB Pool (intra),,
June,2015,AGT-CG,,
June,2015,AGT-CG (non-G),2.26,-0.56
June,2015,Agua Dulce Hub,,
June,2015,ANR-Joliet Hub,,
June,2015,ANR-SE,,
June,2015,ANR-SE-T,2.77,-0.05
June,2015,ANR-SW,2.57,-0.25
June,2015,APC-ACE,,
June,2015,APC-ANR,,
June,2015,APC-MGTC,,
June,2015,APC-NGPL,,
June,2015,APC-Nicor,,
June,2015,APC-VPC,,
June,2015,Arena WTX Pool,,
June,2015,Atmos Zone 3,,
June,2015,Banquete Hub,,
June,2015,Bay Gas Storage,,
June,2015,Bennington,,
June,2015,Beverly Salem,,
June,2015,Bluewater Hub,,
June,2015,Bobcat Inter,,
June,2015,Bobcat Stor,,
June,2015,Carthage,,
June,2015,CG-Mainline,2.72,-0.1
June,2015,CG-Onshore,2.77,-0.05
June,2015,Cheyenne,2.63,-0.19
June,2015,Chicago,2.86,0.04
June,2015,CIG-Mainline,2.54,-0.28
June,2015,CIG-Mainline Pool,,
June,2015,CIG-Mainline South,,
June,2015,Clarington,,
June,2015,Clarington-Tenn,,
June,2015,Consumers,2.95,0.13
June,2015,Cove Point,,
June,2015,Dracut,,
June,2015,Eastern Gas-North,,
June,2015,Eastern Gas-South,,
June,2015,Egan Inter,,
June,2015,Egan Stor,,
June,2015,EGT-Flex,,
June,2015,EGT-North,,
June,2015,EGT-Perryville Hub,2.68,-0.14
June,2015,EGT-South,,
June,2015,EGT-West,,
June,2015,Enable East Pool,,
June,2015,Enable West Pool ,,
June,2015,ENT-STX Map,,
June,2015,EP-Anadarko,,
June,2015,EP-Keystone,,
June,2015,EP-Plains Pool,,
June,2015,EP-S.Mainline,,
June,2015,EP-SJ Blanco Pool,2.59,-0.23
June,2015,EP-SJ Bondad Stn,,
June,2015,EP-Waha Pool,,
June,2015,ETC-Cleburne,,
June,2015,ETC-Maypearl,,
June,2015,ETC-Tiger Gas (receipt),,
June,2015,FGT-CG,,
June,2015,FGT-Z1,2.8,-0.02
June,2015,FGT-Z2,2.81,-0.01
June,2015,FGT-Z3,2.85,0.03
June,2015,GCX Waha Hub,,
June,2015,Gillis Hub,,
June,2015,GLGT-St.Clair,,
June,2015,Golden Triangle,,
June,2015,GTN-Kingsgate,,
June,2015,GTN-Malin,,
June,2015,GTN-Stanfield,,
June,2015,Guardian Hub,,
June,2015,Gulf S. Pool 16,,
June,2015,Gulf South - Perryville,,
June,2015,Henry,2.82,0.0
June,2015,HPL-ETX Pool,,
June,2015,HSC-HPL Pool,2.79,-0.03
June,2015,HSC-Kinder Morgan,,
June,2015,Iroquois (into),2.89,0.07
June,2015,Iroquois-Z1,,
June,2015,Iroquois-Z2,2.86,0.04
June,2015,Iroquois-Z2 Hunts Pt,,
June,2015,Jefferson Island,,
June,2015,Katy-Enstor Pool,2.81,-0.01
June,2015,Katy-Lonestar Inter,,
June,2015,Katy-Lonestar Intra,,
June,2015,Katy-Oasis,,
June,2015,KRGT-Del Pool,,
June,2015,KRGT-Rec Pool,,
June,2015,Lebanon,2.75,-0.07
June,2015,Leidy,,
June,2015,Leidy-Transco,1.28,-1.54
June,2015,M&N US,,
June,2015,MEP-Lamar,,
June,2015,Michcon,2.91,0.09
June,2015,Midship (receipt),,
June,2015,Millennium,,
June,2015,Millennium East Pool,1.29,-1.53
June,2015,Millennium-Ramapo,,
June,2015,Moss Bluff Inter,,
June,2015,Moss Bluff Stor,,
June,2015,MS Hub,,
June,2015,NBPL-Bakken (receipt),,
June,2015,NBPL-Harper,,
June,2015,NBPL-Nicor,,
June,2015,NBPL-Vector,,
June,2015,NBPL-Ventura,2.7,-0.12
June,2015,NBPL-Will County,,
June,2015,NGPL-AM Pool,,
June,2015,NGPL-AM Stor,,
June,2015,NGPL-GC Mainline,,
June,2015,NGPL-IA/IL AM Pool,,
June,2015,NGPL-IA/IL AM Stor,,
June,2015,NGPL-IA/IL GC Pool,,
June,2015,NGPL-IA/IL GC Stor,,
June,2015,NGPL-LA Pool,,
June,2015,NGPL-LA Stor,,
June,2015,NGPL-MidAm,,
June,2015,NGPL-Midcont Pool,2.66,-0.16
June,2015,NGPL-Midcont Stor,,
June,2015,NGPL-Nicor,,
June,2015,NGPL-Nipsco,,
June,2015,NGPL-STX,2.72,-0.1
June,2015,NGPL-TXOK East,2.73,-0.09
June,2015,NGPL-TXOK East Stor,2.73,-0.09
June,2015,NGPL-TXOK West,2.73,-0.09
June,2015,NNG-Demarc,2.78,-0.04
June,2015,NNG-Mid 13-16A,,
June,2015,NNG-Mid 1-7,,
June,2015,NNG-Mid 8-12,,
June,2015,NNG-Ventura,2.7,-0.12
June,2015,Nortex-Tolar Hub,,
June,2015,NWP-Rocky Mtn,2.6,-0.22
June,2015,NWP-Sumas,2.48,-0.34
June,2015,NWP-Wyoming,,
June,2015,Oasis - Waha Pool,,
June,2015,OGT,,
June,2015,ONEOK Westex,2.61,-0.21
June,2015,Opal,,
June,2015,Panhandle,2.55,-0.27
June,2015,PG&E-Citygate,3.22,0.4
June,2015,PG&E-Daggett,,
June,2015,PG&E-KRS,,
June,2015,PG&E-Topock,,
June,2015,PGLC,,
June,2015,Pine Prairie,,
June,2015,Pioneer,,
June,2015,PNGTS,,
June,2015,Questar-North,,
June,2015,Questar-South,,
June,2015,REX Cheyenne Comp Pool,,
June,2015,REX E-ANR,,
June,2015,REX E-MidW,,
June,2015,REX E-NGPL,,
June,2015,REX E-PEPL,,
June,2015,REX E-Trunk,,
June,2015,REX W-ANR,,
June,2015,REX W-NGPL,,
June,2015,REX W-NNG,,
June,2015,REX W-PEPL,,
June,2015,REX-Z3 (receipt) ,,
June,2015,REX-Z3 Del Pool,,
June,2015,Rover (receipt),,
June,2015,Rover-ANR,,
June,2015,Rover-PEPL,,
June,2015,Ruby-Onyx Hill,,
June,2015,Ruby-Rec Pool,,
June,2015,Ryckman Creek Stor,,
June,2015,Salt Plains Inter,,
June,2015,Salt Plains Stor,,
June,2015,Socal-Blythe,,
June,2015,Socal-Border,2.74,-0.08
June,2015,Socal-Citygate,2.94,0.12
June,2015,Socal-Ehrenberg,,
June,2015,Socal-Firm Stor,,
June,2015,Socal-IT Stor,,
June,2015,Socal-Kramer,,
June,2015,Socal-KRS,,
June,2015,Socal-Needles,,
June,2015,Socal-Storage,,
June,2015,Socal-Topock (EP),,
June,2015,Socal-Topock (TW),,
June,2015,Socal-WR,,
June,2015,Sonat-Z0 South,2.79,-0.03
June,2015,Sonat-Z1 North,,
June,2015,Southern Pines Hub,,
June,2015,Southern Star,2.56,-0.26
June,2015,Spectra - Hunt,,
June,2015,Stagecoach ,,
June,2015,Stingray,,
June,2015,TCO,2.74,-0.08
June,2015,TCO-A04 Pool,,
June,2015,TCO-A06 Pool,,
June,2015,TCO-A08 Pool,,
June,2015,TCO-Seg Pool,1.41,-1.41
June,2015,TETCO-ELA,2.74,-0.08
June,2015,TETCO-ETX,2.71,-0.11
June,2015,TETCO-M1 24,,
June,2015,TETCO-M1 30,2.74,-0.08
June,2015,TETCO-M2,,
June,2015,TETCO-M2 (receipt),1.39,-1.43
June,2015,TETCO-M3,1.53,-1.29
June,2015,TETCO-Manhattan,,
June,2015,TETCO-STX,2.74,-0.08
June,2015,TETCO-WLA,2.76,-0.06
June,2015,TGP-500L,2.79,-0.03
June,2015,TGP-800L,2.76,-0.06
June,2015,TGP-Mahwah,,
June,2015,TGP-Niagara,1.74,-1.08
June,2015,TGP-Z0 Border Pool,2.72,-0.1
June,2015,TGP-Z0 North,2.72,-0.1
June,2015,TGP-Z0 South,2.72,-0.1
June,2015,TGP-Z1 100L,,
June,2015,TGP-Z1 800L Pool,,
June,2015,TGP-Z1 Sta-87,,
June,2015,TGP-Z4 300L,1.19,-1.63
June,2015,TGP-Z4 Marcellus,1.19,-1.63
June,2015,TGP-Z4 Sta-219,,
June,2015,TGP-Z4 Sta-313,,
June,2015,TGP-Z5 200L,1.59,-1.23
June,2015,TGP-Z6 200L,2.39,-0.43
June,2015,TGP-Z6 200L North,,
June,2015,TGP-Z6 200L South,,
June,2015,TGP-Z6 300L,,
June,2015,TGT-Mainline,2.73,-0.09
June,2015,TGT-North LA,,
June,2015,TGT-SL,2.76,-0.06
June,2015,Transco Zn3,2.8,-0.02
June,2015,Transco-165,,
June,2015,Transco-30,2.74,-0.08
June,2015,Transco-45,2.8,-0.02
June,2015,Transco-65,,
June,2015,Transco-85,2.8,-0.02
June,2015,Transco-River Road,,
June,2015,Transco-Z5,2.87,0.05
June,2015,Transco-Z5 North,,
June,2015,Transco-Z5 South,,
June,2015,Transco-Z6 (non-NY north ML),,
June,2015,Transco-Z6 (non-NY north),2.52,-0.3
June,2015,Transco-Z6 (non-NY south),,
June,2015,Transco-Z6 (non-NY),2.52,-0.3
June,2015,Transco-Z6 (NY),2.47,-0.35
June,2015,Transco-Z6 Sta-210,,
June,2015,Tres Palacios (inj),,
June,2015,Tres Palacios (w/d),,
June,2015,Trunkline-ELA,2.81,-0.01
June,2015,Trunkline-WLA,2.81,-0.01
June,2015,Trunkline-Z1A,2.74,-0.08
June,2015,TW-Blanco,2.64,-0.18
June,2015,TW-Central,,
June,2015,TW-Panhandle,2.58,-0.24
June,2015,TW-WTX,,
June,2015,Union-Dawn,2.94,0.12
June,2015,Waha,2.65,-0.17
June,2015,White River Hub,,
June,2015,WIC,,
June,2015,0,,
June,2015,0,,
June,2015,0,,
June,2015,0,,
July,2015,AB Pool (inter),,
July,2015,AB Pool (intra),,
July,2015,AGT-CG,,
July,2015,AGT-CG (non-G),1.93,-0.84
July,2015,Agua Dulce Hub,,
July,2015,ANR-Joliet Hub,,
July,2015,ANR-SE,,
July,2015,ANR-SE-T,2.72,-0.05
July,2015,ANR-SW,2.53,-0.24
July,2015,APC-ACE,,
July,2015,APC-ANR,,
July,2015,APC-MGTC,,
July,2015,APC-NGPL,,
July,2015,APC-Nicor,,
July,2015,APC-VPC,,
July,2015,Arena WTX Pool,,
July,2015,Atmos Zone 3,,
July,2015,Banquete Hub,,
July,2015,Bay Gas Storage,,
July,2015,Bennington,,
July,2015,Beverly Salem,,
July,2015,Bluewater Hub,,
July,2015,Bobcat Inter,,
July,2015,Bobcat Stor,,
July,2015,Carthage,,
July,2015,CG-Mainline,2.71,-0.06
July,2015,CG-Onshore,2.74,-0.03
July,2015,Cheyenne,2.61,-0.16
July,2015,Chicago,2.82,0.05
July,2015,CIG-Mainline,2.56,-0.21
July,2015,CIG-Mainline Pool,,
July,2015,CIG-Mainline South,,
July,2015,Clarington,,
July,2015,Clarington-Tenn,,
July,2015,Consumers,2.85,0.08
July,2015,Cove Point,,
July,2015,Dracut,,
July,2015,Eastern Gas-North,,
July,2015,Eastern Gas-South,,
July,2015,Egan Inter,,
July,2015,Egan Stor,,
July,2015,EGT-Flex,,
July,2015,EGT-North,,
July,2015,EGT-Perryville Hub,2.68,-0.09
July,2015,EGT-South,,
July,2015,EGT-West,,
July,2015,Enable East Pool,,
July,2015,Enable West Pool ,,
July,2015,ENT-STX Map,,
July,2015,EP-Anadarko,,
July,2015,EP-Keystone,,
July,2015,EP-Plains Pool,,
July,2015,EP-S.Mainline,,
July,2015,EP-SJ Blanco Pool,2.65,-0.12
July,2015,EP-SJ Bondad Stn,,
July,2015,EP-Waha Pool,,
July,2015,ETC-Cleburne,,
July,2015,ETC-Maypearl,,
July,2015,ETC-Tiger Gas (receipt),,
July,2015,FGT-CG,,
July,2015,FGT-Z1,2.75,-0.02
July,2015,FGT-Z2,2.77,0.0
July,2015,FGT-Z3,2.84,0.07
July,2015,GCX Waha Hub,,
July,2015,Gillis Hub,,
July,2015,GLGT-St.Clair,,
July,2015,Golden Triangle,,
July,2015,GTN-Kingsgate,,
July,2015,GTN-Malin,,
July,2015,GTN-Stanfield,,
July,2015,Guardian Hub,,
July,2015,Gulf S. Pool 16,,
July,2015,Gulf South - Perryville,,
July,2015,Henry,2.77,0.0
July,2015,HPL-ETX Pool,,
July,2015,HSC-HPL Pool,2.78,0.01
July,2015,HSC-Kinder Morgan,,
July,2015,Iroquois (into),2.68,-0.09
July,2015,Iroquois-Z1,,
July,2015,Iroquois-Z2,2.64,-0.13
July,2015,Iroquois-Z2 Hunts Pt,,
July,2015,Jefferson Island,,
July,2015,Katy-Enstor Pool,2.79,0.02
July,2015,Katy-Lonestar Inter,,
July,2015,Katy-Lonestar Intra,,
July,2015,Katy-Oasis,,
July,2015,KRGT-Del Pool,,
July,2015,KRGT-Rec Pool,,
July,2015,Lebanon,2.73,-0.04
July,2015,Leidy,,
July,2015,Leidy-Transco,1.21,-1.56
July,2015,M&N US,,
July,2015,MEP-Lamar,,
July,2015,Michcon,2.85,0.08
July,2015,Midship (receipt),,
July,2015,Millennium,,
July,2015,Millennium East Pool,1.18,-1.59
July,2015,Millennium-Ramapo,,
July,2015,Moss Bluff Inter,,
July,2015,Moss Bluff Stor,,
July,2015,MS Hub,,
July,2015,NBPL-Bakken (receipt),,
July,2015,NBPL-Harper,,
July,2015,NBPL-Nicor,,
July,2015,NBPL-Vector,,
July,2015,NBPL-Ventura,2.71,-0.06
July,2015,NBPL-Will County,,
July,2015,NGPL-AM Pool,,
July,2015,NGPL-AM Stor,,
July,2015,NGPL-GC Mainline,,
July,2015,NGPL-IA/IL AM Pool,,
July,2015,NGPL-IA/IL AM Stor,,
July,2015,NGPL-IA/IL GC Pool,,
July,2015,NGPL-IA/IL GC Stor,,
July,2015,NGPL-LA Pool,,
July,2015,NGPL-LA Stor,,
July,2015,NGPL-MidAm,,
July,2015,NGPL-Midcont Pool,2.66,-0.11
July,2015,NGPL-Midcont Stor,,
July,2015,NGPL-Nicor,,
July,2015,NGPL-Nipsco,,
July,2015,NGPL-STX,2.68,-0.09
July,2015,NGPL-TXOK East,2.69,-0.08
July,2015,NGPL-TXOK East Stor,2.69,-0.08
July,2015,NGPL-TXOK West,2.69,-0.08
July,2015,NNG-Demarc,2.67,-0.1
July,2015,NNG-Mid 13-16A,,
July,2015,NNG-Mid 1-7,,
July,2015,NNG-Mid 8-12,,
July,2015,NNG-Ventura,2.68,-0.09
July,2015,Nortex-Tolar Hub,,
July,2015,NWP-Rocky Mtn,2.62,-0.15
July,2015,NWP-Sumas,2.21,-0.56
July,2015,NWP-Wyoming,,
July,2015,Oasis - Waha Pool,,
July,2015,OGT,,
July,2015,ONEOK Westex,2.57,-0.2
July,2015,Opal,,
July,2015,Panhandle,2.55,-0.22
July,2015,PG&E-Citygate,3.15,0.38
July,2015,PG&E-Daggett,,
July,2015,PG&E-KRS,,
July,2015,PG&E-Topock,,
July,2015,PGLC,,
July,2015,Pine Prairie,,
July,2015,Pioneer,,
July,2015,PNGTS,,
July,2015,Questar-North,,
July,2015,Questar-South,,
July,2015,REX Cheyenne Comp Pool,,
July,2015,REX E-ANR,,
July,2015,REX E-MidW,,
July,2015,REX E-NGPL,,
July,2015,REX E-PEPL,,
July,2015,REX E-Trunk,,
July,2015,REX W-ANR,,
July,2015,REX W-NGPL,,
July,2015,REX W-NNG,,
July,2015,REX W-PEPL,,
July,2015,REX-Z3 (receipt) ,,
July,2015,REX-Z3 Del Pool,,
July,2015,Rover (receipt),,
July,2015,Rover-ANR,,
July,2015,Rover-PEPL,,
July,2015,Ruby-Onyx Hill,,
July,2015,Ruby-Rec Pool,,
July,2015,Ryckman Creek Stor,,
July,2015,Salt Plains Inter,,
July,2015,Salt Plains Stor,,
July,2015,Socal-Blythe,,
July,2015,Socal-Border,2.93,0.16
July,2015,Socal-Citygate,3.16,0.39
July,2015,Socal-Ehrenberg,,
July,2015,Socal-Firm Stor,,
July,2015,Socal-IT Stor,,
July,2015,Socal-Kramer,,
July,2015,Socal-KRS,,
July,2015,Socal-Needles,,
July,2015,Socal-Storage,,
July,2015,Socal-Topock (EP),,
July,2015,Socal-Topock (TW),,
July,2015,Socal-WR,,
July,2015,Sonat-Z0 South,2.76,-0.01
July,2015,Sonat-Z1 North,,
July,2015,Southern Pines Hub,,
July,2015,Southern Star,2.54,-0.23
July,2015,Spectra - Hunt,,
July,2015,Stagecoach ,,
July,2015,Stingray,,
July,2015,TCO,2.68,-0.09
July,2015,TCO-A04 Pool,,
July,2015,TCO-A06 Pool,,
July,2015,TCO-A08 Pool,,
July,2015,TCO-Seg Pool,1.25,-1.52
July,2015,TETCO-ELA,2.7,-0.07
July,2015,TETCO-ETX,2.68,-0.09
July,2015,TETCO-M1 24,,
July,2015,TETCO-M1 30,2.67,-0.1
July,2015,TETCO-M2,,
July,2015,TETCO-M2 (receipt),1.26,-1.51
July,2015,TETCO-M3,1.43,-1.34
July,2015,TETCO-Manhattan,,
July,2015,TETCO-STX,2.71,-0.06
July,2015,TETCO-WLA,2.72,-0.05
July,2015,TGP-500L,2.75,-0.02
July,2015,TGP-800L,2.72,-0.05
July,2015,TGP-Mahwah,,
July,2015,TGP-Niagara,,
July,2015,TGP-Z0 Border Pool,2.68,-0.09
July,2015,TGP-Z0 North,2.68,-0.09
July,2015,TGP-Z0 South,2.68,-0.09
July,2015,TGP-Z1 100L,,
July,2015,TGP-Z1 800L Pool,,
July,2015,TGP-Z1 Sta-87,,
July,2015,TGP-Z4 300L,1.09,-1.68
July,2015,TGP-Z4 Marcellus,1.09,-1.68
July,2015,TGP-Z4 Sta-219,,
July,2015,TGP-Z4 Sta-313,,
July,2015,TGP-Z5 200L,1.36,-1.41
July,2015,TGP-Z6 200L,2.06,-0.71
July,2015,TGP-Z6 200L North,,
July,2015,TGP-Z6 200L South,,
July,2015,TGP-Z6 300L,,
July,2015,TGT-Mainline,2.7,-0.07
July,2015,TGT-North LA,,
July,2015,TGT-SL,2.72,-0.05
July,2015,Transco Zn3,2.78,0.01
July,2015,Transco-165,,
July,2015,Transco-30,2.69,-0.08
July,2015,Transco-45,2.76,-0.01
July,2015,Transco-65,,
July,2015,Transco-85,2.79,0.02
July,2015,Transco-River Road,,
July,2015,Transco-Z5,2.86,0.09
July,2015,Transco-Z5 North,,
July,2015,Transco-Z5 South,,
July,2015,Transco-Z6 (non-NY north ML),,
July,2015,Transco-Z6 (non-NY north),2.14,-0.63
July,2015,Transco-Z6 (non-NY south),,
July,2015,Transco-Z6 (non-NY),2.14,-0.63
July,2015,Transco-Z6 (NY),2.1,-0.67
July,2015,Transco-Z6 Sta-210,,
July,2015,Tres Palacios (inj),,
July,2015,Tres Palacios (w/d),,
July,2015,Trunkline-ELA,2.75,-0.02
July,2015,Trunkline-WLA,2.75,-0.02
July,2015,Trunkline-Z1A,2.7,-0.07
July,2015,TW-Blanco,2.67,-0.1
July,2015,TW-Central,,
July,2015,TW-Panhandle,2.59,-0.18
July,2015,TW-WTX,,
July,2015,Union-Dawn,2.86,0.09
July,2015,Waha,2.64,-0.13
July,2015,White River Hub,,
July,2015,WIC,,
July,2015,0,,
July,2015,0,,
July,2015,0,,
July,2015,0,,
August,2015,AB Pool (inter),,
August,2015,AB Pool (intra),,
August,2015,AGT-CG,,
August,2015,AGT-CG (non-G),2.01,-0.88
August,2015,Agua Dulce Hub,,
August,2015,ANR-Joliet Hub,,
August,2015,ANR-SE,,
August,2015,ANR-SE-T,2.84,-0.05
August,2015,ANR-SW,2.64,-0.25
August,2015,APC-ACE,,
August,2015,APC-ANR,,
August,2015,APC-MGTC,,
August,2015,APC-NGPL,,
August,2015,APC-Nicor,,
August,2015,APC-VPC,,
August,2015,Arena WTX Pool,,
August,2015,Atmos Zone 3,,
August,2015,Banquete Hub,,
August,2015,Bay Gas Storage,,
August,2015,Bennington,,
August,2015,Beverly Salem,,
August,2015,Bluewater Hub,,
August,2015,Bobcat Inter,,
August,2015,Bobcat Stor,,
August,2015,Carthage,,
August,2015,CG-Mainline,2.8,-0.09
August,2015,CG-Onshore,2.85,-0.04
August,2015,Cheyenne,2.63,-0.26
August,2015,Chicago,2.89,0.0
August,2015,CIG-Mainline,2.58,-0.31
August,2015,CIG-Mainline Pool,,
August,2015,CIG-Mainline South,,
August,2015,Clarington,,
August,2015,Clarington-Tenn,,
August,2015,Consumers,3.0,0.11
August,2015,Cove Point,,
August,2015,Dracut,,
August,2015,Eastern Gas-North,,
August,2015,Eastern Gas-South,,
August,2015,Egan Inter,,
August,2015,Egan Stor,,
August,2015,EGT-Flex,,
August,2015,EGT-North,,
August,2015,EGT-Perryville Hub,2.78,-0.11
August,2015,EGT-South,,
August,2015,EGT-West,,
August,2015,Enable East Pool,,
August,2015,Enable West Pool ,,
August,2015,ENT-STX Map,,
August,2015,EP-Anadarko,,
August,2015,EP-Keystone,,
August,2015,EP-Plains Pool,,
August,2015,EP-S.Mainline,,
August,2015,EP-SJ Blanco Pool,2.73,-0.16
August,2015,EP-SJ Bondad Stn,,
August,2015,EP-Waha Pool,,
August,2015,ETC-Cleburne,,
August,2015,ETC-Maypearl,,
August,2015,ETC-Tiger Gas (receipt),,
August,2015,FGT-CG,,
August,2015,FGT-Z1,2.87,-0.02
August,2015,FGT-Z2,2.89,0.0
August,2015,FGT-Z3,2.94,0.05
August,2015,GCX Waha Hub,,
August,2015,Gillis Hub,,
August,2015,GLGT-St.Clair,,
August,2015,Golden Triangle,,
August,2015,GTN-Kingsgate,,
August,2015,GTN-Malin,,
August,2015,GTN-Stanfield,,
August,2015,Guardian Hub,,
August,2015,Gulf S. Pool 16,,
August,2015,Gulf South - Perryville,,
August,2015,Henry,2.89,0.0
August,2015,HPL-ETX Pool,,
August,2015,HSC-HPL Pool,2.83,-0.06
August,2015,HSC-Kinder Morgan,,
August,2015,Iroquois (into),2.7,-0.19
August,2015,Iroquois-Z1,,
August,2015,Iroquois-Z2,2.74,-0.15
August,2015,Iroquois-Z2 Hunts Pt,,
August,2015,Jefferson Island,,
August,2015,Katy-Enstor Pool,2.85,-0.04
August,2015,Katy-Lonestar Inter,,
August,2015,Katy-Lonestar Intra,,
August,2015,Katy-Oasis,,
August,2015,KRGT-Del Pool,,
August,2015,KRGT-Rec Pool,,
August,2015,Lebanon,2.87,-0.02
August,2015,Leidy,,
August,2015,Leidy-Transco,1.2,-1.69
August,2015,M&N US,,
August,2015,MEP-Lamar,,
August,2015,Michcon,2.96,0.07
August,2015,Midship (receipt),,
August,2015,Millennium,,
August,2015,Millennium East Pool,1.2,-1.69
August,2015,Millennium-Ramapo,,
August,2015,Moss Bluff Inter,,
August,2015,Moss Bluff Stor,,
August,2015,MS Hub,,
August,2015,NBPL-Bakken (receipt),,
August,2015,NBPL-Harper,,
August,2015,NBPL-Nicor,,
August,2015,NBPL-Vector,,
August,2015,NBPL-Ventura,2.83,-0.06
August,2015,NBPL-Will County,,
August,2015,NGPL-AM Pool,,
August,2015,NGPL-AM Stor,,
August,2015,NGPL-GC Mainline,,
August,2015,NGPL-IA/IL AM Pool,,
August,2015,NGPL-IA/IL AM Stor,,
August,2015,NGPL-IA/IL GC Pool,,
August,2015,NGPL-IA/IL GC Stor,,
August,2015,NGPL-LA Pool,,
August,2015,NGPL-LA Stor,,
August,2015,NGPL-MidAm,,
August,2015,NGPL-Midcont Pool,2.7,-0.19
August,2015,NGPL-Midcont Stor,,
August,2015,NGPL-Nicor,,
August,2015,NGPL-Nipsco,,
August,2015,NGPL-STX,2.81,-0.08
August,2015,NGPL-TXOK East,2.79,-0.1
August,2015,NGPL-TXOK East Stor,2.79,-0.1
August,2015,NGPL-TXOK West,2.79,-0.1
August,2015,NNG-Demarc,2.8,-0.09
August,2015,NNG-Mid 13-16A,,
August,2015,NNG-Mid 1-7,,
August,2015,NNG-Mid 8-12,,
August,2015,NNG-Ventura,2.79,-0.1
August,2015,Nortex-Tolar Hub,,
August,2015,NWP-Rocky Mtn,2.66,-0.23
August,2015,NWP-Sumas,2.43,-0.46
August,2015,NWP-Wyoming,,
August,2015,Oasis - Waha Pool,,
August,2015,OGT,,
August,2015,ONEOK Westex,2.62,-0.27
August,2015,Opal,,
August,2015,Panhandle,2.65,-0.24
August,2015,PG&E-Citygate,3.25,0.36
August,2015,PG&E-Daggett,,
August,2015,PG&E-KRS,,
August,2015,PG&E-Topock,,
August,2015,PGLC,,
August,2015,Pine Prairie,,
August,2015,Pioneer,,
August,2015,PNGTS,,
August,2015,Questar-North,,
August,2015,Questar-South,,
August,2015,REX Cheyenne Comp Pool,,
August,2015,REX E-ANR,,
August,2015,REX E-MidW,,
August,2015,REX E-NGPL,,
August,2015,REX E-PEPL,,
August,2015,REX E-Trunk,,
August,2015,REX W-ANR,,
August,2015,REX W-NGPL,,
August,2015,REX W-NNG,,
August,2015,REX W-PEPL,,
August,2015,REX-Z3 (receipt) ,,
August,2015,REX-Z3 Del Pool,,
August,2015,Rover (receipt),,
August,2015,Rover-ANR,,
August,2015,Rover-PEPL,,
August,2015,Ruby-Onyx Hill,,
August,2015,Ruby-Rec Pool,,
August,2015,Ryckman Creek Stor,,
August,2015,Salt Plains Inter,,
August,2015,Salt Plains Stor,,
August,2015,Socal-Blythe,,
August,2015,Socal-Border,2.97,0.08
August,2015,Socal-Citygate,3.14,0.25
August,2015,Socal-Ehrenberg,,
August,2015,Socal-Firm Stor,,
August,2015,Socal-IT Stor,,
August,2015,Socal-Kramer,,
August,2015,Socal-KRS,,
August,2015,Socal-Needles,,
August,2015,Socal-Storage,,
August,2015,Socal-Topock (EP),,
August,2015,Socal-Topock (TW),,
August,2015,Socal-WR,,
August,2015,Sonat-Z0 South,2.86,-0.03
August,2015,Sonat-Z1 North,,
August,2015,Southern Pines Hub,,
August,2015,Southern Star,2.69,-0.2
August,2015,Spectra - Hunt,,
August,2015,Stagecoach ,,
August,2015,Stingray,,
August,2015,TCO,2.79,-0.1
August,2015,TCO-A04 Pool,,
August,2015,TCO-A06 Pool,,
August,2015,TCO-A08 Pool,,
August,2015,TCO-Seg Pool,1.23,-1.66
August,2015,TETCO-ELA,2.84,-0.05
August,2015,TETCO-ETX,2.82,-0.07
August,2015,TETCO-M1 24,,
August,2015,TETCO-M1 30,2.8,-0.09
August,2015,TETCO-M2,,
August,2015,TETCO-M2 (receipt),1.23,-1.66
August,2015,TETCO-M3,1.35,-1.54
August,2015,TETCO-Manhattan,,
August,2015,TETCO-STX,2.82,-0.07
August,2015,TETCO-WLA,2.86,-0.03
August,2015,TGP-500L,2.86,-0.03
August,2015,TGP-800L,2.84,-0.05
August,2015,TGP-Mahwah,,
August,2015,TGP-Niagara,,
August,2015,TGP-Z0 Border Pool,2.8,-0.09
August,2015,TGP-Z0 North,2.8,-0.09
August,2015,TGP-Z0 South,2.8,-0.09
August,2015,TGP-Z1 100L,,
August,2015,TGP-Z1 800L Pool,,
August,2015,TGP-Z1 Sta-87,,
August,2015,TGP-Z4 300L,1.11,-1.78
August,2015,TGP-Z4 Marcellus,1.11,-1.78
August,2015,TGP-Z4 Sta-219,,
August,2015,TGP-Z4 Sta-313,,
August,2015,TGP-Z5 200L,1.45,-1.44
August,2015,TGP-Z6 200L,2.04,-0.85
August,2015,TGP-Z6 200L North,,
August,2015,TGP-Z6 200L South,,
August,2015,TGP-Z6 300L,,
August,2015,TGT-Mainline,2.82,-0.07
August,2015,TGT-North LA,,
August,2015,TGT-SL,2.84,-0.05
August,2015,Transco Zn3,2.88,-0.01
August,2015,Transco-165,,
August,2015,Transco-30,2.81,-0.08
August,2015,Transco-45,2.84,-0.05
August,2015,Transco-65,,
August,2015,Transco-85,2.86,-0.03
August,2015,Transco-River Road,,
August,2015,Transco-Z5,2.97,0.08
August,2015,Transco-Z5 North,,
August,2015,Transco-Z5 South,,
August,2015,Transco-Z6 (non-NY north ML),,
August,2015,Transco-Z6 (non-NY north),2.0,-0.89
August,2015,Transco-Z6 (non-NY south),,
August,2015,Transco-Z6 (non-NY),2.14,-0.75
August,2015,Transco-Z6 (NY),1.93,-0.96
August,2015,Transco-Z6 Sta-210,,
August,2015,Tres Palacios (inj),,
August,2015,Tres Palacios (w/d),,
August,2015,Trunkline-ELA,2.84,-0.05
August,2015,Trunkline-WLA,2.84,-0.05
August,2015,Trunkline-Z1A,2.82,-0.07
August,2015,TW-Blanco,2.74,-0.15
August,2015,TW-Central,,
August,2015,TW-Panhandle,2.67,-0.22
August,2015,TW-WTX,,
August,2015,Union-Dawn,2.99,0.1
August,2015,Waha,2.72,-0.17
August,2015,White River Hub,,
August,2015,WIC,,
August,2015,0,,
August,2015,0,,
August,2015,0,,
August,2015,0,,
September,2015,AB Pool (inter),,
September,2015,AB Pool (intra),,
September,2015,AGT-CG,,
September,2015,AGT-CG (non-G),2.63,-0.01
September,2015,Agua Dulce Hub,,
September,2015,ANR-Joliet Hub,,
September,2015,ANR-SE,,
September,2015,ANR-SE-T,2.59,-0.05
September,2015,ANR-SW,2.42,-0.22
September,2015,APC-ACE,,
September,2015,APC-ANR,,
September,2015,APC-MGTC,,
September,2015,APC-NGPL,,
September,2015,APC-Nicor,,
September,2015,APC-VPC,,
September,2015,Arena WTX Pool,,
September,2015,Atmos Zone 3,,
September,2015,Banquete Hub,,
September,2015,Bay Gas Storage,,
September,2015,Bennington,,
September,2015,Beverly Salem,,
September,2015,Bluewater Hub,,
September,2015,Bobcat Inter,,
September,2015,Bobcat Stor,,
September,2015,Carthage,,
September,2015,CG-Mainline,2.58,-0.06
September,2015,CG-Onshore,2.59,-0.05
September,2015,Cheyenne,2.47,-0.17
September,2015,Chicago,2.78,0.14
September,2015,CIG-Mainline,2.42,-0.22
September,2015,CIG-Mainline Pool,,
September,2015,CIG-Mainline South,,
September,2015,Clarington,,
September,2015,Clarington-Tenn,,
September,2015,Consumers,2.9,0.26
September,2015,Cove Point,,
September,2015,Dracut,,
September,2015,Eastern Gas-North,,
September,2015,Eastern Gas-South,,
September,2015,Egan Inter,,
September,2015,Egan Stor,,
September,2015,EGT-Flex,,
September,2015,EGT-North,,
September,2015,EGT-Perryville Hub,2.53,-0.11
September,2015,EGT-South,,
September,2015,EGT-West,,
September,2015,Enable East Pool,,
September,2015,Enable West Pool ,,
September,2015,ENT-STX Map,,
September,2015,EP-Anadarko,,
September,2015,EP-Keystone,,
September,2015,EP-Plains Pool,,
September,2015,EP-S.Mainline,,
September,2015,EP-SJ Blanco Pool,2.53,-0.11
September,2015,EP-SJ Bondad Stn,,
September,2015,EP-Waha Pool,,
September,2015,ETC-Cleburne,,
September,2015,ETC-Maypearl,,
September,2015,ETC-Tiger Gas (receipt),,
September,2015,FGT-CG,,
September,2015,FGT-Z1,2.63,-0.01
September,2015,FGT-Z2,2.63,-0.01
September,2015,FGT-Z3,2.67,0.03
September,2015,GCX Waha Hub,,
September,2015,Gillis Hub,,
September,2015,GLGT-St.Clair,,
September,2015,Golden Triangle,,
September,2015,GTN-Kingsgate,,
September,2015,GTN-Malin,,
September,2015,GTN-Stanfield,,
September,2015,Guardian Hub,,
September,2015,Gulf S. Pool 16,,
September,2015,Gulf South - Perryville,,
September,2015,Henry,2.64,0.0
September,2015,HPL-ETX Pool,,
September,2015,HSC-HPL Pool,2.62,-0.02
September,2015,HSC-Kinder Morgan,,
September,2015,Iroquois (into),2.78,0.14
September,2015,Iroquois-Z1,,
September,2015,Iroquois-Z2,2.73,0.09
September,2015,Iroquois-Z2 Hunts Pt,,
September,2015,Jefferson Island,,
September,2015,Katy-Enstor Pool,2.62,-0.02
September,2015,Katy-Lonestar Inter,,
September,2015,Katy-Lonestar Intra,,
September,2015,Katy-Oasis,,
September,2015,KRGT-Del Pool,,
September,2015,KRGT-Rec Pool,,
September,2015,Lebanon,2.62,-0.02
September,2015,Leidy,,
September,2015,Leidy-Transco,0.89,-1.75
September,2015,M&N US,,
September,2015,MEP-Lamar,,
September,2015,Michcon,2.86,0.22
September,2015,Midship (receipt),,
September,2015,Millennium,,
September,2015,Millennium East Pool,1.04,-1.6
September,2015,Millennium-Ramapo,,
September,2015,Moss Bluff Inter,,
September,2015,Moss Bluff Stor,,
September,2015,MS Hub,,
September,2015,NBPL-Bakken (receipt),,
September,2015,NBPL-Harper,,
September,2015,NBPL-Nicor,,
September,2015,NBPL-Vector,,
September,2015,NBPL-Ventura,2.68,0.04
September,2015,NBPL-Will County,,
September,2015,NGPL-AM Pool,,
September,2015,NGPL-AM Stor,,
September,2015,NGPL-GC Mainline,,
September,2015,NGPL-IA/IL AM Pool,,
September,2015,NGPL-IA/IL AM Stor,,
September,2015,NGPL-IA/IL GC Pool,,
September,2015,NGPL-IA/IL GC Stor,,
September,2015,NGPL-LA Pool,,
September,2015,NGPL-LA Stor,,
September,2015,NGPL-MidAm,,
September,2015,NGPL-Midcont Pool,2.53,-0.11
September,2015,NGPL-Midcont Stor,,
September,2015,NGPL-Nicor,,
September,2015,NGPL-Nipsco,,
September,2015,NGPL-STX,2.56,-0.08
September,2015,NGPL-TXOK East,2.6,-0.04
September,2015,NGPL-TXOK East Stor,2.6,-0.04
September,2015,NGPL-TXOK West,2.6,-0.04
September,2015,NNG-Demarc,2.66,0.02
September,2015,NNG-Mid 13-16A,,
September,2015,NNG-Mid 1-7,,
September,2015,NNG-Mid 8-12,,
September,2015,NNG-Ventura,2.67,0.03
September,2015,Nortex-Tolar Hub,,
September,2015,NWP-Rocky Mtn,2.46,-0.18
September,2015,NWP-Sumas,2.41,-0.23
September,2015,NWP-Wyoming,,
September,2015,Oasis - Waha Pool,,
September,2015,OGT,,
September,2015,ONEOK Westex,2.38,-0.26
September,2015,Opal,,
September,2015,Panhandle,2.37,-0.27
September,2015,PG&E-Citygate,3.1,0.46
September,2015,PG&E-Daggett,,
September,2015,PG&E-KRS,,
September,2015,PG&E-Topock,,
September,2015,PGLC,,
September,2015,Pine Prairie,,
September,2015,Pioneer,,
September,2015,PNGTS,,
September,2015,Questar-North,,
September,2015,Questar-South,,
September,2015,REX Cheyenne Comp Pool,,
September,2015,REX E-ANR,,
September,2015,REX E-MidW,,
September,2015,REX E-NGPL,,
September,2015,REX E-PEPL,,
September,2015,REX E-Trunk,,
September,2015,REX W-ANR,,
September,2015,REX W-NGPL,,
September,2015,REX W-NNG,,
September,2015,REX W-PEPL,,
September,2015,REX-Z3 (receipt) ,,
September,2015,REX-Z3 Del Pool,,
September,2015,Rover (receipt),,
September,2015,Rover-ANR,,
September,2015,Rover-PEPL,,
September,2015,Ruby-Onyx Hill,,
September,2015,Ruby-Rec Pool,,
September,2015,Ryckman Creek Stor,,
September,2015,Salt Plains Inter,,
September,2015,Salt Plains Stor,,
September,2015,Socal-Blythe,,
September,2015,Socal-Border,2.71,0.07
September,2015,Socal-Citygate,2.9,0.26
September,2015,Socal-Ehrenberg,,
September,2015,Socal-Firm Stor,,
September,2015,Socal-IT Stor,,
September,2015,Socal-Kramer,,
September,2015,Socal-KRS,,
September,2015,Socal-Needles,,
September,2015,Socal-Storage,,
September,2015,Socal-Topock (EP),,
September,2015,Socal-Topock (TW),,
September,2015,Socal-WR,,
September,2015,Sonat-Z0 South,2.61,-0.03
September,2015,Sonat-Z1 North,,
September,2015,Southern Pines Hub,,
September,2015,Southern Star,2.43,-0.21
September,2015,Spectra - Hunt,,
September,2015,Stagecoach ,,
September,2015,Stingray,,
September,2015,TCO,2.56,-0.08
September,2015,TCO-A04 Pool,,
September,2015,TCO-A06 Pool,,
September,2015,TCO-A08 Pool,,
September,2015,TCO-Seg Pool,1.14,-1.5
September,2015,TETCO-ELA,2.55,-0.09
September,2015,TETCO-ETX,2.55,-0.09
September,2015,TETCO-M1 24,,
September,2015,TETCO-M1 30,2.51,-0.13
September,2015,TETCO-M2,,
September,2015,TETCO-M2 (receipt),1.13,-1.51
September,2015,TETCO-M3,1.26,-1.38
September,2015,TETCO-Manhattan,,
September,2015,TETCO-STX,2.56,-0.08
September,2015,TETCO-WLA,2.57,-0.07
September,2015,TGP-500L,2.6,-0.04
September,2015,TGP-800L,2.58,-0.06
September,2015,TGP-Mahwah,,
September,2015,TGP-Niagara,,
September,2015,TGP-Z0 Border Pool,2.54,-0.1
September,2015,TGP-Z0 North,2.54,-0.1
September,2015,TGP-Z0 South,2.54,-0.1
September,2015,TGP-Z1 100L,,
September,2015,TGP-Z1 800L Pool,,
September,2015,TGP-Z1 Sta-87,,
September,2015,TGP-Z4 300L,0.85,-1.79
September,2015,TGP-Z4 Marcellus,0.85,-1.79
September,2015,TGP-Z4 Sta-219,,
September,2015,TGP-Z4 Sta-313,1.34,-1.3
September,2015,TGP-Z5 200L,1.56,-1.08
September,2015,TGP-Z6 200L,2.54,-0.1
September,2015,TGP-Z6 200L North,,
September,2015,TGP-Z6 200L South,,
September,2015,TGP-Z6 300L,,
September,2015,TGT-Mainline,2.57,-0.07
September,2015,TGT-North LA,,
September,2015,TGT-SL,2.59,-0.05
September,2015,Transco Zn3,2.62,-0.02
September,2015,Transco-165,,
September,2015,Transco-30,2.58,-0.06
September,2015,Transco-45,2.59,-0.05
September,2015,Transco-65,,
September,2015,Transco-85,2.63,-0.01
September,2015,Transco-River Road,,
September,2015,Transco-Z5,2.7,0.06
September,2015,Transco-Z5 North,,
September,2015,Transco-Z5 South,,
September,2015,Transco-Z6 (non-NY north ML),,
September,2015,Transco-Z6 (non-NY north),2.15,-0.49
September,2015,Transco-Z6 (non-NY south),2.58,-0.06
September,2015,Transco-Z6 (non-NY),2.27,-0.37
September,2015,Transco-Z6 (NY),2.13,-0.51
September,2015,Transco-Z6 Sta-210,,
September,2015,Tres Palacios (inj),,
September,2015,Tres Palacios (w/d),,
September,2015,Trunkline-ELA,2.6,-0.04
September,2015,Trunkline-WLA,2.6,-0.04
September,2015,Trunkline-Z1A,2.57,-0.07
September,2015,TW-Blanco,2.55,-0.09
September,2015,TW-Central,,
September,2015,TW-Panhandle,2.49,-0.15
September,2015,TW-WTX,,
September,2015,Union-Dawn,2.93,0.29
September,2015,Waha,2.54,-0.1
September,2015,White River Hub,,
September,2015,WIC,,
September,2015,0,,
September,2015,0,,
September,2015,0,,
September,2015,0,,
October,2015,AB Pool (inter),,
October,2015,AB Pool (intra),,
October,2015,AGT-CG,,
October,2015,AGT-CG (non-G),3.5,0.94
October,2015,Agua Dulce Hub,,
October,2015,ANR-Joliet Hub,,
October,2015,ANR-SE,,
October,2015,ANR-SE-T,2.49,-0.07
October,2015,ANR-SW,2.36,-0.2
October,2015,APC-ACE,,
October,2015,APC-ANR,,
October,2015,APC-MGTC,,
October,2015,APC-NGPL,,
October,2015,APC-Nicor,,
October,2015,APC-VPC,,
October,2015,Arena WTX Pool,,
October,2015,Atmos Zone 3,,
October,2015,Banquete Hub,,
October,2015,Bay Gas Storage,,
October,2015,Bennington,,
October,2015,Beverly Salem,,
October,2015,Bluewater Hub,,
October,2015,Bobcat Inter,,
October,2015,Bobcat Stor,,
October,2015,Carthage,,
October,2015,CG-Mainline,2.47,-0.09
October,2015,CG-Onshore,2.5,-0.06
October,2015,Cheyenne,2.39,-0.17
October,2015,Chicago,2.7,0.14
October,2015,CIG-Mainline,2.36,-0.2
October,2015,CIG-Mainline Pool,,
October,2015,CIG-Mainline South,,
October,2015,Clarington,,
October,2015,Clarington-Tenn,,
October,2015,Consumers,2.89,0.33
October,2015,Cove Point,,
October,2015,Dracut,,
October,2015,Eastern Gas-North,,
October,2015,Eastern Gas-South,,
October,2015,Egan Inter,,
October,2015,Egan Stor,,
October,2015,EGT-Flex,,
October,2015,EGT-North,,
October,2015,EGT-Perryville Hub,2.45,-0.11
October,2015,EGT-South,,
October,2015,EGT-West,,
October,2015,Enable East Pool,,
October,2015,Enable West Pool ,,
October,2015,ENT-STX Map,,
October,2015,EP-Anadarko,,
October,2015,EP-Keystone,,
October,2015,EP-Plains Pool,,
October,2015,EP-S.Mainline,,
October,2015,EP-SJ Blanco Pool,2.43,-0.13
October,2015,EP-SJ Bondad Stn,,
October,2015,EP-Waha Pool,,
October,2015,ETC-Cleburne,,
October,2015,ETC-Maypearl,,
October,2015,ETC-Tiger Gas (receipt),,
October,2015,FGT-CG,,
October,2015,FGT-Z1,2.54,-0.02
October,2015,FGT-Z2,2.54,-0.02
October,2015,FGT-Z3,2.56,0.0
October,2015,GCX Waha Hub,,
October,2015,Gillis Hub,,
October,2015,GLGT-St.Clair,,
October,2015,Golden Triangle,,
October,2015,GTN-Kingsgate,,
October,2015,GTN-Malin,,
October,2015,GTN-Stanfield,,
October,2015,Guardian Hub,,
October,2015,Gulf S. Pool 16,,
October,2015,Gulf South - Perryville,,
October,2015,Henry,2.56,0.0
October,2015,HPL-ETX Pool,,
October,2015,HSC-HPL Pool,2.5,-0.06
October,2015,HSC-Kinder Morgan,,
October,2015,Iroquois (into),3.0,0.44
October,2015,Iroquois-Z1,,
October,2015,Iroquois-Z2,3.03,0.47
October,2015,Iroquois-Z2 Hunts Pt,,
October,2015,Jefferson Island,,
October,2015,Katy-Enstor Pool,2.53,-0.03
October,2015,Katy-Lonestar Inter,,
October,2015,Katy-Lonestar Intra,,
October,2015,Katy-Oasis,,
October,2015,KRGT-Del Pool,,
October,2015,KRGT-Rec Pool,,
October,2015,Lebanon,2.57,0.01
October,2015,Leidy,,
October,2015,Leidy-Transco,1.03,-1.53
October,2015,M&N US,,
October,2015,MEP-Lamar,,
October,2015,Michcon,2.86,0.3
October,2015,Midship (receipt),,
October,2015,Millennium,,
October,2015,Millennium East Pool,1.08,-1.48
October,2015,Millennium-Ramapo,,
October,2015,Moss Bluff Inter,,
October,2015,Moss Bluff Stor,,
October,2015,MS Hub,,
October,2015,NBPL-Bakken (receipt),,
October,2015,NBPL-Harper,,
October,2015,NBPL-Nicor,,
October,2015,NBPL-Vector,,
October,2015,NBPL-Ventura,2.65,0.09
October,2015,NBPL-Will County,,
October,2015,NGPL-AM Pool,,
October,2015,NGPL-AM Stor,,
October,2015,NGPL-GC Mainline,,
October,2015,NGPL-IA/IL AM Pool,,
October,2015,NGPL-IA/IL AM Stor,,
October,2015,NGPL-IA/IL GC Pool,,
October,2015,NGPL-IA/IL GC Stor,,
October,2015,NGPL-LA Pool,,
October,2015,NGPL-LA Stor,,
October,2015,NGPL-MidAm,,
October,2015,NGPL-Midcont Pool,2.46,-0.1
October,2015,NGPL-Midcont Stor,,
October,2015,NGPL-Nicor,,
October,2015,NGPL-Nipsco,,
October,2015,NGPL-STX,2.48,-0.08
October,2015,NGPL-TXOK East,2.5,-0.06
October,2015,NGPL-TXOK East Stor,2.5,-0.06
October,2015,NGPL-TXOK West,2.5,-0.06
October,2015,NNG-Demarc,2.63,0.07
October,2015,NNG-Mid 13-16A,,
October,2015,NNG-Mid 1-7,,
October,2015,NNG-Mid 8-12,,
October,2015,NNG-Ventura,2.64,0.08
October,2015,Nortex-Tolar Hub,,
October,2015,NWP-Rocky Mtn,2.43,-0.13
October,2015,NWP-Sumas,2.41,-0.15
October,2015,NWP-Wyoming,,
October,2015,Oasis - Waha Pool,,
October,2015,OGT,,
October,2015,ONEOK Westex,2.38,-0.18
October,2015,Opal,,
October,2015,Panhandle,2.38,-0.18
October,2015,PG&E-Citygate,3.07,0.51
October,2015,PG&E-Daggett,,
October,2015,PG&E-KRS,,
October,2015,PG&E-Topock,,
October,2015,PGLC,,
October,2015,Pine Prairie,,
October,2015,Pioneer,,
October,2015,PNGTS,,
October,2015,Questar-North,,
October,2015,Questar-South,,
October,2015,REX Cheyenne Comp Pool,,
October,2015,REX E-ANR,,
October,2015,REX E-MidW,,
October,2015,REX E-NGPL,,
October,2015,REX E-PEPL,,
October,2015,REX E-Trunk,,
October,2015,REX W-ANR,,
October,2015,REX W-NGPL,,
October,2015,REX W-NNG,,
October,2015,REX W-PEPL,,
October,2015,REX-Z3 (receipt) ,,
October,2015,REX-Z3 Del Pool,,
October,2015,Rover (receipt),,
October,2015,Rover-ANR,,
October,2015,Rover-PEPL,,
October,2015,Ruby-Onyx Hill,,
October,2015,Ruby-Rec Pool,,
October,2015,Ryckman Creek Stor,,
October,2015,Salt Plains Inter,,
October,2015,Salt Plains Stor,,
October,2015,Socal-Blythe,,
October,2015,Socal-Border,2.62,0.06
October,2015,Socal-Citygate,2.7,0.14
October,2015,Socal-Ehrenberg,,
October,2015,Socal-Firm Stor,,
October,2015,Socal-IT Stor,,
October,2015,Socal-Kramer,,
October,2015,Socal-KRS,,
October,2015,Socal-Needles,,
October,2015,Socal-Storage,,
October,2015,Socal-Topock (EP),,
October,2015,Socal-Topock (TW),,
October,2015,Socal-WR,,
October,2015,Sonat-Z0 South,2.52,-0.04
October,2015,Sonat-Z1 North,,
October,2015,Southern Pines Hub,,
October,2015,Southern Star,2.41,-0.15
October,2015,Spectra - Hunt,,
October,2015,Stagecoach ,,
October,2015,Stingray,,
October,2015,TCO,2.39,-0.17
October,2015,TCO-A04 Pool,,
October,2015,TCO-A06 Pool,,
October,2015,TCO-A08 Pool,,
October,2015,TCO-Seg Pool,1.18,-1.38
October,2015,TETCO-ELA,2.42,-0.14
October,2015,TETCO-ETX,2.47,-0.09
October,2015,TETCO-M1 24,,
October,2015,TETCO-M1 30,2.37,-0.19
October,2015,TETCO-M2,,
October,2015,TETCO-M2 (receipt),1.18,-1.38
October,2015,TETCO-M3,1.28,-1.28
October,2015,TETCO-Manhattan,,
October,2015,TETCO-STX,2.47,-0.09
October,2015,TETCO-WLA,2.46,-0.1
October,2015,TGP-500L,2.5,-0.06
October,2015,TGP-800L,2.48,-0.08
October,2015,TGP-Mahwah,,
October,2015,TGP-Niagara,1.62,-0.94
October,2015,TGP-Z0 Border Pool,2.46,-0.1
October,2015,TGP-Z0 North,2.46,-0.1
October,2015,TGP-Z0 South,2.46,-0.1
October,2015,TGP-Z1 100L,,
October,2015,TGP-Z1 800L Pool,,
October,2015,TGP-Z1 Sta-87,,
October,2015,TGP-Z4 300L,0.96,-1.6
October,2015,TGP-Z4 Marcellus,0.96,-1.6
October,2015,TGP-Z4 Sta-219,,
October,2015,TGP-Z4 Sta-313,1.28,-1.28
October,2015,TGP-Z5 200L,1.6,-0.96
October,2015,TGP-Z6 200L,3.36,0.8
October,2015,TGP-Z6 200L North,,
October,2015,TGP-Z6 200L South,,
October,2015,TGP-Z6 300L,,
October,2015,TGT-Mainline,2.47,-0.09
October,2015,TGT-North LA,,
October,2015,TGT-SL,2.51,-0.05
October,2015,Transco Zn3,2.53,-0.03
October,2015,Transco-165,,
October,2015,Transco-30,2.49,-0.07
October,2015,Transco-45,2.51,-0.05
October,2015,Transco-65,,
October,2015,Transco-85,2.53,-0.03
October,2015,Transco-River Road,,
October,2015,Transco-Z5,2.61,0.05
October,2015,Transco-Z5 North,,
October,2015,Transco-Z5 South,,
October,2015,Transco-Z6 (non-NY north ML),,
October,2015,Transco-Z6 (non-NY north),2.24,-0.32
October,2015,Transco-Z6 (non-NY south),2.38,-0.18
October,2015,Transco-Z6 (non-NY),2.27,-0.29
October,2015,Transco-Z6 (NY),2.23,-0.33
October,2015,Transco-Z6 Sta-210,,
October,2015,Tres Palacios (inj),,
October,2015,Tres Palacios (w/d),,
October,2015,Trunkline-ELA,2.49,-0.07
October,2015,Trunkline-WLA,2.49,-0.07
October,2015,Trunkline-Z1A,2.47,-0.09
October,2015,TW-Blanco,2.45,-0.11
October,2015,TW-Central,,
October,2015,TW-Panhandle,2.36,-0.2
October,2015,TW-WTX,,
October,2015,Union-Dawn,2.94,0.38
October,2015,Waha,2.4,-0.16
October,2015,White River Hub,,
October,2015,WIC,,
October,2015,0,,
October,2015,0,,
October,2015,0,,
October,2015,0,,
November,2015,AB Pool (inter),,
November,2015,AB Pool (intra),,
November,2015,AGT-CG,,
November,2015,AGT-CG (non-G),4.89,2.86
November,2015,Agua Dulce Hub,,
November,2015,ANR-Joliet Hub,,
November,2015,ANR-SE,,
November,2015,ANR-SE-T,1.96,-0.07
November,2015,ANR-SW,1.9,-0.13
November,2015,APC-ACE,,
November,2015,APC-ANR,,
November,2015,APC-MGTC,,
November,2015,APC-NGPL,,
November,2015,APC-Nicor,,
November,2015,APC-VPC,,
November,2015,Arena WTX Pool,,
November,2015,Atmos Zone 3,,
November,2015,Banquete Hub,,
November,2015,Bay Gas Storage,,
November,2015,Bennington,,
November,2015,Beverly Salem,,
November,2015,Bluewater Hub,,
November,2015,Bobcat Inter,,
November,2015,Bobcat Stor,,
November,2015,Carthage,,
November,2015,CG-Mainline,1.94,-0.09
November,2015,CG-Onshore,1.96,-0.07
November,2015,Cheyenne,1.97,-0.06
November,2015,Chicago,2.34,0.31
November,2015,CIG-Mainline,1.94,-0.09
November,2015,CIG-Mainline Pool,,
November,2015,CIG-Mainline South,,
November,2015,Clarington,,
November,2015,Clarington-Tenn,,
November,2015,Consumers,2.34,0.31
November,2015,Cove Point,,
November,2015,Dracut,,
November,2015,Eastern Gas-North,,
November,2015,Eastern Gas-South,,
November,2015,Egan Inter,,
November,2015,Egan Stor,,
November,2015,EGT-Flex,,
November,2015,EGT-North,,
November,2015,EGT-Perryville Hub,1.92,-0.11
November,2015,EGT-South,,
November,2015,EGT-West,,
November,2015,Enable East Pool,,
November,2015,Enable West Pool ,,
November,2015,ENT-STX Map,,
November,2015,EP-Anadarko,,
November,2015,EP-Keystone,,
November,2015,EP-Plains Pool,,
November,2015,EP-S.Mainline,,
November,2015,EP-SJ Blanco Pool,2.0,-0.03
November,2015,EP-SJ Bondad Stn,,
November,2015,EP-Waha Pool,,
November,2015,ETC-Cleburne,,
November,2015,ETC-Maypearl,,
November,2015,ETC-Tiger Gas (receipt),,
November,2015,FGT-CG,,
November,2015,FGT-Z1,2.02,-0.01
November,2015,FGT-Z2,2.02,-0.01
November,2015,FGT-Z3,2.02,-0.01
November,2015,GCX Waha Hub,,
November,2015,Gillis Hub,,
November,2015,GLGT-St.Clair,,
November,2015,Golden Triangle,,
November,2015,GTN-Kingsgate,,
November,2015,GTN-Malin,,
November,2015,GTN-Stanfield,,
November,2015,Guardian Hub,,
November,2015,Gulf S. Pool 16,,
November,2015,Gulf South - Perryville,,
November,2015,Henry,2.03,0.0
November,2015,HPL-ETX Pool,,
November,2015,HSC-HPL Pool,2.06,0.03
November,2015,HSC-Kinder Morgan,,
November,2015,Iroquois (into),2.77,0.74
November,2015,Iroquois-Z1,,
November,2015,Iroquois-Z2,2.95,0.92
November,2015,Iroquois-Z2 Hunts Pt,,
November,2015,Jefferson Island,,
November,2015,Katy-Enstor Pool,2.07,0.04
November,2015,Katy-Lonestar Inter,,
November,2015,Katy-Lonestar Intra,,
November,2015,Katy-Oasis,,
November,2015,KRGT-Del Pool,,
November,2015,KRGT-Rec Pool,,
November,2015,Lebanon,2.03,0.0
November,2015,Leidy,,
November,2015,Leidy-Transco,0.98,-1.05
November,2015,M&N US,,
November,2015,MEP-Lamar,,
November,2015,Michcon,2.35,0.32
November,2015,Midship (receipt),,
November,2015,Millennium,,
November,2015,Millennium East Pool,1.0,-1.03
November,2015,Millennium-Ramapo,,
November,2015,Moss Bluff Inter,,
November,2015,Moss Bluff Stor,,
November,2015,MS Hub,,
November,2015,NBPL-Bakken (receipt),,
November,2015,NBPL-Harper,,
November,2015,NBPL-Nicor,2.32,0.29
November,2015,NBPL-Vector,,
November,2015,NBPL-Ventura,2.33,0.3
November,2015,NBPL-Will County,,
November,2015,NGPL-AM Pool,,
November,2015,NGPL-AM Stor,,
November,2015,NGPL-GC Mainline,,
November,2015,NGPL-IA/IL AM Pool,,
November,2015,NGPL-IA/IL AM Stor,,
November,2015,NGPL-IA/IL GC Pool,,
November,2015,NGPL-IA/IL GC Stor,,
November,2015,NGPL-LA Pool,,
November,2015,NGPL-LA Stor,,
November,2015,NGPL-MidAm,,
November,2015,NGPL-Midcont Pool,1.98,-0.05
November,2015,NGPL-Midcont Stor,,
November,2015,NGPL-Nicor,2.32,0.29
November,2015,NGPL-Nipsco,2.36,0.33
November,2015,NGPL-STX,1.96,-0.07
November,2015,NGPL-TXOK East,1.95,-0.08
November,2015,NGPL-TXOK East Stor,1.95,-0.08
November,2015,NGPL-TXOK West,1.95,-0.08
November,2015,NNG-Demarc,2.24,0.21
November,2015,NNG-Mid 13-16A,,
November,2015,NNG-Mid 1-7,,
November,2015,NNG-Mid 8-12,,
November,2015,NNG-Ventura,2.28,0.25
November,2015,Nortex-Tolar Hub,,
November,2015,NWP-Rocky Mtn,2.04,0.01
November,2015,NWP-Sumas,2.11,0.08
November,2015,NWP-Wyoming,,
November,2015,Oasis - Waha Pool,,
November,2015,OGT,,
November,2015,ONEOK Westex,1.88,-0.15
November,2015,Opal,,
November,2015,Panhandle,1.87,-0.16
November,2015,PG&E-Citygate,2.68,0.65
November,2015,PG&E-Daggett,,
November,2015,PG&E-KRS,,
November,2015,PG&E-Topock,,
November,2015,PGLC,2.34,0.31
November,2015,Pine Prairie,,
November,2015,Pioneer,,
November,2015,PNGTS,,
November,2015,Questar-North,,
November,2015,Questar-South,,
November,2015,REX Cheyenne Comp Pool,,
November,2015,REX E-ANR,,
November,2015,REX E-MidW,,
November,2015,REX E-NGPL,,
November,2015,REX E-PEPL,,
November,2015,REX E-Trunk,,
November,2015,REX W-ANR,,
November,2015,REX W-NGPL,,
November,2015,REX W-NNG,,
November,2015,REX W-PEPL,,
November,2015,REX-Z3 (receipt) ,,
November,2015,REX-Z3 Del Pool,2.05,0.02
November,2015,Rover (receipt),,
November,2015,Rover-ANR,,
November,2015,Rover-PEPL,,
November,2015,Ruby-Onyx Hill,,
November,2015,Ruby-Rec Pool,,
November,2015,Ryckman Creek Stor,,
November,2015,Salt Plains Inter,,
November,2015,Salt Plains Stor,,
November,2015,Socal-Blythe,,
November,2015,Socal-Border,2.2,0.17
November,2015,Socal-Citygate,2.35,0.32
November,2015,Socal-Ehrenberg,,
November,2015,Socal-Firm Stor,,
November,2015,Socal-IT Stor,,
November,2015,Socal-Kramer,,
November,2015,Socal-KRS,,
November,2015,Socal-Needles,,
November,2015,Socal-Storage,,
November,2015,Socal-Topock (EP),,
November,2015,Socal-Topock (TW),,
November,2015,Socal-WR,,
November,2015,Sonat-Z0 South,2.0,-0.03
November,2015,Sonat-Z1 North,,
November,2015,Southern Pines Hub,,
November,2015,Southern Star,1.89,-0.14
November,2015,Spectra - Hunt,,
November,2015,Stagecoach ,,
November,2015,Stingray,,
November,2015,TCO,1.88,-0.15
November,2015,TCO-A04 Pool,,
November,2015,TCO-A06 Pool,,
November,2015,TCO-A08 Pool,,
November,2015,TCO-Seg Pool,1.27,-0.76
November,2015,TETCO-ELA,1.9,-0.13
November,2015,TETCO-ETX,1.94,-0.09
November,2015,TETCO-M1 24,,
November,2015,TETCO-M1 30,1.83,-0.2
November,2015,TETCO-M2,,
November,2015,TETCO-M2 (receipt),1.22,-0.81
November,2015,TETCO-M3,1.44,-0.59
November,2015,TETCO-Manhattan,,
November,2015,TETCO-STX,1.95,-0.08
November,2015,TETCO-WLA,1.92,-0.11
November,2015,TGP-500L,1.97,-0.06
November,2015,TGP-800L,1.95,-0.08
November,2015,TGP-Mahwah,,
November,2015,TGP-Niagara,2.33,0.3
November,2015,TGP-Z0 Border Pool,1.94,-0.09
November,2015,TGP-Z0 North,1.94,-0.09
November,2015,TGP-Z0 South,1.94,-0.09
November,2015,TGP-Z1 100L,,
November,2015,TGP-Z1 800L Pool,,
November,2015,TGP-Z1 Sta-87,,
November,2015,TGP-Z4 300L,0.9,-1.13
November,2015,TGP-Z4 Marcellus,0.9,-1.13
November,2015,TGP-Z4 Sta-219,,
November,2015,TGP-Z4 Sta-313,1.36,-0.67
November,2015,TGP-Z5 200L,1.5,-0.53
November,2015,TGP-Z6 200L,4.67,2.64
November,2015,TGP-Z6 200L North,,
November,2015,TGP-Z6 200L South,,
November,2015,TGP-Z6 300L,,
November,2015,TGT-Mainline,1.95,-0.08
November,2015,TGT-North LA,,
November,2015,TGT-SL,1.97,-0.06
November,2015,Transco Zn3,2.01,-0.02
November,2015,Transco-165,,
November,2015,Transco-30,1.96,-0.07
November,2015,Transco-45,1.98,-0.05
November,2015,Transco-65,,
November,2015,Transco-85,2.02,-0.01
November,2015,Transco-River Road,,
November,2015,Transco-Z5,2.19,0.16
November,2015,Transco-Z5 North,,
November,2015,Transco-Z5 South,,
November,2015,Transco-Z6 (non-NY north ML),,
November,2015,Transco-Z6 (non-NY north),2.22,0.19
November,2015,Transco-Z6 (non-NY south),2.19,0.16
November,2015,Transco-Z6 (non-NY),2.22,0.19
November,2015,Transco-Z6 (NY),2.23,0.2
November,2015,Transco-Z6 Sta-210,,
November,2015,Tres Palacios (inj),,
November,2015,Tres Palacios (w/d),,
November,2015,Trunkline-ELA,1.97,-0.06
November,2015,Trunkline-WLA,1.97,-0.06
November,2015,Trunkline-Z1A,1.94,-0.09
November,2015,TW-Blanco,2.01,-0.02
November,2015,TW-Central,,
November,2015,TW-Panhandle,1.96,-0.07
November,2015,TW-WTX,,
November,2015,Union-Dawn,2.5,0.47
November,2015,Waha,1.97,-0.06
November,2015,White River Hub,,
November,2015,WIC,,
November,2015,0,,
November,2015,0,,
November,2015,0,,
November,2015,0,,
December,2015,AB Pool (inter),,
December,2015,AB Pool (intra),,
December,2015,AGT-CG,,
December,2015,AGT-CG (non-G),5.22,3.01
December,2015,Agua Dulce Hub,,
December,2015,ANR-Joliet Hub,,
December,2015,ANR-SE,,
December,2015,ANR-SE-T,2.15,-0.06
December,2015,ANR-SW,2.11,-0.1
December,2015,APC-ACE,,
December,2015,APC-ANR,,
December,2015,APC-MGTC,,
December,2015,APC-NGPL,,
December,2015,APC-Nicor,,
December,2015,APC-VPC,,
December,2015,Arena WTX Pool,,
December,2015,Atmos Zone 3,,
December,2015,Banquete Hub,,
December,2015,Bay Gas Storage,,
December,2015,Bennington,,
December,2015,Beverly Salem,,
December,2015,Bluewater Hub,,
December,2015,Bobcat Inter,,
December,2015,Bobcat Stor,,
December,2015,Carthage,,
December,2015,CG-Mainline,2.12,-0.09
December,2015,CG-Onshore,2.14,-0.07
December,2015,Cheyenne,2.12,-0.09
December,2015,Chicago,2.39,0.18
December,2015,CIG-Mainline,2.15,-0.06
December,2015,CIG-Mainline Pool,,
December,2015,CIG-Mainline South,,
December,2015,Clarington,,
December,2015,Clarington-Tenn,,
December,2015,Consumers,2.42,0.21
December,2015,Cove Point,,
December,2015,Dracut,,
December,2015,Eastern Gas-North,,
December,2015,Eastern Gas-South,,
December,2015,Egan Inter,,
December,2015,Egan Stor,,
December,2015,EGT-Flex,,
December,2015,EGT-North,,
December,2015,EGT-Perryville Hub,2.08,-0.13
December,2015,EGT-South,,
December,2015,EGT-West,,
December,2015,Enable East Pool,,
December,2015,Enable West Pool ,,
December,2015,ENT-STX Map,,
December,2015,EP-Anadarko,,
December,2015,EP-Keystone,,
December,2015,EP-Plains Pool,,
December,2015,EP-S.Mainline,,
December,2015,EP-SJ Blanco Pool,2.19,-0.02
December,2015,EP-SJ Bondad Stn,,
December,2015,EP-Waha Pool,,
December,2015,ETC-Cleburne,,
December,2015,ETC-Maypearl,,
December,2015,ETC-Tiger Gas (receipt),,
December,2015,FGT-CG,,
December,2015,FGT-Z1,2.18,-0.03
December,2015,FGT-Z2,2.2,-0.01
December,2015,FGT-Z3,2.22,0.01
December,2015,GCX Waha Hub,,
December,2015,Gillis Hub,,
December,2015,GLGT-St.Clair,,
December,2015,Golden Triangle,,
December,2015,GTN-Kingsgate,,
December,2015,GTN-Malin,,
December,2015,GTN-Stanfield,,
December,2015,Guardian Hub,,
December,2015,Gulf S. Pool 16,,
December,2015,Gulf South - Perryville,,
December,2015,Henry,2.21,0.0
December,2015,HPL-ETX Pool,,
December,2015,HSC-HPL Pool,2.19,-0.02
December,2015,HSC-Kinder Morgan,,
December,2015,Iroquois (into),3.17,0.96
December,2015,Iroquois-Z1,,
December,2015,Iroquois-Z2,3.62,1.41
December,2015,Iroquois-Z2 Hunts Pt,,
December,2015,Jefferson Island,,
December,2015,Katy-Enstor Pool,2.17,-0.04
December,2015,Katy-Lonestar Inter,,
December,2015,Katy-Lonestar Intra,,
December,2015,Katy-Oasis,,
December,2015,KRGT-Del Pool,,
December,2015,KRGT-Rec Pool,,
December,2015,Lebanon,2.27,0.06
December,2015,Leidy,,
December,2015,Leidy-Transco,1.34,-0.87
December,2015,M&N US,,
December,2015,MEP-Lamar,,
December,2015,Michcon,2.4,0.19
December,2015,Midship (receipt),,
December,2015,Millennium,,
December,2015,Millennium East Pool,1.38,-0.83
December,2015,Millennium-Ramapo,,
December,2015,Moss Bluff Inter,,
December,2015,Moss Bluff Stor,,
December,2015,MS Hub,,
December,2015,NBPL-Bakken (receipt),,
December,2015,NBPL-Harper,,
December,2015,NBPL-Nicor,2.35,0.14
December,2015,NBPL-Vector,,
December,2015,NBPL-Ventura,2.34,0.13
December,2015,NBPL-Will County,,
December,2015,NGPL-AM Pool,,
December,2015,NGPL-AM Stor,,
December,2015,NGPL-GC Mainline,,
December,2015,NGPL-IA/IL AM Pool,,
December,2015,NGPL-IA/IL AM Stor,,
December,2015,NGPL-IA/IL GC Pool,,
December,2015,NGPL-IA/IL GC Stor,,
December,2015,NGPL-LA Pool,,
December,2015,NGPL-LA Stor,,
December,2015,NGPL-MidAm,,
December,2015,NGPL-Midcont Pool,2.11,-0.1
December,2015,NGPL-Midcont Stor,,
December,2015,NGPL-Nicor,2.35,0.14
December,2015,NGPL-Nipsco,2.49,0.28
December,2015,NGPL-STX,2.13,-0.08
December,2015,NGPL-TXOK East,2.13,-0.08
December,2015,NGPL-TXOK East Stor,2.13,-0.08
December,2015,NGPL-TXOK West,2.13,-0.08
December,2015,NNG-Demarc,2.31,0.1
December,2015,NNG-Mid 13-16A,,
December,2015,NNG-Mid 1-7,,
December,2015,NNG-Mid 8-12,,
December,2015,NNG-Ventura,2.32,0.11
December,2015,Nortex-Tolar Hub,,
December,2015,NWP-Rocky Mtn,2.22,0.01
December,2015,NWP-Sumas,2.47,0.26
December,2015,NWP-Wyoming,,
December,2015,Oasis - Waha Pool,,
December,2015,OGT,,
December,2015,ONEOK Westex,2.08,-0.13
December,2015,Opal,,
December,2015,Panhandle,2.08,-0.13
December,2015,PG&E-Citygate,2.64,0.43
December,2015,PG&E-Daggett,,
December,2015,PG&E-KRS,,
December,2015,PG&E-Topock,,
December,2015,PGLC,2.32,0.11
December,2015,Pine Prairie,,
December,2015,Pioneer,,
December,2015,PNGTS,,
December,2015,Questar-North,,
December,2015,Questar-South,,
December,2015,REX Cheyenne Comp Pool,,
December,2015,REX E-ANR,,
December,2015,REX E-MidW,,
December,2015,REX E-NGPL,,
December,2015,REX E-PEPL,,
December,2015,REX E-Trunk,,
December,2015,REX W-ANR,,
December,2015,REX W-NGPL,,
December,2015,REX W-NNG,,
December,2015,REX W-PEPL,,
December,2015,REX-Z3 (receipt) ,,
December,2015,REX-Z3 Del Pool,2.27,0.06
December,2015,Rover (receipt),,
December,2015,Rover-ANR,,
December,2015,Rover-PEPL,,
December,2015,Ruby-Onyx Hill,,
December,2015,Ruby-Rec Pool,,
December,2015,Ryckman Creek Stor,,
December,2015,Salt Plains Inter,,
December,2015,Salt Plains Stor,,
December,2015,Socal-Blythe,,
December,2015,Socal-Border,2.42,0.21
December,2015,Socal-Citygate,2.59,0.38
December,2015,Socal-Ehrenberg,,
December,2015,Socal-Firm Stor,,
December,2015,Socal-IT Stor,,
December,2015,Socal-Kramer,,
December,2015,Socal-KRS,,
December,2015,Socal-Needles,,
December,2015,Socal-Storage,,
December,2015,Socal-Topock (EP),,
December,2015,Socal-Topock (TW),,
December,2015,Socal-WR,,
December,2015,Sonat-Z0 South,2.18,-0.03
December,2015,Sonat-Z1 North,,
December,2015,Southern Pines Hub,,
December,2015,Southern Star,2.1,-0.11
December,2015,Spectra - Hunt,,
December,2015,Stagecoach ,,
December,2015,Stingray,,
December,2015,TCO,2.05,-0.16
December,2015,TCO-A04 Pool,,
December,2015,TCO-A06 Pool,,
December,2015,TCO-A08 Pool,,
December,2015,TCO-Seg Pool,1.61,-0.6
December,2015,TETCO-ELA,2.11,-0.1
December,2015,TETCO-ETX,2.07,-0.14
December,2015,TETCO-M1 24,,
December,2015,TETCO-M1 30,2.08,-0.13
December,2015,TETCO-M2,,
December,2015,TETCO-M2 (receipt),1.54,-0.67
December,2015,TETCO-M3,2.04,-0.17
December,2015,TETCO-Manhattan,,
December,2015,TETCO-STX,2.13,-0.08
December,2015,TETCO-WLA,2.13,-0.08
December,2015,TGP-500L,2.15,-0.06
December,2015,TGP-800L,2.15,-0.06
December,2015,TGP-Mahwah,,
December,2015,TGP-Niagara,2.4,0.19
December,2015,TGP-Z0 Border Pool,2.12,-0.09
December,2015,TGP-Z0 North,2.12,-0.09
December,2015,TGP-Z0 South,2.12,-0.09
December,2015,TGP-Z1 100L,,
December,2015,TGP-Z1 800L Pool,,
December,2015,TGP-Z1 Sta-87,,
December,2015,TGP-Z4 300L,1.26,-0.95
December,2015,TGP-Z4 Marcellus,1.26,-0.95
December,2015,TGP-Z4 Sta-219,,
December,2015,TGP-Z4 Sta-313,1.45,-0.76
December,2015,TGP-Z5 200L,1.79,-0.42
December,2015,TGP-Z6 200L,5.05,2.84
December,2015,TGP-Z6 200L North,,
December,2015,TGP-Z6 200L South,,
December,2015,TGP-Z6 300L,,
December,2015,TGT-Mainline,2.13,-0.08
December,2015,TGT-North LA,,
December,2015,TGT-SL,2.15,-0.06
December,2015,Transco Zn3,2.19,-0.02
December,2015,Transco-165,,
December,2015,Transco-30,2.14,-0.07
December,2015,Transco-45,2.17,-0.04
December,2015,Transco-65,,
December,2015,Transco-85,2.22,0.01
December,2015,Transco-River Road,,
December,2015,Transco-Z5,2.63,0.42
December,2015,Transco-Z5 North,,
December,2015,Transco-Z5 South,,
December,2015,Transco-Z6 (non-NY north ML),,
December,2015,Transco-Z6 (non-NY north),0.57,-1.64
December,2015,Transco-Z6 (non-NY south),2.71,0.5
December,2015,Transco-Z6 (non-NY),2.78,0.57
December,2015,Transco-Z6 (NY),3.02,0.81
December,2015,Transco-Z6 Sta-210,,
December,2015,Tres Palacios (inj),,
December,2015,Tres Palacios (w/d),,
December,2015,Trunkline-ELA,2.19,-0.02
December,2015,Trunkline-WLA,2.19,-0.02
December,2015,Trunkline-Z1A,2.13,-0.08
December,2015,TW-Blanco,2.19,-0.02
December,2015,TW-Central,,
December,2015,TW-Panhandle,2.12,-0.09
December,2015,TW-WTX,,
December,2015,Union-Dawn,2.49,0.28
December,2015,Waha,2.09,-0.12
December,2015,White River Hub,,
December,2015,WIC,,
December,2015,0,,
December,2015,0,,
December,2015,0,,
December,2015,0,,
January,2016,AB Pool (inter),,
January,2016,AB Pool (intra),,
January,2016,AGT-CG,,
January,2016,AGT-CG (non-G),6.83,4.45
January,2016,Agua Dulce Hub,,
January,2016,ANR-Joliet Hub,,
January,2016,ANR-SE,,
January,2016,ANR-SE-T,2.33,-0.05
January,2016,ANR-SW,2.06,-0.32
January,2016,APC-ACE,,
January,2016,APC-ANR,,
January,2016,APC-MGTC,,
January,2016,APC-NGPL,,
January,2016,APC-Nicor,,
January,2016,APC-VPC,,
January,2016,Arena WTX Pool,,
January,2016,Atmos Zone 3,,
January,2016,Banquete Hub,,
January,2016,Bay Gas Storage,,
January,2016,Bennington,,
January,2016,Beverly Salem,,
January,2016,Bluewater Hub,,
January,2016,Bobcat Inter,,
January,2016,Bobcat Stor,,
January,2016,Carthage,,
January,2016,CG-Mainline,2.3,-0.08
January,2016,CG-Onshore,2.33,-0.05
January,2016,Cheyenne,2.03,-0.35
January,2016,Chicago,2.57,0.19
January,2016,CIG-Mainline,1.9,-0.48
January,2016,CIG-Mainline Pool,,
January,2016,CIG-Mainline South,,
January,2016,Clarington,,
January,2016,Clarington-Tenn,,
January,2016,Consumers,2.55,0.17
January,2016,Cove Point,,
January,2016,Dracut,,
January,2016,Eastern Gas-North,,
January,2016,Eastern Gas-South,,
January,2016,Egan Inter,,
January,2016,Egan Stor,,
January,2016,EGT-Flex,,
January,2016,EGT-North,,
January,2016,EGT-Perryville Hub,2.15,-0.23
January,2016,EGT-South,,
January,2016,EGT-West,,
January,2016,Enable East Pool,,
January,2016,Enable West Pool ,,
January,2016,ENT-STX Map,,
January,2016,EP-Anadarko,,
January,2016,EP-Keystone,,
January,2016,EP-Plains Pool,,
January,2016,EP-S.Mainline,,
January,2016,EP-SJ Blanco Pool,2.05,-0.33
January,2016,EP-SJ Bondad Stn,,
January,2016,EP-Waha Pool,,
January,2016,ETC-Cleburne,,
January,2016,ETC-Maypearl,,
January,2016,ETC-Tiger Gas (receipt),,
January,2016,FGT-CG,,
January,2016,FGT-Z1,2.39,0.01
January,2016,FGT-Z2,2.42,0.04
January,2016,FGT-Z3,2.43,0.05
January,2016,GCX Waha Hub,,
January,2016,Gillis Hub,,
January,2016,GLGT-St.Clair,,
January,2016,Golden Triangle,,
January,2016,GTN-Kingsgate,,
January,2016,GTN-Malin,,
January,2016,GTN-Stanfield,,
January,2016,Guardian Hub,,
January,2016,Gulf S. Pool 16,,
January,2016,Gulf South - Perryville,,
January,2016,Henry,2.38,0.0
January,2016,HPL-ETX Pool,,
January,2016,HSC-HPL Pool,2.23,-0.15
January,2016,HSC-Kinder Morgan,,
January,2016,Iroquois (into),4.1,1.72
January,2016,Iroquois-Z1,,
January,2016,Iroquois-Z2,4.76,2.38
January,2016,Iroquois-Z2 Hunts Pt,,
January,2016,Jefferson Island,,
January,2016,Katy-Enstor Pool,2.34,-0.04
January,2016,Katy-Lonestar Inter,,
January,2016,Katy-Lonestar Intra,,
January,2016,Katy-Oasis,,
January,2016,KRGT-Del Pool,,
January,2016,KRGT-Rec Pool,,
January,2016,Lebanon,2.51,0.13
January,2016,Leidy,,
January,2016,Leidy-Transco,1.2,-1.18
January,2016,M&N US,,
January,2016,MEP-Lamar,,
January,2016,Michcon,2.5,0.12
January,2016,Midship (receipt),,
January,2016,Millennium,,
January,2016,Millennium East Pool,1.18,-1.2
January,2016,Millennium-Ramapo,,
January,2016,Moss Bluff Inter,,
January,2016,Moss Bluff Stor,,
January,2016,MS Hub,,
January,2016,NBPL-Bakken (receipt),,
January,2016,NBPL-Harper,,
January,2016,NBPL-Nicor,2.63,0.25
January,2016,NBPL-Vector,,
January,2016,NBPL-Ventura,2.51,0.13
January,2016,NBPL-Will County,,
January,2016,NGPL-AM Pool,,
January,2016,NGPL-AM Stor,,
January,2016,NGPL-GC Mainline,,
January,2016,NGPL-IA/IL AM Pool,,
January,2016,NGPL-IA/IL AM Stor,,
January,2016,NGPL-IA/IL GC Pool,,
January,2016,NGPL-IA/IL GC Stor,,
January,2016,NGPL-LA Pool,,
January,2016,NGPL-LA Stor,,
January,2016,NGPL-MidAm,,
January,2016,NGPL-Midcont Pool,2.16,-0.22
January,2016,NGPL-Midcont Stor,,
January,2016,NGPL-Nicor,2.63,0.25
January,2016,NGPL-Nipsco,2.53,0.15
January,2016,NGPL-STX,2.33,-0.05
January,2016,NGPL-TXOK East,2.25,-0.13
January,2016,NGPL-TXOK East Stor,2.25,-0.13
January,2016,NGPL-TXOK West,2.25,-0.13
January,2016,NNG-Demarc,2.45,0.07
January,2016,NNG-Mid 13-16A,,
January,2016,NNG-Mid 1-7,,
January,2016,NNG-Mid 8-12,,
January,2016,NNG-Ventura,2.33,-0.05
January,2016,Nortex-Tolar Hub,,
January,2016,NWP-Rocky Mtn,2.28,-0.1
January,2016,NWP-Sumas,2.57,0.19
January,2016,NWP-Wyoming,,
January,2016,Oasis - Waha Pool,,
January,2016,OGT,,
January,2016,ONEOK Westex,2.11,-0.27
January,2016,Opal,,
January,2016,Panhandle,2.1,-0.28
January,2016,PG&E-Citygate,2.84,0.46
January,2016,PG&E-Daggett,,
January,2016,PG&E-KRS,,
January,2016,PG&E-Topock,,
January,2016,PGLC,2.53,0.15
January,2016,Pine Prairie,,
January,2016,Pioneer,,
January,2016,PNGTS,,
January,2016,Questar-North,,
January,2016,Questar-South,,
January,2016,REX Cheyenne Comp Pool,,
January,2016,REX E-ANR,,
January,2016,REX E-MidW,,
January,2016,REX E-NGPL,,
January,2016,REX E-PEPL,,
January,2016,REX E-Trunk,,
January,2016,REX W-ANR,,
January,2016,REX W-NGPL,,
January,2016,REX W-NNG,,
January,2016,REX W-PEPL,,
January,2016,REX-Z3 (receipt) ,,
January,2016,REX-Z3 Del Pool,2.44,0.06
January,2016,Rover (receipt),,
January,2016,Rover-ANR,,
January,2016,Rover-PEPL,,
January,2016,Ruby-Onyx Hill,,
January,2016,Ruby-Rec Pool,,
January,2016,Ryckman Creek Stor,,
January,2016,Salt Plains Inter,,
January,2016,Salt Plains Stor,,
January,2016,Socal-Blythe,,
January,2016,Socal-Border,2.58,0.2
January,2016,Socal-Citygate,2.75,0.37
January,2016,Socal-Ehrenberg,,
January,2016,Socal-Firm Stor,,
January,2016,Socal-IT Stor,,
January,2016,Socal-Kramer,,
January,2016,Socal-KRS,,
January,2016,Socal-Needles,,
January,2016,Socal-Storage,,
January,2016,Socal-Topock (EP),,
January,2016,Socal-Topock (TW),,
January,2016,Socal-WR,,
January,2016,Sonat-Z0 South,2.36,-0.02
January,2016,Sonat-Z1 North,,
January,2016,Southern Pines Hub,,
January,2016,Southern Star,2.15,-0.23
January,2016,Spectra - Hunt,,
January,2016,Stagecoach ,,
January,2016,Stingray,,
January,2016,TCO,2.21,-0.17
January,2016,TCO-A04 Pool,,
January,2016,TCO-A06 Pool,,
January,2016,TCO-A08 Pool,,
January,2016,TCO-Seg Pool,1.47,-0.91
January,2016,TETCO-ELA,2.31,-0.07
January,2016,TETCO-ETX,2.27,-0.11
January,2016,TETCO-M1 24,,
January,2016,TETCO-M1 30,2.32,-0.06
January,2016,TETCO-M2,,
January,2016,TETCO-M2 (receipt),1.27,-1.11
January,2016,TETCO-M3,2.65,0.27
January,2016,TETCO-Manhattan,,
January,2016,TETCO-STX,2.32,-0.06
January,2016,TETCO-WLA,2.32,-0.06
January,2016,TGP-500L,2.34,-0.04
January,2016,TGP-800L,2.34,-0.04
January,2016,TGP-Mahwah,,
January,2016,TGP-Niagara,2.61,0.23
January,2016,TGP-Z0 Border Pool,2.3,-0.08
January,2016,TGP-Z0 North,2.3,-0.08
January,2016,TGP-Z0 South,2.3,-0.08
January,2016,TGP-Z1 100L,,
January,2016,TGP-Z1 800L Pool,,
January,2016,TGP-Z1 Sta-87,,
January,2016,TGP-Z4 300L,1.1,-1.28
January,2016,TGP-Z4 Marcellus,1.1,-1.28
January,2016,TGP-Z4 Sta-219,,
January,2016,TGP-Z4 Sta-313,1.37,-1.01
January,2016,TGP-Z5 200L,1.68,-0.7
January,2016,TGP-Z6 200L,6.61,4.23
January,2016,TGP-Z6 200L North,,
January,2016,TGP-Z6 200L South,,
January,2016,TGP-Z6 300L,,
January,2016,TGT-Mainline,2.32,-0.06
January,2016,TGT-North LA,,
January,2016,TGT-SL,2.35,-0.03
January,2016,Transco Zn3,2.39,0.01
January,2016,Transco-165,,
January,2016,Transco-30,2.35,-0.03
January,2016,Transco-45,2.37,-0.01
January,2016,Transco-65,,
January,2016,Transco-85,2.4,0.02
January,2016,Transco-River Road,,
January,2016,Transco-Z5,3.25,0.87
January,2016,Transco-Z5 North,,
January,2016,Transco-Z5 South,,
January,2016,Transco-Z6 (non-NY north ML),,
January,2016,Transco-Z6 (non-NY north),1.23,-1.15
January,2016,Transco-Z6 (non-NY south),2.21,-0.17
January,2016,Transco-Z6 (non-NY),3.61,1.23
January,2016,Transco-Z6 (NY),4.76,2.38
January,2016,Transco-Z6 Sta-210,,
January,2016,Tres Palacios (inj),,
January,2016,Tres Palacios (w/d),,
January,2016,Trunkline-ELA,2.38,0.0
January,2016,Trunkline-WLA,2.38,0.0
January,2016,Trunkline-Z1A,2.33,-0.05
January,2016,TW-Blanco,2.25,-0.13
January,2016,TW-Central,,
January,2016,TW-Panhandle,2.06,-0.32
January,2016,TW-WTX,,
January,2016,Union-Dawn,2.62,0.24
January,2016,Waha,1.99,-0.39
January,2016,White River Hub,,
January,2016,WIC,,
January,2016,0,,
January,2016,0,,
January,2016,0,,
January,2016,0,,
February,2016,AB Pool (inter),,
February,2016,AB Pool (intra),,
February,2016,AGT-CG,,
February,2016,AGT-CG (non-G),4.66,2.47
February,2016,Agua Dulce Hub,,
February,2016,ANR-Joliet Hub,,
February,2016,ANR-SE,,
February,2016,ANR-SE-T,2.17,-0.02
February,2016,ANR-SW,2.05,-0.14
February,2016,APC-ACE,,
February,2016,APC-ANR,,
February,2016,APC-MGTC,,
February,2016,APC-NGPL,,
February,2016,APC-Nicor,,
February,2016,APC-VPC,,
February,2016,Arena WTX Pool,,
February,2016,Atmos Zone 3,,
February,2016,Banquete Hub,,
February,2016,Bay Gas Storage,,
February,2016,Bennington,,
February,2016,Beverly Salem,,
February,2016,Bluewater Hub,,
February,2016,Bobcat Inter,,
February,2016,Bobcat Stor,,
February,2016,Carthage,,
February,2016,CG-Mainline,2.13,-0.06
February,2016,CG-Onshore,2.14,-0.05
February,2016,Cheyenne,2.04,-0.15
February,2016,Chicago,2.32,0.13
February,2016,CIG-Mainline,1.99,-0.2
February,2016,CIG-Mainline Pool,,
February,2016,CIG-Mainline South,,
February,2016,Clarington,,
February,2016,Clarington-Tenn,,
February,2016,Consumers,2.28,0.09
February,2016,Cove Point,,
February,2016,Dracut,,
February,2016,Eastern Gas-North,,
February,2016,Eastern Gas-South,,
February,2016,Egan Inter,,
February,2016,Egan Stor,,
February,2016,EGT-Flex,,
February,2016,EGT-North,,
February,2016,EGT-Perryville Hub,2.11,-0.08
February,2016,EGT-South,,
February,2016,EGT-West,,
February,2016,Enable East Pool,,
February,2016,Enable West Pool ,,
February,2016,ENT-STX Map,,
February,2016,EP-Anadarko,,
February,2016,EP-Keystone,,
February,2016,EP-Plains Pool,,
February,2016,EP-S.Mainline,,
February,2016,EP-SJ Blanco Pool,2.03,-0.16
February,2016,EP-SJ Bondad Stn,,
February,2016,EP-Waha Pool,,
February,2016,ETC-Cleburne,,
February,2016,ETC-Maypearl,,
February,2016,ETC-Tiger Gas (receipt),,
February,2016,FGT-CG,,
February,2016,FGT-Z1,2.18,-0.01
February,2016,FGT-Z2,2.19,0.0
February,2016,FGT-Z3,2.24,0.05
February,2016,GCX Waha Hub,,
February,2016,Gillis Hub,,
February,2016,GLGT-St.Clair,,
February,2016,Golden Triangle,,
February,2016,GTN-Kingsgate,,
February,2016,GTN-Malin,,
February,2016,GTN-Stanfield,,
February,2016,Guardian Hub,,
February,2016,Gulf S. Pool 16,,
February,2016,Gulf South - Perryville,,
February,2016,Henry,2.19,0.0
February,2016,HPL-ETX Pool,,
February,2016,HSC-HPL Pool,2.23,0.04
February,2016,HSC-Kinder Morgan,,
February,2016,Iroquois (into),3.2,1.01
February,2016,Iroquois-Z1,,
February,2016,Iroquois-Z2,2.85,0.66
February,2016,Iroquois-Z2 Hunts Pt,,
February,2016,Jefferson Island,,
February,2016,Katy-Enstor Pool,2.16,-0.03
February,2016,Katy-Lonestar Inter,,
February,2016,Katy-Lonestar Intra,,
February,2016,Katy-Oasis,,
February,2016,KRGT-Del Pool,,
February,2016,KRGT-Rec Pool,,
February,2016,Lebanon,2.2,0.01
February,2016,Leidy,,
February,2016,Leidy-Transco,1.2,-0.99
February,2016,M&N US,,
February,2016,MEP-Lamar,,
February,2016,Michcon,2.28,0.09
February,2016,Midship (receipt),,
February,2016,Millennium,,
February,2016,Millennium East Pool,1.22,-0.97
February,2016,Millennium-Ramapo,,
February,2016,Moss Bluff Inter,,
February,2016,Moss Bluff Stor,,
February,2016,MS Hub,,
February,2016,NBPL-Bakken (receipt),,
February,2016,NBPL-Harper,,
February,2016,NBPL-Nicor,2.31,0.12
February,2016,NBPL-Vector,,
February,2016,NBPL-Ventura,2.26,0.07
February,2016,NBPL-Will County,,
February,2016,NGPL-AM Pool,,
February,2016,NGPL-AM Stor,,
February,2016,NGPL-GC Mainline,,
February,2016,NGPL-IA/IL AM Pool,,
February,2016,NGPL-IA/IL AM Stor,,
February,2016,NGPL-IA/IL GC Pool,,
February,2016,NGPL-IA/IL GC Stor,,
February,2016,NGPL-LA Pool,,
February,2016,NGPL-LA Stor,,
February,2016,NGPL-MidAm,,
February,2016,NGPL-Midcont Pool,2.06,-0.13
February,2016,NGPL-Midcont Stor,,
February,2016,NGPL-Nicor,2.31,0.12
February,2016,NGPL-Nipsco,2.34,0.15
February,2016,NGPL-STX,2.13,-0.06
February,2016,NGPL-TXOK East,2.13,-0.06
February,2016,NGPL-TXOK East Stor,2.13,-0.06
February,2016,NGPL-TXOK West,2.13,-0.06
February,2016,NNG-Demarc,2.29,0.1
February,2016,NNG-Mid 13-16A,,
February,2016,NNG-Mid 1-7,,
February,2016,NNG-Mid 8-12,,
February,2016,NNG-Ventura,2.28,0.09
February,2016,Nortex-Tolar Hub,,
February,2016,NWP-Rocky Mtn,2.02,-0.17
February,2016,NWP-Sumas,2.1,-0.09
February,2016,NWP-Wyoming,,
February,2016,Oasis - Waha Pool,,
February,2016,OGT,,
February,2016,ONEOK Westex,2.04,-0.15
February,2016,Opal,,
February,2016,Panhandle,2.04,-0.15
February,2016,PG&E-Citygate,2.49,0.3
February,2016,PG&E-Daggett,,
February,2016,PG&E-KRS,,
February,2016,PG&E-Topock,,
February,2016,PGLC,2.29,0.1
February,2016,Pine Prairie,,
February,2016,Pioneer,,
February,2016,PNGTS,,
February,2016,Questar-North,,
February,2016,Questar-South,,
February,2016,REX Cheyenne Comp Pool,,
February,2016,REX E-ANR,,
February,2016,REX E-MidW,,
February,2016,REX E-NGPL,,
February,2016,REX E-PEPL,,
February,2016,REX E-Trunk,,
February,2016,REX W-ANR,,
February,2016,REX W-NGPL,,
February,2016,REX W-NNG,,
February,2016,REX W-PEPL,,
February,2016,REX-Z3 (receipt) ,,
February,2016,REX-Z3 Del Pool,2.18,-0.01
February,2016,Rover (receipt),,
February,2016,Rover-ANR,,
February,2016,Rover-PEPL,,
February,2016,Ruby-Onyx Hill,,
February,2016,Ruby-Rec Pool,,
February,2016,Ryckman Creek Stor,,
February,2016,Salt Plains Inter,,
February,2016,Salt Plains Stor,,
February,2016,Socal-Blythe,,
February,2016,Socal-Border,2.24,0.05
February,2016,Socal-Citygate,2.44,0.25
February,2016,Socal-Ehrenberg,,
February,2016,Socal-Firm Stor,,
February,2016,Socal-IT Stor,,
February,2016,Socal-Kramer,,
February,2016,Socal-KRS,,
February,2016,Socal-Needles,,
February,2016,Socal-Storage,,
February,2016,Socal-Topock (EP),,
February,2016,Socal-Topock (TW),,
February,2016,Socal-WR,,
February,2016,Sonat-Z0 South,2.17,-0.02
February,2016,Sonat-Z1 North,,
February,2016,Southern Pines Hub,,
February,2016,Southern Star,2.02,-0.17
February,2016,Spectra - Hunt,,
February,2016,Stagecoach ,,
February,2016,Stingray,,
February,2016,TCO,2.05,-0.14
February,2016,TCO-A04 Pool,,
February,2016,TCO-A06 Pool,,
February,2016,TCO-A08 Pool,,
February,2016,TCO-Seg Pool,1.48,-0.71
February,2016,TETCO-ELA,2.11,-0.08
February,2016,TETCO-ETX,2.1,-0.09
February,2016,TETCO-M1 24,,
February,2016,TETCO-M1 30,2.12,-0.07
February,2016,TETCO-M2,,
February,2016,TETCO-M2 (receipt),1.37,-0.82
February,2016,TETCO-M3,2.31,0.12
February,2016,TETCO-Manhattan,,
February,2016,TETCO-STX,2.13,-0.06
February,2016,TETCO-WLA,2.11,-0.08
February,2016,TGP-500L,2.16,-0.03
February,2016,TGP-800L,2.15,-0.04
February,2016,TGP-Mahwah,,
February,2016,TGP-Niagara,2.2,0.01
February,2016,TGP-Z0 Border Pool,2.13,-0.06
February,2016,TGP-Z0 North,2.13,-0.06
February,2016,TGP-Z0 South,2.13,-0.06
February,2016,TGP-Z1 100L,,
February,2016,TGP-Z1 800L Pool,,
February,2016,TGP-Z1 Sta-87,,
February,2016,TGP-Z4 300L,1.14,-1.05
February,2016,TGP-Z4 Marcellus,1.14,-1.05
February,2016,TGP-Z4 Sta-219,,
February,2016,TGP-Z4 Sta-313,1.32,-0.87
February,2016,TGP-Z5 200L,1.58,-0.61
February,2016,TGP-Z6 200L,4.55,2.36
February,2016,TGP-Z6 200L North,,
February,2016,TGP-Z6 200L South,,
February,2016,TGP-Z6 300L,,
February,2016,TGT-Mainline,2.14,-0.05
February,2016,TGT-North LA,,
February,2016,TGT-SL,2.15,-0.04
February,2016,Transco Zn3,2.2,0.01
February,2016,Transco-165,,
February,2016,Transco-30,2.14,-0.05
February,2016,Transco-45,2.17,-0.02
February,2016,Transco-65,,
February,2016,Transco-85,2.21,0.02
February,2016,Transco-River Road,,
February,2016,Transco-Z5,3.0,0.81
February,2016,Transco-Z5 North,,
February,2016,Transco-Z5 South,,
February,2016,Transco-Z6 (non-NY north ML),,
February,2016,Transco-Z6 (non-NY north),3.03,0.84
February,2016,Transco-Z6 (non-NY south),3.19,1.0
February,2016,Transco-Z6 (non-NY),3.04,0.85
February,2016,Transco-Z6 (NY),3.73,1.54
February,2016,Transco-Z6 Sta-210,,
February,2016,Tres Palacios (inj),,
February,2016,Tres Palacios (w/d),,
February,2016,Trunkline-ELA,2.16,-0.03
February,2016,Trunkline-WLA,2.16,-0.03
February,2016,Trunkline-Z1A,2.13,-0.06
February,2016,TW-Blanco,2.03,-0.16
February,2016,TW-Central,,
February,2016,TW-Panhandle,2.02,-0.17
February,2016,TW-WTX,,
February,2016,Union-Dawn,2.34,0.15
February,2016,Waha,2.03,-0.16
February,2016,White River Hub,,
February,2016,WIC,,
February,2016,0,,
February,2016,0,,
February,2016,0,,
February,2016,0,,
March,2016,AB Pool (inter),,
March,2016,AB Pool (intra),,
March,2016,AGT-CG,,
March,2016,AGT-CG (non-G),2.97,1.27
March,2016,Agua Dulce Hub,,
March,2016,ANR-Joliet Hub,,
March,2016,ANR-SE,,
March,2016,ANR-SE-T,1.64,-0.06
March,2016,ANR-SW,1.53,-0.17
March,2016,APC-ACE,,
March,2016,APC-ANR,,
March,2016,APC-MGTC,,
March,2016,APC-NGPL,,
March,2016,APC-Nicor,,
March,2016,APC-VPC,,
March,2016,Arena WTX Pool,,
March,2016,Atmos Zone 3,,
March,2016,Banquete Hub,,
March,2016,Bay Gas Storage,,
March,2016,Bennington,,
March,2016,Beverly Salem,,
March,2016,Bluewater Hub,,
March,2016,Bobcat Inter,,
March,2016,Bobcat Stor,,
March,2016,Carthage,,
March,2016,CG-Mainline,1.63,-0.07
March,2016,CG-Onshore,1.64,-0.06
March,2016,Cheyenne,1.52,-0.18
March,2016,Chicago,1.85,0.15
March,2016,CIG-Mainline,1.49,-0.21
March,2016,CIG-Mainline Pool,,
March,2016,CIG-Mainline South,,
March,2016,Clarington,,
March,2016,Clarington-Tenn,,
March,2016,Consumers,1.77,0.07
March,2016,Cove Point,,
March,2016,Dracut,,
March,2016,Eastern Gas-North,,
March,2016,Eastern Gas-South,,
March,2016,Egan Inter,,
March,2016,Egan Stor,,
March,2016,EGT-Flex,,
March,2016,EGT-North,,
March,2016,EGT-Perryville Hub,1.58,-0.12
March,2016,EGT-South,,
March,2016,EGT-West,,
March,2016,Enable East Pool,,
March,2016,Enable West Pool ,,
March,2016,ENT-STX Map,,
March,2016,EP-Anadarko,,
March,2016,EP-Keystone,,
March,2016,EP-Plains Pool,,
March,2016,EP-S.Mainline,,
March,2016,EP-SJ Blanco Pool,1.52,-0.18
March,2016,EP-SJ Bondad Stn,,
March,2016,EP-Waha Pool,,
March,2016,ETC-Cleburne,,
March,2016,ETC-Maypearl,,
March,2016,ETC-Tiger Gas (receipt),,
March,2016,FGT-CG,,
March,2016,FGT-Z1,1.68,-0.02
March,2016,FGT-Z2,1.7,0.0
March,2016,FGT-Z3,1.74,0.04
March,2016,GCX Waha Hub,,
March,2016,Gillis Hub,,
March,2016,GLGT-St.Clair,,
March,2016,Golden Triangle,,
March,2016,GTN-Kingsgate,,
March,2016,GTN-Malin,,
March,2016,GTN-Stanfield,,
March,2016,Guardian Hub,,
March,2016,Gulf S. Pool 16,,
March,2016,Gulf South - Perryville,,
March,2016,Henry,1.7,0.0
March,2016,HPL-ETX Pool,,
March,2016,HSC-HPL Pool,1.7,0.0
March,2016,HSC-Kinder Morgan,,
March,2016,Iroquois (into),1.97,0.27
March,2016,Iroquois-Z1,,
March,2016,Iroquois-Z2,2.05,0.35
March,2016,Iroquois-Z2 Hunts Pt,,
March,2016,Jefferson Island,,
March,2016,Katy-Enstor Pool,1.8,0.1
March,2016,Katy-Lonestar Inter,,
March,2016,Katy-Lonestar Intra,,
March,2016,Katy-Oasis,,
March,2016,KRGT-Del Pool,,
March,2016,KRGT-Rec Pool,,
March,2016,Lebanon,1.64,-0.06
March,2016,Leidy,,
March,2016,Leidy-Transco,0.9,-0.8
March,2016,M&N US,,
March,2016,MEP-Lamar,,
March,2016,Michcon,1.76,0.06
March,2016,Midship (receipt),,
March,2016,Millennium,,
March,2016,Millennium East Pool,0.92,-0.78
March,2016,Millennium-Ramapo,,
March,2016,Moss Bluff Inter,,
March,2016,Moss Bluff Stor,,
March,2016,MS Hub,,
March,2016,NBPL-Bakken (receipt),,
March,2016,NBPL-Harper,,
March,2016,NBPL-Nicor,1.88,0.18
March,2016,NBPL-Vector,,
March,2016,NBPL-Ventura,1.66,-0.04
March,2016,NBPL-Will County,,
March,2016,NGPL-AM Pool,,
March,2016,NGPL-AM Stor,,
March,2016,NGPL-GC Mainline,,
March,2016,NGPL-IA/IL AM Pool,,
March,2016,NGPL-IA/IL AM Stor,,
March,2016,NGPL-IA/IL GC Pool,,
March,2016,NGPL-IA/IL GC Stor,,
March,2016,NGPL-LA Pool,,
March,2016,NGPL-LA Stor,,
March,2016,NGPL-MidAm,,
March,2016,NGPL-Midcont Pool,1.52,-0.18
March,2016,NGPL-Midcont Stor,,
March,2016,NGPL-Nicor,1.88,0.18
March,2016,NGPL-Nipsco,1.73,0.03
March,2016,NGPL-STX,1.63,-0.07
March,2016,NGPL-TXOK East,1.62,-0.08
March,2016,NGPL-TXOK East Stor,1.62,-0.08
March,2016,NGPL-TXOK West,1.62,-0.08
March,2016,NNG-Demarc,1.64,-0.06
March,2016,NNG-Mid 13-16A,,
March,2016,NNG-Mid 1-7,,
March,2016,NNG-Mid 8-12,,
March,2016,NNG-Ventura,1.63,-0.07
March,2016,Nortex-Tolar Hub,,
March,2016,NWP-Rocky Mtn,1.51,-0.19
March,2016,NWP-Sumas,1.41,-0.29
March,2016,NWP-Wyoming,,
March,2016,Oasis - Waha Pool,,
March,2016,OGT,,
March,2016,ONEOK Westex,1.48,-0.22
March,2016,Opal,,
March,2016,Panhandle,1.48,-0.22
March,2016,PG&E-Citygate,1.98,0.28
March,2016,PG&E-Daggett,,
March,2016,PG&E-KRS,,
March,2016,PG&E-Topock,,
March,2016,PGLC,1.7,0.0
March,2016,Pine Prairie,,
March,2016,Pioneer,,
March,2016,PNGTS,,
March,2016,Questar-North,,
March,2016,Questar-South,,
March,2016,REX Cheyenne Comp Pool,,
March,2016,REX E-ANR,,
March,2016,REX E-MidW,,
March,2016,REX E-NGPL,,
March,2016,REX E-PEPL,,
March,2016,REX E-Trunk,,
March,2016,REX W-ANR,,
March,2016,REX W-NGPL,,
March,2016,REX W-NNG,,
March,2016,REX W-PEPL,,
March,2016,REX-Z3 (receipt) ,,
March,2016,REX-Z3 Del Pool,1.63,-0.07
March,2016,Rover (receipt),,
March,2016,Rover-ANR,,
March,2016,Rover-PEPL,,
March,2016,Ruby-Onyx Hill,,
March,2016,Ruby-Rec Pool,,
March,2016,Ryckman Creek Stor,,
March,2016,Salt Plains Inter,,
March,2016,Salt Plains Stor,,
March,2016,Socal-Blythe,,
March,2016,Socal-Border,1.62,-0.08
March,2016,Socal-Citygate,1.79,0.09
March,2016,Socal-Ehrenberg,,
March,2016,Socal-Firm Stor,,
March,2016,Socal-IT Stor,,
March,2016,Socal-Kramer,,
March,2016,Socal-KRS,,
March,2016,Socal-Needles,,
March,2016,Socal-Storage,,
March,2016,Socal-Topock (EP),,
March,2016,Socal-Topock (TW),,
March,2016,Socal-WR,,
March,2016,Sonat-Z0 South,1.67,-0.03
March,2016,Sonat-Z1 North,,
March,2016,Southern Pines Hub,,
March,2016,Southern Star,1.49,-0.21
March,2016,Spectra - Hunt,,
March,2016,Stagecoach ,,
March,2016,Stingray,,
March,2016,TCO,1.58,-0.12
March,2016,TCO-A04 Pool,,
March,2016,TCO-A06 Pool,,
March,2016,TCO-A08 Pool,,
March,2016,TCO-Seg Pool,1.04,-0.66
March,2016,TETCO-ELA,1.63,-0.07
March,2016,TETCO-ETX,1.61,-0.09
March,2016,TETCO-M1 24,,
March,2016,TETCO-M1 30,1.62,-0.08
March,2016,TETCO-M2,,
March,2016,TETCO-M2 (receipt),0.96,-0.74
March,2016,TETCO-M3,1.16,-0.54
March,2016,TETCO-Manhattan,,
March,2016,TETCO-STX,1.63,-0.07
March,2016,TETCO-WLA,1.63,-0.07
March,2016,TGP-500L,1.66,-0.04
March,2016,TGP-800L,1.64,-0.06
March,2016,TGP-Mahwah,,
March,2016,TGP-Niagara,1.69,-0.01
March,2016,TGP-Z0 Border Pool,1.63,-0.07
March,2016,TGP-Z0 North,1.63,-0.07
March,2016,TGP-Z0 South,1.63,-0.07
March,2016,TGP-Z1 100L,,
March,2016,TGP-Z1 800L Pool,,
March,2016,TGP-Z1 Sta-87,,
March,2016,TGP-Z4 300L,0.83,-0.87
March,2016,TGP-Z4 Marcellus,0.83,-0.87
March,2016,TGP-Z4 Sta-219,,
March,2016,TGP-Z4 Sta-313,0.95,-0.75
March,2016,TGP-Z5 200L,1.11,-0.59
March,2016,TGP-Z6 200L,2.89,1.19
March,2016,TGP-Z6 200L North,,
March,2016,TGP-Z6 200L South,,
March,2016,TGP-Z6 300L,,
March,2016,TGT-Mainline,1.63,-0.07
March,2016,TGT-North LA,,
March,2016,TGT-SL,1.64,-0.06
March,2016,Transco Zn3,1.69,-0.01
March,2016,Transco-165,,
March,2016,Transco-30,1.65,-0.05
March,2016,Transco-45,1.67,-0.03
March,2016,Transco-65,,
March,2016,Transco-85,1.69,-0.01
March,2016,Transco-River Road,,
March,2016,Transco-Z5,1.81,0.11
March,2016,Transco-Z5 North,,
March,2016,Transco-Z5 South,,
March,2016,Transco-Z6 (non-NY north ML),,
March,2016,Transco-Z6 (non-NY north),1.58,-0.12
March,2016,Transco-Z6 (non-NY south),1.65,-0.05
March,2016,Transco-Z6 (non-NY),1.58,-0.12
March,2016,Transco-Z6 (NY),1.68,-0.02
March,2016,Transco-Z6 Sta-210,,
March,2016,Tres Palacios (inj),,
March,2016,Tres Palacios (w/d),,
March,2016,Trunkline-ELA,1.65,-0.05
March,2016,Trunkline-WLA,1.65,-0.05
March,2016,Trunkline-Z1A,1.63,-0.07
March,2016,TW-Blanco,1.52,-0.18
March,2016,TW-Central,,
March,2016,TW-Panhandle,1.55,-0.15
March,2016,TW-WTX,,
March,2016,Union-Dawn,1.84,0.14
March,2016,Waha,1.6,-0.1
March,2016,White River Hub,,
March,2016,WIC,,
March,2016,0,,
March,2016,0,,
March,2016,0,,
March,2016,0,,
April,2016,AB Pool (inter),,
April,2016,AB Pool (intra),,
April,2016,AGT-CG,,
April,2016,AGT-CG (non-G),2.52,0.62
April,2016,Agua Dulce Hub,,
April,2016,ANR-Joliet Hub,,
April,2016,ANR-SE,,
April,2016,ANR-SE-T,1.83,-0.07
April,2016,ANR-SW,1.63,-0.27
April,2016,APC-ACE,,
April,2016,APC-ANR,,
April,2016,APC-MGTC,,
April,2016,APC-NGPL,,
April,2016,APC-Nicor,,
April,2016,APC-VPC,,
April,2016,Arena WTX Pool,,
April,2016,Atmos Zone 3,,
April,2016,Banquete Hub,,
April,2016,Bay Gas Storage,,
April,2016,Bennington,,
April,2016,Beverly Salem,,
April,2016,Bluewater Hub,,
April,2016,Bobcat Inter,,
April,2016,Bobcat Stor,,
April,2016,Carthage,,
April,2016,CG-Mainline,1.83,-0.07
April,2016,CG-Onshore,1.84,-0.06
April,2016,Cheyenne,1.56,-0.34
April,2016,Chicago,1.89,-0.01
April,2016,CIG-Mainline,1.51,-0.39
April,2016,CIG-Mainline Pool,,
April,2016,CIG-Mainline South,,
April,2016,Clarington,,
April,2016,Clarington-Tenn,,
April,2016,Consumers,1.98,0.08
April,2016,Cove Point,,
April,2016,Dracut,,
April,2016,Eastern Gas-North,,
April,2016,Eastern Gas-South,,
April,2016,Egan Inter,,
April,2016,Egan Stor,,
April,2016,EGT-Flex,,
April,2016,EGT-North,,
April,2016,EGT-Perryville Hub,1.66,-0.24
April,2016,EGT-South,,
April,2016,EGT-West,,
April,2016,Enable East Pool,,
April,2016,Enable West Pool ,,
April,2016,ENT-STX Map,,
April,2016,EP-Anadarko,,
April,2016,EP-Keystone,,
April,2016,EP-Plains Pool,,
April,2016,EP-S.Mainline,,
April,2016,EP-SJ Blanco Pool,1.52,-0.38
April,2016,EP-SJ Bondad Stn,,
April,2016,EP-Waha Pool,,
April,2016,ETC-Cleburne,,
April,2016,ETC-Maypearl,,
April,2016,ETC-Tiger Gas (receipt),,
April,2016,FGT-CG,,
April,2016,FGT-Z1,1.88,-0.02
April,2016,FGT-Z2,1.89,-0.01
April,2016,FGT-Z3,1.93,0.03
April,2016,GCX Waha Hub,,
April,2016,Gillis Hub,,
April,2016,GLGT-St.Clair,,
April,2016,Golden Triangle,,
April,2016,GTN-Kingsgate,,
April,2016,GTN-Malin,,
April,2016,GTN-Stanfield,,
April,2016,Guardian Hub,,
April,2016,Gulf S. Pool 16,,
April,2016,Gulf South - Perryville,,
April,2016,Henry,1.9,0.0
April,2016,HPL-ETX Pool,,
April,2016,HSC-HPL Pool,1.87,-0.03
April,2016,HSC-Kinder Morgan,,
April,2016,Iroquois (into),2.09,0.19
April,2016,Iroquois-Z1,,
April,2016,Iroquois-Z2,2.11,0.21
April,2016,Iroquois-Z2 Hunts Pt,,
April,2016,Jefferson Island,,
April,2016,Katy-Enstor Pool,1.77,-0.13
April,2016,Katy-Lonestar Inter,,
April,2016,Katy-Lonestar Intra,,
April,2016,Katy-Oasis,,
April,2016,KRGT-Del Pool,,
April,2016,KRGT-Rec Pool,,
April,2016,Lebanon,1.82,-0.08
April,2016,Leidy,,
April,2016,Leidy-Transco,1.14,-0.76
April,2016,M&N US,,
April,2016,MEP-Lamar,,
April,2016,Michcon,1.98,0.08
April,2016,Midship (receipt),,
April,2016,Millennium,,
April,2016,Millennium East Pool,1.16,-0.74
April,2016,Millennium-Ramapo,,
April,2016,Moss Bluff Inter,,
April,2016,Moss Bluff Stor,,
April,2016,MS Hub,,
April,2016,NBPL-Bakken (receipt),,
April,2016,NBPL-Harper,,
April,2016,NBPL-Nicor,1.88,-0.02
April,2016,NBPL-Vector,,
April,2016,NBPL-Ventura,1.81,-0.09
April,2016,NBPL-Will County,,
April,2016,NGPL-AM Pool,,
April,2016,NGPL-AM Stor,,
April,2016,NGPL-GC Mainline,,
April,2016,NGPL-IA/IL AM Pool,,
April,2016,NGPL-IA/IL AM Stor,,
April,2016,NGPL-IA/IL GC Pool,,
April,2016,NGPL-IA/IL GC Stor,,
April,2016,NGPL-LA Pool,,
April,2016,NGPL-LA Stor,,
April,2016,NGPL-MidAm,,
April,2016,NGPL-Midcont Pool,1.59,-0.31
April,2016,NGPL-Midcont Stor,,
April,2016,NGPL-Nicor,1.88,-0.02
April,2016,NGPL-Nipsco,1.91,0.01
April,2016,NGPL-STX,1.83,-0.07
April,2016,NGPL-TXOK East,1.8,-0.1
April,2016,NGPL-TXOK East Stor,1.8,-0.1
April,2016,NGPL-TXOK West,1.8,-0.1
April,2016,NNG-Demarc,1.74,-0.16
April,2016,NNG-Mid 13-16A,,
April,2016,NNG-Mid 1-7,,
April,2016,NNG-Mid 8-12,,
April,2016,NNG-Ventura,1.73,-0.17
April,2016,Nortex-Tolar Hub,,
April,2016,NWP-Rocky Mtn,1.51,-0.39
April,2016,NWP-Sumas,1.42,-0.48
April,2016,NWP-Wyoming,,
April,2016,Oasis - Waha Pool,,
April,2016,OGT,,
April,2016,ONEOK Westex,1.57,-0.33
April,2016,Opal,,
April,2016,Panhandle,1.61,-0.29
April,2016,PG&E-Citygate,1.9,0.0
April,2016,PG&E-Daggett,,
April,2016,PG&E-KRS,,
April,2016,PG&E-Topock,,
April,2016,PGLC,1.82,-0.08
April,2016,Pine Prairie,,
April,2016,Pioneer,,
April,2016,PNGTS,,
April,2016,Questar-North,,
April,2016,Questar-South,,
April,2016,REX Cheyenne Comp Pool,,
April,2016,REX E-ANR,,
April,2016,REX E-MidW,,
April,2016,REX E-NGPL,,
April,2016,REX E-PEPL,,
April,2016,REX E-Trunk,,
April,2016,REX W-ANR,,
April,2016,REX W-NGPL,,
April,2016,REX W-NNG,,
April,2016,REX W-PEPL,,
April,2016,REX-Z3 (receipt) ,,
April,2016,REX-Z3 Del Pool,1.82,-0.08
April,2016,Rover (receipt),,
April,2016,Rover-ANR,,
April,2016,Rover-PEPL,,
April,2016,Ruby-Onyx Hill,,
April,2016,Ruby-Rec Pool,,
April,2016,Ryckman Creek Stor,,
April,2016,Salt Plains Inter,,
April,2016,Salt Plains Stor,,
April,2016,Socal-Blythe,,
April,2016,Socal-Border,1.63,-0.27
April,2016,Socal-Citygate,1.8,-0.1
April,2016,Socal-Ehrenberg,,
April,2016,Socal-Firm Stor,,
April,2016,Socal-IT Stor,,
April,2016,Socal-Kramer,,
April,2016,Socal-KRS,,
April,2016,Socal-Needles,,
April,2016,Socal-Storage,,
April,2016,Socal-Topock (EP),,
April,2016,Socal-Topock (TW),,
April,2016,Socal-WR,,
April,2016,Sonat-Z0 South,1.85,-0.05
April,2016,Sonat-Z1 North,,
April,2016,Southern Pines Hub,,
April,2016,Southern Star,1.61,-0.29
April,2016,Spectra - Hunt,,
April,2016,Stagecoach ,,
April,2016,Stingray,,
April,2016,TCO,1.79,-0.11
April,2016,TCO-A04 Pool,,
April,2016,TCO-A06 Pool,,
April,2016,TCO-A08 Pool,,
April,2016,TCO-Seg Pool,1.21,-0.69
April,2016,TETCO-ELA,1.83,-0.07
April,2016,TETCO-ETX,1.82,-0.08
April,2016,TETCO-M1 24,,
April,2016,TETCO-M1 30,1.83,-0.07
April,2016,TETCO-M2,,
April,2016,TETCO-M2 (receipt),1.16,-0.74
April,2016,TETCO-M3,1.21,-0.69
April,2016,TETCO-Manhattan,,
April,2016,TETCO-STX,1.85,-0.05
April,2016,TETCO-WLA,1.83,-0.07
April,2016,TGP-500L,1.84,-0.06
April,2016,TGP-800L,1.83,-0.07
April,2016,TGP-Mahwah,,
April,2016,TGP-Niagara,1.81,-0.09
April,2016,TGP-Z0 Border Pool,1.82,-0.08
April,2016,TGP-Z0 North,1.82,-0.08
April,2016,TGP-Z0 South,1.82,-0.08
April,2016,TGP-Z1 100L,,
April,2016,TGP-Z1 800L Pool,,
April,2016,TGP-Z1 Sta-87,,
April,2016,TGP-Z4 300L,1.12,-0.78
April,2016,TGP-Z4 Marcellus,1.12,-0.78
April,2016,TGP-Z4 Sta-219,,
April,2016,TGP-Z4 Sta-313,1.23,-0.67
April,2016,TGP-Z5 200L,1.33,-0.57
April,2016,TGP-Z6 200L,2.43,0.53
April,2016,TGP-Z6 200L North,,
April,2016,TGP-Z6 200L South,,
April,2016,TGP-Z6 300L,,
April,2016,TGT-Mainline,1.83,-0.07
April,2016,TGT-North LA,,
April,2016,TGT-SL,1.84,-0.06
April,2016,Transco Zn3,1.87,-0.03
April,2016,Transco-165,,
April,2016,Transco-30,1.85,-0.05
April,2016,Transco-45,1.86,-0.04
April,2016,Transco-65,,
April,2016,Transco-85,1.87,-0.03
April,2016,Transco-River Road,,
April,2016,Transco-Z5,1.93,0.03
April,2016,Transco-Z5 North,,
April,2016,Transco-Z5 South,,
April,2016,Transco-Z6 (non-NY north ML),,
April,2016,Transco-Z6 (non-NY north),1.34,-0.56
April,2016,Transco-Z6 (non-NY south),1.4,-0.5
April,2016,Transco-Z6 (non-NY),1.34,-0.56
April,2016,Transco-Z6 (NY),1.31,-0.59
April,2016,Transco-Z6 Sta-210,,
April,2016,Tres Palacios (inj),,
April,2016,Tres Palacios (w/d),,
April,2016,Trunkline-ELA,1.85,-0.05
April,2016,Trunkline-WLA,1.85,-0.05
April,2016,Trunkline-Z1A,1.83,-0.07
April,2016,TW-Blanco,1.52,-0.38
April,2016,TW-Central,,
April,2016,TW-Panhandle,1.54,-0.36
April,2016,TW-WTX,,
April,2016,Union-Dawn,2.05,0.15
April,2016,Waha,1.63,-0.27
April,2016,White River Hub,,
April,2016,WIC,,
April,2016,0,,
April,2016,0,,
April,2016,0,,
April,2016,0,,
May,2016,AB Pool (inter),,
May,2016,AB Pool (intra),,
May,2016,AGT-CG,,
May,2016,AGT-CG (non-G),2.52,0.53
May,2016,Agua Dulce Hub,,
May,2016,ANR-Joliet Hub,,
May,2016,ANR-SE,,
May,2016,ANR-SE-T,1.92,-0.07
May,2016,ANR-SW,1.79,-0.2
May,2016,APC-ACE,,
May,2016,APC-ANR,,
May,2016,APC-MGTC,,
May,2016,APC-NGPL,,
May,2016,APC-Nicor,,
May,2016,APC-VPC,,
May,2016,Arena WTX Pool,,
May,2016,Atmos Zone 3,,
May,2016,Banquete Hub,,
May,2016,Bay Gas Storage,,
May,2016,Bennington,,
May,2016,Beverly Salem,,
May,2016,Bluewater Hub,,
May,2016,Bobcat Inter,,
May,2016,Bobcat Stor,,
May,2016,Carthage,,
May,2016,CG-Mainline,1.91,-0.08
May,2016,CG-Onshore,1.92,-0.07
May,2016,Cheyenne,1.76,-0.23
May,2016,Chicago,2.04,0.05
May,2016,CIG-Mainline,1.74,-0.25
May,2016,CIG-Mainline Pool,,
May,2016,CIG-Mainline South,,
May,2016,Clarington,,
May,2016,Clarington-Tenn,,
May,2016,Consumers,2.08,0.09
May,2016,Cove Point,,
May,2016,Dracut,,
May,2016,Eastern Gas-North,,
May,2016,Eastern Gas-South,,
May,2016,Egan Inter,,
May,2016,Egan Stor,,
May,2016,EGT-Flex,,
May,2016,EGT-North,,
May,2016,EGT-Perryville Hub,1.89,-0.1
May,2016,EGT-South,,
May,2016,EGT-West,,
May,2016,Enable East Pool,,
May,2016,Enable West Pool ,,
May,2016,ENT-STX Map,,
May,2016,EP-Anadarko,,
May,2016,EP-Keystone,,
May,2016,EP-Plains Pool,,
May,2016,EP-S.Mainline,,
May,2016,EP-SJ Blanco Pool,1.8,-0.19
May,2016,EP-SJ Bondad Stn,,
May,2016,EP-Waha Pool,,
May,2016,ETC-Cleburne,,
May,2016,ETC-Maypearl,,
May,2016,ETC-Tiger Gas (receipt),,
May,2016,FGT-CG,,
May,2016,FGT-Z1,1.98,-0.01
May,2016,FGT-Z2,1.97,-0.02
May,2016,FGT-Z3,1.99,0.0
May,2016,GCX Waha Hub,,
May,2016,Gillis Hub,,
May,2016,GLGT-St.Clair,,
May,2016,Golden Triangle,,
May,2016,GTN-Kingsgate,,
May,2016,GTN-Malin,,
May,2016,GTN-Stanfield,,
May,2016,Guardian Hub,,
May,2016,Gulf S. Pool 16,,
May,2016,Gulf South - Perryville,,
May,2016,Henry,1.99,0.0
May,2016,HPL-ETX Pool,,
May,2016,HSC-HPL Pool,1.94,-0.05
May,2016,HSC-Kinder Morgan,,
May,2016,Iroquois (into),2.18,0.19
May,2016,Iroquois-Z1,,
May,2016,Iroquois-Z2,2.22,0.23
May,2016,Iroquois-Z2 Hunts Pt,,
May,2016,Jefferson Island,,
May,2016,Katy-Enstor Pool,2.01,0.02
May,2016,Katy-Lonestar Inter,,
May,2016,Katy-Lonestar Intra,,
May,2016,Katy-Oasis,,
May,2016,KRGT-Del Pool,,
May,2016,KRGT-Rec Pool,,
May,2016,Lebanon,1.9,-0.09
May,2016,Leidy,,
May,2016,Leidy-Transco,1.3,-0.69
May,2016,M&N US,,
May,2016,MEP-Lamar,,
May,2016,Michcon,2.05,0.06
May,2016,Midship (receipt),,
May,2016,Millennium,,
May,2016,Millennium East Pool,1.3,-0.69
May,2016,Millennium-Ramapo,,
May,2016,Moss Bluff Inter,,
May,2016,Moss Bluff Stor,,
May,2016,MS Hub,,
May,2016,NBPL-Bakken (receipt),,
May,2016,NBPL-Harper,,
May,2016,NBPL-Nicor,2.04,0.05
May,2016,NBPL-Vector,,
May,2016,NBPL-Ventura,1.87,-0.12
May,2016,NBPL-Will County,,
May,2016,NGPL-AM Pool,,
May,2016,NGPL-AM Stor,,
May,2016,NGPL-GC Mainline,,
May,2016,NGPL-IA/IL AM Pool,,
May,2016,NGPL-IA/IL AM Stor,,
May,2016,NGPL-IA/IL GC Pool,,
May,2016,NGPL-IA/IL GC Stor,,
May,2016,NGPL-LA Pool,,
May,2016,NGPL-LA Stor,,
May,2016,NGPL-MidAm,,
May,2016,NGPL-Midcont Pool,1.83,-0.16
May,2016,NGPL-Midcont Stor,,
May,2016,NGPL-Nicor,2.04,0.05
May,2016,NGPL-Nipsco,2.04,0.05
May,2016,NGPL-STX,1.91,-0.08
May,2016,NGPL-TXOK East,1.91,-0.08
May,2016,NGPL-TXOK East Stor,1.91,-0.08
May,2016,NGPL-TXOK West,1.91,-0.08
May,2016,NNG-Demarc,1.91,-0.08
May,2016,NNG-Mid 13-16A,,
May,2016,NNG-Mid 1-7,,
May,2016,NNG-Mid 8-12,,
May,2016,NNG-Ventura,1.91,-0.08
May,2016,Nortex-Tolar Hub,,
May,2016,NWP-Rocky Mtn,1.77,-0.22
May,2016,NWP-Sumas,1.34,-0.65
May,2016,NWP-Wyoming,,
May,2016,Oasis - Waha Pool,,
May,2016,OGT,,
May,2016,ONEOK Westex,1.73,-0.26
May,2016,Opal,,
May,2016,Panhandle,1.73,-0.26
May,2016,PG&E-Citygate,2.08,0.09
May,2016,PG&E-Daggett,,
May,2016,PG&E-KRS,,
May,2016,PG&E-Topock,,
May,2016,PGLC,1.97,-0.02
May,2016,Pine Prairie,,
May,2016,Pioneer,,
May,2016,PNGTS,,
May,2016,Questar-North,,
May,2016,Questar-South,,
May,2016,REX Cheyenne Comp Pool,,
May,2016,REX E-ANR,,
May,2016,REX E-MidW,,
May,2016,REX E-NGPL,,
May,2016,REX E-PEPL,,
May,2016,REX E-Trunk,,
May,2016,REX W-ANR,,
May,2016,REX W-NGPL,,
May,2016,REX W-NNG,,
May,2016,REX W-PEPL,,
May,2016,REX-Z3 (receipt) ,,
May,2016,REX-Z3 Del Pool,1.9,-0.09
May,2016,Rover (receipt),,
May,2016,Rover-ANR,,
May,2016,Rover-PEPL,,
May,2016,Ruby-Onyx Hill,,
May,2016,Ruby-Rec Pool,,
May,2016,Ryckman Creek Stor,,
May,2016,Salt Plains Inter,,
May,2016,Salt Plains Stor,,
May,2016,Socal-Blythe,,
May,2016,Socal-Border,1.87,-0.12
May,2016,Socal-Citygate,2.08,0.09
May,2016,Socal-Ehrenberg,,
May,2016,Socal-Firm Stor,,
May,2016,Socal-IT Stor,,
May,2016,Socal-Kramer,,
May,2016,Socal-KRS,,
May,2016,Socal-Needles,,
May,2016,Socal-Storage,,
May,2016,Socal-Topock (EP),,
May,2016,Socal-Topock (TW),,
May,2016,Socal-WR,,
May,2016,Sonat-Z0 South,1.95,-0.04
May,2016,Sonat-Z1 North,,
May,2016,Southern Pines Hub,,
May,2016,Southern Star,1.76,-0.23
May,2016,Spectra - Hunt,,
May,2016,Stagecoach ,,
May,2016,Stingray,,
May,2016,TCO,1.87,-0.12
May,2016,TCO-A04 Pool,,
May,2016,TCO-A06 Pool,,
May,2016,TCO-A08 Pool,,
May,2016,TCO-Seg Pool,1.57,-0.42
May,2016,TETCO-ELA,1.91,-0.08
May,2016,TETCO-ETX,1.91,-0.08
May,2016,TETCO-M1 24,,
May,2016,TETCO-M1 30,1.9,-0.09
May,2016,TETCO-M2,,
May,2016,TETCO-M2 (receipt),1.29,-0.7
May,2016,TETCO-M3,1.38,-0.61
May,2016,TETCO-Manhattan,,
May,2016,TETCO-STX,1.92,-0.07
May,2016,TETCO-WLA,1.91,-0.08
May,2016,TGP-500L,1.92,-0.07
May,2016,TGP-800L,1.91,-0.08
May,2016,TGP-Mahwah,,
May,2016,TGP-Niagara,1.74,-0.25
May,2016,TGP-Z0 Border Pool,1.9,-0.09
May,2016,TGP-Z0 North,1.9,-0.09
May,2016,TGP-Z0 South,1.9,-0.09
May,2016,TGP-Z1 100L,,
May,2016,TGP-Z1 800L Pool,,
May,2016,TGP-Z1 Sta-87,,
May,2016,TGP-Z4 300L,1.25,-0.74
May,2016,TGP-Z4 Marcellus,1.25,-0.74
May,2016,TGP-Z4 Sta-219,,
May,2016,TGP-Z4 Sta-313,1.35,-0.64
May,2016,TGP-Z5 200L,1.4,-0.59
May,2016,TGP-Z6 200L,2.43,0.44
May,2016,TGP-Z6 200L North,,
May,2016,TGP-Z6 200L South,,
May,2016,TGP-Z6 300L,,
May,2016,TGT-Mainline,1.9,-0.09
May,2016,TGT-North LA,,
May,2016,TGT-SL,1.91,-0.08
May,2016,Transco Zn3,1.95,-0.04
May,2016,Transco-165,,
May,2016,Transco-30,1.92,-0.07
May,2016,Transco-45,1.93,-0.06
May,2016,Transco-65,,
May,2016,Transco-85,1.95,-0.04
May,2016,Transco-River Road,,
May,2016,Transco-Z5,2.02,0.03
May,2016,Transco-Z5 North,,
May,2016,Transco-Z5 South,,
May,2016,Transco-Z6 (non-NY north ML),,
May,2016,Transco-Z6 (non-NY north),1.42,-0.57
May,2016,Transco-Z6 (non-NY south),1.53,-0.46
May,2016,Transco-Z6 (non-NY),1.42,-0.57
May,2016,Transco-Z6 (NY),1.45,-0.54
May,2016,Transco-Z6 Sta-210,,
May,2016,Tres Palacios (inj),,
May,2016,Tres Palacios (w/d),,
May,2016,Trunkline-ELA,1.94,-0.05
May,2016,Trunkline-WLA,1.94,-0.05
May,2016,Trunkline-Z1A,1.91,-0.08
May,2016,TW-Blanco,1.81,-0.18
May,2016,TW-Central,,
May,2016,TW-Panhandle,1.81,-0.18
May,2016,TW-WTX,,
May,2016,Union-Dawn,2.13,0.14
May,2016,Waha,1.83,-0.16
May,2016,White River Hub,,
May,2016,WIC,,
May,2016,0,,
May,2016,0,,
May,2016,0,,
May,2016,0,,
June,2016,AB Pool (inter),,
June,2016,AB Pool (intra),,
June,2016,AGT-CG,,
June,2016,AGT-CG (non-G),2.11,0.15
June,2016,Agua Dulce Hub,,
June,2016,ANR-Joliet Hub,,
June,2016,ANR-SE,,
June,2016,ANR-SE-T,1.88,-0.08
June,2016,ANR-SW,1.77,-0.19
June,2016,APC-ACE,,
June,2016,APC-ANR,,
June,2016,APC-MGTC,,
June,2016,APC-NGPL,,
June,2016,APC-Nicor,,
June,2016,APC-VPC,,
June,2016,Arena WTX Pool,,
June,2016,Atmos Zone 3,,
June,2016,Banquete Hub,,
June,2016,Bay Gas Storage,,
June,2016,Bennington,,
June,2016,Beverly Salem,,
June,2016,Bluewater Hub,,
June,2016,Bobcat Inter,,
June,2016,Bobcat Stor,,
June,2016,Carthage,,
June,2016,CG-Mainline,1.88,-0.08
June,2016,CG-Onshore,1.88,-0.08
June,2016,Cheyenne,1.77,-0.19
June,2016,Chicago,1.94,-0.02
June,2016,CIG-Mainline,1.75,-0.21
June,2016,CIG-Mainline Pool,,
June,2016,CIG-Mainline South,,
June,2016,Clarington,,
June,2016,Clarington-Tenn,,
June,2016,Consumers,1.97,0.01
June,2016,Cove Point,,
June,2016,Dracut,,
June,2016,Eastern Gas-North,,
June,2016,Eastern Gas-South,,
June,2016,Egan Inter,,
June,2016,Egan Stor,,
June,2016,EGT-Flex,,
June,2016,EGT-North,,
June,2016,EGT-Perryville Hub,1.84,-0.12
June,2016,EGT-South,,
June,2016,EGT-West,,
June,2016,Enable East Pool,,
June,2016,Enable West Pool ,,
June,2016,ENT-STX Map,,
June,2016,EP-Anadarko,,
June,2016,EP-Keystone,,
June,2016,EP-Plains Pool,,
June,2016,EP-S.Mainline,,
June,2016,EP-SJ Blanco Pool,1.81,-0.15
June,2016,EP-SJ Bondad Stn,,
June,2016,EP-Waha Pool,,
June,2016,ETC-Cleburne,,
June,2016,ETC-Maypearl,,
June,2016,ETC-Tiger Gas (receipt),,
June,2016,FGT-CG,,
June,2016,FGT-Z1,1.95,-0.01
June,2016,FGT-Z2,1.93,-0.03
June,2016,FGT-Z3,1.96,0.0
June,2016,GCX Waha Hub,,
June,2016,Gillis Hub,,
June,2016,GLGT-St.Clair,,
June,2016,Golden Triangle,,
June,2016,GTN-Kingsgate,,
June,2016,GTN-Malin,,
June,2016,GTN-Stanfield,,
June,2016,Guardian Hub,,
June,2016,Gulf S. Pool 16,,
June,2016,Gulf South - Perryville,,
June,2016,Henry,1.96,0.0
June,2016,HPL-ETX Pool,,
June,2016,HSC-HPL Pool,1.87,-0.09
June,2016,HSC-Kinder Morgan,,
June,2016,Iroquois (into),2.03,0.07
June,2016,Iroquois-Z1,,
June,2016,Iroquois-Z2,2.04,0.08
June,2016,Iroquois-Z2 Hunts Pt,,
June,2016,Jefferson Island,,
June,2016,Katy-Enstor Pool,1.97,0.01
June,2016,Katy-Lonestar Inter,,
June,2016,Katy-Lonestar Intra,,
June,2016,Katy-Oasis,,
June,2016,KRGT-Del Pool,,
June,2016,KRGT-Rec Pool,,
June,2016,Lebanon,1.87,-0.09
June,2016,Leidy,,
June,2016,Leidy-Transco,1.34,-0.62
June,2016,M&N US,,
June,2016,MEP-Lamar,,
June,2016,Michcon,1.94,-0.02
June,2016,Midship (receipt),,
June,2016,Millennium,,
June,2016,Millennium East Pool,1.33,-0.63
June,2016,Millennium-Ramapo,,
June,2016,Moss Bluff Inter,,
June,2016,Moss Bluff Stor,,
June,2016,MS Hub,,
June,2016,NBPL-Bakken (receipt),,
June,2016,NBPL-Harper,,
June,2016,NBPL-Nicor,1.94,-0.02
June,2016,NBPL-Vector,,
June,2016,NBPL-Ventura,1.87,-0.09
June,2016,NBPL-Will County,,
June,2016,NGPL-AM Pool,,
June,2016,NGPL-AM Stor,,
June,2016,NGPL-GC Mainline,,
June,2016,NGPL-IA/IL AM Pool,,
June,2016,NGPL-IA/IL AM Stor,,
June,2016,NGPL-IA/IL GC Pool,,
June,2016,NGPL-IA/IL GC Stor,,
June,2016,NGPL-LA Pool,,
June,2016,NGPL-LA Stor,,
June,2016,NGPL-MidAm,,
June,2016,NGPL-Midcont Pool,1.84,-0.12
June,2016,NGPL-Midcont Stor,,
June,2016,NGPL-Nicor,1.94,-0.02
June,2016,NGPL-Nipsco,1.94,-0.02
June,2016,NGPL-STX,1.87,-0.09
June,2016,NGPL-TXOK East,1.88,-0.08
June,2016,NGPL-TXOK East Stor,1.88,-0.08
June,2016,NGPL-TXOK West,1.88,-0.08
June,2016,NNG-Demarc,1.9,-0.06
June,2016,NNG-Mid 13-16A,,
June,2016,NNG-Mid 1-7,,
June,2016,NNG-Mid 8-12,,
June,2016,NNG-Ventura,1.88,-0.08
June,2016,Nortex-Tolar Hub,,
June,2016,NWP-Rocky Mtn,1.78,-0.18
June,2016,NWP-Sumas,1.46,-0.5
June,2016,NWP-Wyoming,,
June,2016,Oasis - Waha Pool,,
June,2016,OGT,,
June,2016,ONEOK Westex,1.78,-0.18
June,2016,Opal,,
June,2016,Panhandle,1.76,-0.2
June,2016,PG&E-Citygate,2.05,0.09
June,2016,PG&E-Daggett,,
June,2016,PG&E-KRS,,
June,2016,PG&E-Topock,,
June,2016,PGLC,1.94,-0.02
June,2016,Pine Prairie,,
June,2016,Pioneer,,
June,2016,PNGTS,,
June,2016,Questar-North,,
June,2016,Questar-South,,
June,2016,REX Cheyenne Comp Pool,,
June,2016,REX E-ANR,,
June,2016,REX E-MidW,,
June,2016,REX E-NGPL,,
June,2016,REX E-PEPL,,
June,2016,REX E-Trunk,,
June,2016,REX W-ANR,,
June,2016,REX W-NGPL,,
June,2016,REX W-NNG,,
June,2016,REX W-PEPL,,
June,2016,REX-Z3 (receipt) ,,
June,2016,REX-Z3 Del Pool,1.87,-0.09
June,2016,Rover (receipt),,
June,2016,Rover-ANR,,
June,2016,Rover-PEPL,,
June,2016,Ruby-Onyx Hill,,
June,2016,Ruby-Rec Pool,,
June,2016,Ryckman Creek Stor,,
June,2016,Salt Plains Inter,,
June,2016,Salt Plains Stor,,
June,2016,Socal-Blythe,,
June,2016,Socal-Border,1.9,-0.06
June,2016,Socal-Citygate,2.08,0.12
June,2016,Socal-Ehrenberg,,
June,2016,Socal-Firm Stor,,
June,2016,Socal-IT Stor,,
June,2016,Socal-Kramer,,
June,2016,Socal-KRS,,
June,2016,Socal-Needles,,
June,2016,Socal-Storage,,
June,2016,Socal-Topock (EP),,
June,2016,Socal-Topock (TW),,
June,2016,Socal-WR,,
June,2016,Sonat-Z0 South,1.91,-0.05
June,2016,Sonat-Z1 North,,
June,2016,Southern Pines Hub,,
June,2016,Southern Star,1.78,-0.18
June,2016,Spectra - Hunt,,
June,2016,Stagecoach ,,
June,2016,Stingray,,
June,2016,TCO,1.85,-0.11
June,2016,TCO-A04 Pool,,
June,2016,TCO-A06 Pool,,
June,2016,TCO-A08 Pool,,
June,2016,TCO-Seg Pool,1.37,-0.59
June,2016,TETCO-ELA,1.86,-0.1
June,2016,TETCO-ETX,1.86,-0.1
June,2016,TETCO-M1 24,,
June,2016,TETCO-M1 30,1.85,-0.11
June,2016,TETCO-M2,,
June,2016,TETCO-M2 (receipt),1.35,-0.61
June,2016,TETCO-M3,1.48,-0.48
June,2016,TETCO-Manhattan,,
June,2016,TETCO-STX,1.87,-0.09
June,2016,TETCO-WLA,1.87,-0.09
June,2016,TGP-500L,1.89,-0.07
June,2016,TGP-800L,1.88,-0.08
June,2016,TGP-Mahwah,,
June,2016,TGP-Niagara,1.82,-0.14
June,2016,TGP-Z0 Border Pool,1.86,-0.1
June,2016,TGP-Z0 North,1.86,-0.1
June,2016,TGP-Z0 South,1.86,-0.1
June,2016,TGP-Z1 100L,,
June,2016,TGP-Z1 800L Pool,,
June,2016,TGP-Z1 Sta-87,,
June,2016,TGP-Z4 300L,1.32,-0.64
June,2016,TGP-Z4 Marcellus,1.32,-0.64
June,2016,TGP-Z4 Sta-219,,
June,2016,TGP-Z4 Sta-313,1.44,-0.52
June,2016,TGP-Z5 200L,1.47,-0.49
June,2016,TGP-Z6 200L,2.02,0.06
June,2016,TGP-Z6 200L North,,
June,2016,TGP-Z6 200L South,,
June,2016,TGP-Z6 300L,,
June,2016,TGT-Mainline,1.87,-0.09
June,2016,TGT-North LA,,
June,2016,TGT-SL,1.89,-0.07
June,2016,Transco Zn3,1.95,-0.01
June,2016,Transco-165,,
June,2016,Transco-30,1.88,-0.08
June,2016,Transco-45,1.91,-0.05
June,2016,Transco-65,,
June,2016,Transco-85,1.92,-0.04
June,2016,Transco-River Road,,
June,2016,Transco-Z5,1.99,0.03
June,2016,Transco-Z5 North,,
June,2016,Transco-Z5 South,1.99,0.03
June,2016,Transco-Z6 (non-NY north ML),,
June,2016,Transco-Z6 (non-NY north),1.58,-0.38
June,2016,Transco-Z6 (non-NY south),1.59,-0.37
June,2016,Transco-Z6 (non-NY),1.58,-0.38
June,2016,Transco-Z6 (NY),1.53,-0.43
June,2016,Transco-Z6 Sta-210,,
June,2016,Tres Palacios (inj),,
June,2016,Tres Palacios (w/d),,
June,2016,Trunkline-ELA,1.9,-0.06
June,2016,Trunkline-WLA,1.9,-0.06
June,2016,Trunkline-Z1A,1.87,-0.09
June,2016,TW-Blanco,1.81,-0.15
June,2016,TW-Central,,
June,2016,TW-Panhandle,1.8,-0.16
June,2016,TW-WTX,,
June,2016,Union-Dawn,1.99,0.03
June,2016,Waha,1.81,-0.15
June,2016,White River Hub,,
June,2016,WIC,,
June,2016,0,,
June,2016,0,,
June,2016,0,,
June,2016,0,,
July,2016,AB Pool (inter),,
July,2016,AB Pool (intra),,
July,2016,AGT-CG,,
July,2016,AGT-CG (non-G),3.12,0.2
July,2016,Agua Dulce Hub,,
July,2016,ANR-Joliet Hub,,
July,2016,ANR-SE,,
July,2016,ANR-SE-T,2.85,-0.07
July,2016,ANR-SW,2.53,-0.39
July,2016,APC-ACE,,
July,2016,APC-ANR,,
July,2016,APC-MGTC,,
July,2016,APC-NGPL,,
July,2016,APC-Nicor,,
July,2016,APC-VPC,,
July,2016,Arena WTX Pool,,
July,2016,Atmos Zone 3,,
July,2016,Banquete Hub,,
July,2016,Bay Gas Storage,,
July,2016,Bennington,,
July,2016,Beverly Salem,,
July,2016,Bluewater Hub,,
July,2016,Bobcat Inter,,
July,2016,Bobcat Stor,,
July,2016,Carthage,,
July,2016,CG-Mainline,2.84,-0.08
July,2016,CG-Onshore,2.85,-0.07
July,2016,Cheyenne,2.52,-0.4
July,2016,Chicago,2.8,-0.12
July,2016,CIG-Mainline,2.44,-0.48
July,2016,CIG-Mainline Pool,,
July,2016,CIG-Mainline South,,
July,2016,Clarington,,
July,2016,Clarington-Tenn,,
July,2016,Consumers,2.89,-0.03
July,2016,Cove Point,,
July,2016,Dracut,,
July,2016,Eastern Gas-North,,
July,2016,Eastern Gas-South,,
July,2016,Egan Inter,,
July,2016,Egan Stor,,
July,2016,EGT-Flex,,
July,2016,EGT-North,,
July,2016,EGT-Perryville Hub,2.83,-0.09
July,2016,EGT-South,,
July,2016,EGT-West,,
July,2016,Enable East Pool,,
July,2016,Enable West Pool ,,
July,2016,ENT-STX Map,,
July,2016,EP-Anadarko,,
July,2016,EP-Keystone,,
July,2016,EP-Plains Pool,,
July,2016,EP-S.Mainline,,
July,2016,EP-SJ Blanco Pool,2.56,-0.36
July,2016,EP-SJ Bondad Stn,,
July,2016,EP-Waha Pool,,
July,2016,ETC-Cleburne,,
July,2016,ETC-Maypearl,,
July,2016,ETC-Tiger Gas (receipt),,
July,2016,FGT-CG,,
July,2016,FGT-Z1,2.9,-0.02
July,2016,FGT-Z2,2.91,-0.01
July,2016,FGT-Z3,2.96,0.04
July,2016,GCX Waha Hub,,
July,2016,Gillis Hub,,
July,2016,GLGT-St.Clair,,
July,2016,Golden Triangle,,
July,2016,GTN-Kingsgate,,
July,2016,GTN-Malin,,
July,2016,GTN-Stanfield,,
July,2016,Guardian Hub,,
July,2016,Gulf S. Pool 16,,
July,2016,Gulf South - Perryville,,
July,2016,Henry,2.92,0.0
July,2016,HPL-ETX Pool,,
July,2016,HSC-HPL Pool,2.71,-0.21
July,2016,HSC-Kinder Morgan,,
July,2016,Iroquois (into),2.97,0.05
July,2016,Iroquois-Z1,,
July,2016,Iroquois-Z2,3.01,0.09
July,2016,Iroquois-Z2 Hunts Pt,,
July,2016,Jefferson Island,,
July,2016,Katy-Enstor Pool,2.75,-0.17
July,2016,Katy-Lonestar Inter,,
July,2016,Katy-Lonestar Intra,,
July,2016,Katy-Oasis,,
July,2016,KRGT-Del Pool,,
July,2016,KRGT-Rec Pool,,
July,2016,Lebanon,2.85,-0.07
July,2016,Leidy,,
July,2016,Leidy-Transco,1.94,-0.98
July,2016,M&N US,,
July,2016,MEP-Lamar,,
July,2016,Michcon,2.87,-0.05
July,2016,Midship (receipt),,
July,2016,Millennium,,
July,2016,Millennium East Pool,1.91,-1.01
July,2016,Millennium-Ramapo,,
July,2016,Moss Bluff Inter,,
July,2016,Moss Bluff Stor,,
July,2016,MS Hub,,
July,2016,NBPL-Bakken (receipt),,
July,2016,NBPL-Harper,,
July,2016,NBPL-Nicor,2.82,-0.1
July,2016,NBPL-Vector,,
July,2016,NBPL-Ventura,2.68,-0.24
July,2016,NBPL-Will County,,
July,2016,NGPL-AM Pool,,
July,2016,NGPL-AM Stor,,
July,2016,NGPL-GC Mainline,,
July,2016,NGPL-IA/IL AM Pool,,
July,2016,NGPL-IA/IL AM Stor,,
July,2016,NGPL-IA/IL GC Pool,,
July,2016,NGPL-IA/IL GC Stor,,
July,2016,NGPL-LA Pool,,
July,2016,NGPL-LA Stor,,
July,2016,NGPL-MidAm,,
July,2016,NGPL-Midcont Pool,2.62,-0.3
July,2016,NGPL-Midcont Stor,,
July,2016,NGPL-Nicor,2.82,-0.1
July,2016,NGPL-Nipsco,2.78,-0.14
July,2016,NGPL-STX,2.83,-0.09
July,2016,NGPL-TXOK East,2.75,-0.17
July,2016,NGPL-TXOK East Stor,2.75,-0.17
July,2016,NGPL-TXOK West,2.75,-0.17
July,2016,NNG-Demarc,2.65,-0.27
July,2016,NNG-Mid 13-16A,,
July,2016,NNG-Mid 1-7,,
July,2016,NNG-Mid 8-12,,
July,2016,NNG-Ventura,2.7,-0.22
July,2016,Nortex-Tolar Hub,,
July,2016,NWP-Rocky Mtn,2.52,-0.4
July,2016,NWP-Sumas,2.28,-0.64
July,2016,NWP-Wyoming,,
July,2016,Oasis - Waha Pool,,
July,2016,OGT,,
July,2016,ONEOK Westex,2.56,-0.36
July,2016,Opal,,
July,2016,Panhandle,2.66,-0.26
July,2016,PG&E-Citygate,3.08,0.16
July,2016,PG&E-Daggett,,
July,2016,PG&E-KRS,,
July,2016,PG&E-Topock,,
July,2016,PGLC,2.79,-0.13
July,2016,Pine Prairie,,
July,2016,Pioneer,,
July,2016,PNGTS,,
July,2016,Questar-North,,
July,2016,Questar-South,,
July,2016,REX Cheyenne Comp Pool,,
July,2016,REX E-ANR,,
July,2016,REX E-MidW,,
July,2016,REX E-NGPL,,
July,2016,REX E-PEPL,,
July,2016,REX E-Trunk,,
July,2016,REX W-ANR,,
July,2016,REX W-NGPL,,
July,2016,REX W-NNG,,
July,2016,REX W-PEPL,,
July,2016,REX-Z3 (receipt) ,,
July,2016,REX-Z3 Del Pool,2.84,-0.08
July,2016,Rover (receipt),,
July,2016,Rover-ANR,,
July,2016,Rover-PEPL,,
July,2016,Ruby-Onyx Hill,,
July,2016,Ruby-Rec Pool,,
July,2016,Ryckman Creek Stor,,
July,2016,Salt Plains Inter,,
July,2016,Salt Plains Stor,,
July,2016,Socal-Blythe,,
July,2016,Socal-Border,2.85,-0.07
July,2016,Socal-Citygate,3.02,0.1
July,2016,Socal-Ehrenberg,,
July,2016,Socal-Firm Stor,,
July,2016,Socal-IT Stor,,
July,2016,Socal-Kramer,,
July,2016,Socal-KRS,,
July,2016,Socal-Needles,,
July,2016,Socal-Storage,,
July,2016,Socal-Topock (EP),,
July,2016,Socal-Topock (TW),,
July,2016,Socal-WR,,
July,2016,Sonat-Z0 South,2.88,-0.04
July,2016,Sonat-Z1 North,,
July,2016,Southern Pines Hub,,
July,2016,Southern Star,2.48,-0.44
July,2016,Spectra - Hunt,,
July,2016,Stagecoach ,,
July,2016,Stingray,,
July,2016,TCO,2.81,-0.11
July,2016,TCO-A04 Pool,,
July,2016,TCO-A06 Pool,,
July,2016,TCO-A08 Pool,,
July,2016,TCO-Seg Pool,2.34,-0.58
July,2016,TETCO-ELA,2.84,-0.08
July,2016,TETCO-ETX,2.83,-0.09
July,2016,TETCO-M1 24,,
July,2016,TETCO-M1 30,2.85,-0.07
July,2016,TETCO-M2,,
July,2016,TETCO-M2 (receipt),1.97,-0.95
July,2016,TETCO-M3,2.13,-0.79
July,2016,TETCO-Manhattan,,
July,2016,TETCO-STX,2.83,-0.09
July,2016,TETCO-WLA,2.84,-0.08
July,2016,TGP-500L,2.86,-0.06
July,2016,TGP-800L,2.85,-0.07
July,2016,TGP-Mahwah,,
July,2016,TGP-Niagara,,
July,2016,TGP-Z0 Border Pool,2.81,-0.11
July,2016,TGP-Z0 North,2.81,-0.11
July,2016,TGP-Z0 South,2.81,-0.11
July,2016,TGP-Z1 100L,,
July,2016,TGP-Z1 800L Pool,,
July,2016,TGP-Z1 Sta-87,,
July,2016,TGP-Z4 300L,1.88,-1.04
July,2016,TGP-Z4 Marcellus,1.88,-1.04
July,2016,TGP-Z4 Sta-219,,
July,2016,TGP-Z4 Sta-313,2.07,-0.85
July,2016,TGP-Z5 200L,2.08,-0.84
July,2016,TGP-Z6 200L,3.08,0.16
July,2016,TGP-Z6 200L North,,
July,2016,TGP-Z6 200L South,,
July,2016,TGP-Z6 300L,,
July,2016,TGT-Mainline,2.84,-0.08
July,2016,TGT-North LA,,
July,2016,TGT-SL,2.83,-0.09
July,2016,Transco Zn3,2.89,-0.03
July,2016,Transco-165,,
July,2016,Transco-30,2.84,-0.08
July,2016,Transco-45,2.86,-0.06
July,2016,Transco-65,,
July,2016,Transco-85,2.9,-0.02
July,2016,Transco-River Road,,
July,2016,Transco-Z5,2.93,0.01
July,2016,Transco-Z5 North,,
July,2016,Transco-Z5 South,2.97,0.05
July,2016,Transco-Z6 (non-NY north ML),,
July,2016,Transco-Z6 (non-NY north),2.31,-0.61
July,2016,Transco-Z6 (non-NY south),2.3,-0.62
July,2016,Transco-Z6 (non-NY),2.31,-0.61
July,2016,Transco-Z6 (NY),2.39,-0.53
July,2016,Transco-Z6 Sta-210,,
July,2016,Tres Palacios (inj),,
July,2016,Tres Palacios (w/d),,
July,2016,Trunkline-ELA,2.85,-0.07
July,2016,Trunkline-WLA,2.85,-0.07
July,2016,Trunkline-Z1A,2.83,-0.09
July,2016,TW-Blanco,2.62,-0.3
July,2016,TW-Central,,
July,2016,TW-Panhandle,2.54,-0.38
July,2016,TW-WTX,,
July,2016,Union-Dawn,2.89,-0.03
July,2016,Waha,2.56,-0.36
July,2016,White River Hub,,
July,2016,WIC,,
July,2016,0,,
July,2016,0,,
July,2016,0,,
July,2016,0,,
August,2016,AB Pool (inter),,
August,2016,AB Pool (intra),,
August,2016,AGT-CG,,
August,2016,AGT-CG (non-G),2.66,-0.01
August,2016,Agua Dulce Hub,,
August,2016,ANR-Joliet Hub,,
August,2016,ANR-SE,,
August,2016,ANR-SE-T,2.59,-0.08
August,2016,ANR-SW,2.47,-0.2
August,2016,APC-ACE,,
August,2016,APC-ANR,,
August,2016,APC-MGTC,,
August,2016,APC-NGPL,,
August,2016,APC-Nicor,,
August,2016,APC-VPC,,
August,2016,Arena WTX Pool,,
August,2016,Atmos Zone 3,,
August,2016,Banquete Hub,,
August,2016,Bay Gas Storage,,
August,2016,Bennington,,
August,2016,Beverly Salem,,
August,2016,Bluewater Hub,,
August,2016,Bobcat Inter,,
August,2016,Bobcat Stor,,
August,2016,Carthage,,
August,2016,CG-Mainline,2.59,-0.08
August,2016,CG-Onshore,2.6,-0.07
August,2016,Cheyenne,2.48,-0.19
August,2016,Chicago,2.67,0.0
August,2016,CIG-Mainline,2.43,-0.24
August,2016,CIG-Mainline Pool,,
August,2016,CIG-Mainline South,,
August,2016,Clarington,,
August,2016,Clarington-Tenn,,
August,2016,Consumers,2.62,-0.05
August,2016,Cove Point,,
August,2016,Dracut,,
August,2016,Eastern Gas-North,,
August,2016,Eastern Gas-South,,
August,2016,Egan Inter,,
August,2016,Egan Stor,,
August,2016,EGT-Flex,,
August,2016,EGT-North,,
August,2016,EGT-Perryville Hub,2.58,-0.09
August,2016,EGT-South,,
August,2016,EGT-West,,
August,2016,Enable East Pool,,
August,2016,Enable West Pool ,,
August,2016,ENT-STX Map,,
August,2016,EP-Anadarko,,
August,2016,EP-Keystone,,
August,2016,EP-Plains Pool,,
August,2016,EP-S.Mainline,,
August,2016,EP-SJ Blanco Pool,2.54,-0.13
August,2016,EP-SJ Bondad Stn,,
August,2016,EP-Waha Pool,,
August,2016,ETC-Cleburne,,
August,2016,ETC-Maypearl,,
August,2016,ETC-Tiger Gas (receipt),,
August,2016,FGT-CG,,
August,2016,FGT-Z1,2.65,-0.02
August,2016,FGT-Z2,2.65,-0.02
August,2016,FGT-Z3,2.73,0.06
August,2016,GCX Waha Hub,,
August,2016,Gillis Hub,,
August,2016,GLGT-St.Clair,,
August,2016,Golden Triangle,,
August,2016,GTN-Kingsgate,,
August,2016,GTN-Malin,,
August,2016,GTN-Stanfield,,
August,2016,Guardian Hub,,
August,2016,Gulf S. Pool 16,,
August,2016,Gulf South - Perryville,,
August,2016,Henry,2.67,0.0
August,2016,HPL-ETX Pool,,
August,2016,HSC-HPL Pool,2.68,0.01
August,2016,HSC-Kinder Morgan,,
August,2016,Iroquois (into),2.66,-0.01
August,2016,Iroquois-Z1,,
August,2016,Iroquois-Z2,2.69,0.02
August,2016,Iroquois-Z2 Hunts Pt,,
August,2016,Jefferson Island,,
August,2016,Katy-Enstor Pool,2.68,0.01
August,2016,Katy-Lonestar Inter,,
August,2016,Katy-Lonestar Intra,,
August,2016,Katy-Oasis,,
August,2016,KRGT-Del Pool,,
August,2016,KRGT-Rec Pool,,
August,2016,Lebanon,2.58,-0.09
August,2016,Leidy,,
August,2016,Leidy-Transco,1.24,-1.43
August,2016,M&N US,,
August,2016,MEP-Lamar,,
August,2016,Michcon,2.59,-0.08
August,2016,Midship (receipt),,
August,2016,Millennium,,
August,2016,Millennium East Pool,1.24,-1.43
August,2016,Millennium-Ramapo,,
August,2016,Moss Bluff Inter,,
August,2016,Moss Bluff Stor,,
August,2016,MS Hub,,
August,2016,NBPL-Bakken (receipt),,
August,2016,NBPL-Harper,,
August,2016,NBPL-Nicor,2.68,0.01
August,2016,NBPL-Vector,,
August,2016,NBPL-Ventura,2.71,0.04
August,2016,NBPL-Will County,,
August,2016,NGPL-AM Pool,,
August,2016,NGPL-AM Stor,,
August,2016,NGPL-GC Mainline,,
August,2016,NGPL-IA/IL AM Pool,,
August,2016,NGPL-IA/IL AM Stor,,
August,2016,NGPL-IA/IL GC Pool,,
August,2016,NGPL-IA/IL GC Stor,,
August,2016,NGPL-LA Pool,,
August,2016,NGPL-LA Stor,,
August,2016,NGPL-MidAm,,
August,2016,NGPL-Midcont Pool,2.52,-0.15
August,2016,NGPL-Midcont Stor,,
August,2016,NGPL-Nicor,2.68,0.01
August,2016,NGPL-Nipsco,2.68,0.01
August,2016,NGPL-STX,2.59,-0.08
August,2016,NGPL-TXOK East,2.62,-0.05
August,2016,NGPL-TXOK East Stor,2.62,-0.05
August,2016,NGPL-TXOK West,2.62,-0.05
August,2016,NNG-Demarc,2.64,-0.03
August,2016,NNG-Mid 13-16A,,
August,2016,NNG-Mid 1-7,,
August,2016,NNG-Mid 8-12,,
August,2016,NNG-Ventura,2.6,-0.07
August,2016,Nortex-Tolar Hub,,
August,2016,NWP-Rocky Mtn,2.51,-0.16
August,2016,NWP-Sumas,2.34,-0.33
August,2016,NWP-Wyoming,,
August,2016,Oasis - Waha Pool,,
August,2016,OGT,,
August,2016,ONEOK Westex,2.51,-0.16
August,2016,Opal,,
August,2016,Panhandle,2.43,-0.24
August,2016,PG&E-Citygate,3.08,0.41
August,2016,PG&E-Daggett,,
August,2016,PG&E-KRS,,
August,2016,PG&E-Topock,,
August,2016,PGLC,2.64,-0.03
August,2016,Pine Prairie,,
August,2016,Pioneer,,
August,2016,PNGTS,,
August,2016,Questar-North,,
August,2016,Questar-South,,
August,2016,REX Cheyenne Comp Pool,,
August,2016,REX E-ANR,,
August,2016,REX E-MidW,,
August,2016,REX E-NGPL,,
August,2016,REX E-PEPL,,
August,2016,REX E-Trunk,,
August,2016,REX W-ANR,,
August,2016,REX W-NGPL,,
August,2016,REX W-NNG,,
August,2016,REX W-PEPL,,
August,2016,REX-Z3 (receipt) ,,
August,2016,REX-Z3 Del Pool,2.56,-0.11
August,2016,Rover (receipt),,
August,2016,Rover-ANR,,
August,2016,Rover-PEPL,,
August,2016,Ruby-Onyx Hill,,
August,2016,Ruby-Rec Pool,,
August,2016,Ryckman Creek Stor,,
August,2016,Salt Plains Inter,,
August,2016,Salt Plains Stor,,
August,2016,Socal-Blythe,,
August,2016,Socal-Border,2.75,0.08
August,2016,Socal-Citygate,2.79,0.12
August,2016,Socal-Ehrenberg,,
August,2016,Socal-Firm Stor,,
August,2016,Socal-IT Stor,,
August,2016,Socal-Kramer,,
August,2016,Socal-KRS,,
August,2016,Socal-Needles,,
August,2016,Socal-Storage,,
August,2016,Socal-Topock (EP),,
August,2016,Socal-Topock (TW),,
August,2016,Socal-WR,,
August,2016,Sonat-Z0 South,2.62,-0.05
August,2016,Sonat-Z1 North,,
August,2016,Southern Pines Hub,,
August,2016,Southern Star,2.49,-0.18
August,2016,Spectra - Hunt,,
August,2016,Stagecoach ,,
August,2016,Stingray,,
August,2016,TCO,2.59,-0.08
August,2016,TCO-A04 Pool,,
August,2016,TCO-A06 Pool,,
August,2016,TCO-A08 Pool,,
August,2016,TCO-Seg Pool,2.0,-0.67
August,2016,TETCO-ELA,2.58,-0.09
August,2016,TETCO-ETX,2.58,-0.09
August,2016,TETCO-M1 24,,
August,2016,TETCO-M1 30,2.59,-0.08
August,2016,TETCO-M2,,
August,2016,TETCO-M2 (receipt),1.26,-1.41
August,2016,TETCO-M3,1.38,-1.29
August,2016,TETCO-Manhattan,,
August,2016,TETCO-STX,2.6,-0.07
August,2016,TETCO-WLA,2.59,-0.08
August,2016,TGP-500L,2.61,-0.06
August,2016,TGP-800L,2.59,-0.08
August,2016,TGP-Mahwah,,
August,2016,TGP-Niagara,1.84,-0.83
August,2016,TGP-Z0 Border Pool,2.55,-0.12
August,2016,TGP-Z0 North,2.55,-0.12
August,2016,TGP-Z0 South,2.55,-0.12
August,2016,TGP-Z1 100L,,
August,2016,TGP-Z1 800L Pool,,
August,2016,TGP-Z1 Sta-87,,
August,2016,TGP-Z4 300L,1.18,-1.49
August,2016,TGP-Z4 Marcellus,1.18,-1.49
August,2016,TGP-Z4 Sta-219,,
August,2016,TGP-Z4 Sta-313,1.37,-1.3
August,2016,TGP-Z5 200L,1.4,-1.27
August,2016,TGP-Z6 200L,2.62,-0.05
August,2016,TGP-Z6 200L North,,
August,2016,TGP-Z6 200L South,,
August,2016,TGP-Z6 300L,,
August,2016,TGT-Mainline,2.58,-0.09
August,2016,TGT-North LA,,
August,2016,TGT-SL,2.6,-0.07
August,2016,Transco Zn3,2.64,-0.03
August,2016,Transco-165,,
August,2016,Transco-30,2.6,-0.07
August,2016,Transco-45,2.61,-0.06
August,2016,Transco-65,,
August,2016,Transco-85,2.64,-0.03
August,2016,Transco-River Road,,
August,2016,Transco-Z5,1.92,-0.75
August,2016,Transco-Z5 North,,
August,2016,Transco-Z5 South,2.73,0.06
August,2016,Transco-Z6 (non-NY north ML),,
August,2016,Transco-Z6 (non-NY north),1.93,-0.74
August,2016,Transco-Z6 (non-NY south),,
August,2016,Transco-Z6 (non-NY),1.93,-0.74
August,2016,Transco-Z6 (NY),1.92,-0.75
August,2016,Transco-Z6 Sta-210,,
August,2016,Tres Palacios (inj),,
August,2016,Tres Palacios (w/d),,
August,2016,Trunkline-ELA,2.61,-0.06
August,2016,Trunkline-WLA,2.61,-0.06
August,2016,Trunkline-Z1A,2.57,-0.1
August,2016,TW-Blanco,2.56,-0.11
August,2016,TW-Central,,
August,2016,TW-Panhandle,2.52,-0.15
August,2016,TW-WTX,,
August,2016,Union-Dawn,2.61,-0.06
August,2016,Waha,2.59,-0.08
August,2016,White River Hub,,
August,2016,WIC,,
August,2016,0,,
August,2016,0,,
August,2016,0,,
August,2016,0,,
September,2016,AB Pool (inter),,
September,2016,AB Pool (intra),,
September,2016,AGT-CG,,
September,2016,AGT-CG (non-G),2.68,-0.17
September,2016,Agua Dulce Hub,,
September,2016,ANR-Joliet Hub,,
September,2016,ANR-SE,,
September,2016,ANR-SE-T,2.8,-0.05
September,2016,ANR-SW,2.6,-0.25
September,2016,APC-ACE,,
September,2016,APC-ANR,,
September,2016,APC-MGTC,,
September,2016,APC-NGPL,,
September,2016,APC-Nicor,,
September,2016,APC-VPC,,
September,2016,Arena WTX Pool,,
September,2016,Atmos Zone 3,,
September,2016,Banquete Hub,,
September,2016,Bay Gas Storage,,
September,2016,Bennington,,
September,2016,Beverly Salem,,
September,2016,Bluewater Hub,,
September,2016,Bobcat Inter,,
September,2016,Bobcat Stor,,
September,2016,Carthage,,
September,2016,CG-Mainline,2.76,-0.09
September,2016,CG-Onshore,2.78,-0.07
September,2016,Cheyenne,2.59,-0.26
September,2016,Chicago,2.81,-0.04
September,2016,CIG-Mainline,2.53,-0.32
September,2016,CIG-Mainline Pool,,
September,2016,CIG-Mainline South,,
September,2016,Clarington,,
September,2016,Clarington-Tenn,,
September,2016,Consumers,2.85,0.0
September,2016,Cove Point,,
September,2016,Dracut,,
September,2016,Eastern Gas-North,,
September,2016,Eastern Gas-South,,
September,2016,Egan Inter,,
September,2016,Egan Stor,,
September,2016,EGT-Flex,,
September,2016,EGT-North,,
September,2016,EGT-Perryville Hub,2.69,-0.16
September,2016,EGT-South,,
September,2016,EGT-West,,
September,2016,Enable East Pool,,
September,2016,Enable West Pool ,,
September,2016,ENT-STX Map,,
September,2016,EP-Anadarko,,
September,2016,EP-Keystone,,
September,2016,EP-Plains Pool,,
September,2016,EP-S.Mainline,,
September,2016,EP-SJ Blanco Pool,2.6,-0.25
September,2016,EP-SJ Bondad Stn,,
September,2016,EP-Waha Pool,,
September,2016,ETC-Cleburne,,
September,2016,ETC-Maypearl,,
September,2016,ETC-Tiger Gas (receipt),,
September,2016,FGT-CG,,
September,2016,FGT-Z1,2.85,0.0
September,2016,FGT-Z2,2.85,0.0
September,2016,FGT-Z3,2.91,0.06
September,2016,GCX Waha Hub,,
September,2016,Gillis Hub,,
September,2016,GLGT-St.Clair,,
September,2016,Golden Triangle,,
September,2016,GTN-Kingsgate,,
September,2016,GTN-Malin,,
September,2016,GTN-Stanfield,,
September,2016,Guardian Hub,,
September,2016,Gulf S. Pool 16,,
September,2016,Gulf South - Perryville,,
September,2016,Henry,2.85,0.0
September,2016,HPL-ETX Pool,,
September,2016,HSC-HPL Pool,2.83,-0.02
September,2016,HSC-Kinder Morgan,,
September,2016,Iroquois (into),2.78,-0.07
September,2016,Iroquois-Z1,,
September,2016,Iroquois-Z2,2.79,-0.06
September,2016,Iroquois-Z2 Hunts Pt,,
September,2016,Jefferson Island,,
September,2016,Katy-Enstor Pool,2.82,-0.03
September,2016,Katy-Lonestar Inter,,
September,2016,Katy-Lonestar Intra,,
September,2016,Katy-Oasis,,
September,2016,KRGT-Del Pool,,
September,2016,KRGT-Rec Pool,,
September,2016,Lebanon,2.77,-0.08
September,2016,Leidy,,
September,2016,Leidy-Transco,1.22,-1.63
September,2016,M&N US,,
September,2016,MEP-Lamar,,
September,2016,Michcon,2.82,-0.03
September,2016,Midship (receipt),,
September,2016,Millennium,,
September,2016,Millennium East Pool,1.23,-1.62
September,2016,Millennium-Ramapo,,
September,2016,Moss Bluff Inter,,
September,2016,Moss Bluff Stor,,
September,2016,MS Hub,,
September,2016,NBPL-Bakken (receipt),,
September,2016,NBPL-Harper,,
September,2016,NBPL-Nicor,2.81,-0.04
September,2016,NBPL-Vector,,
September,2016,NBPL-Ventura,2.75,-0.1
September,2016,NBPL-Will County,,
September,2016,NGPL-AM Pool,,
September,2016,NGPL-AM Stor,,
September,2016,NGPL-GC Mainline,,
September,2016,NGPL-IA/IL AM Pool,,
September,2016,NGPL-IA/IL AM Stor,,
September,2016,NGPL-IA/IL GC Pool,,
September,2016,NGPL-IA/IL GC Stor,,
September,2016,NGPL-LA Pool,,
September,2016,NGPL-LA Stor,,
September,2016,NGPL-MidAm,,
September,2016,NGPL-Midcont Pool,2.67,-0.18
September,2016,NGPL-Midcont Stor,,
September,2016,NGPL-Nicor,2.81,-0.04
September,2016,NGPL-Nipsco,2.8,-0.05
September,2016,NGPL-STX,2.79,-0.06
September,2016,NGPL-TXOK East,2.75,-0.1
September,2016,NGPL-TXOK East Stor,2.75,-0.1
September,2016,NGPL-TXOK West,2.75,-0.1
September,2016,NNG-Demarc,2.75,-0.1
September,2016,NNG-Mid 13-16A,,
September,2016,NNG-Mid 1-7,,
September,2016,NNG-Mid 8-12,,
September,2016,NNG-Ventura,2.75,-0.1
September,2016,Nortex-Tolar Hub,,
September,2016,NWP-Rocky Mtn,2.62,-0.23
September,2016,NWP-Sumas,2.63,-0.22
September,2016,NWP-Wyoming,,
September,2016,Oasis - Waha Pool,,
September,2016,OGT,,
September,2016,ONEOK Westex,2.57,-0.28
September,2016,Opal,,
September,2016,Panhandle,2.59,-0.26
September,2016,PG&E-Citygate,3.31,0.46
September,2016,PG&E-Daggett,,
September,2016,PG&E-KRS,,
September,2016,PG&E-Topock,,
September,2016,PGLC,2.85,0.0
September,2016,Pine Prairie,,
September,2016,Pioneer,,
September,2016,PNGTS,,
September,2016,Questar-North,,
September,2016,Questar-South,,
September,2016,REX Cheyenne Comp Pool,,
September,2016,REX E-ANR,,
September,2016,REX E-MidW,,
September,2016,REX E-NGPL,,
September,2016,REX E-PEPL,,
September,2016,REX E-Trunk,,
September,2016,REX W-ANR,,
September,2016,REX W-NGPL,,
September,2016,REX W-NNG,,
September,2016,REX W-PEPL,,
September,2016,REX-Z3 (receipt) ,,
September,2016,REX-Z3 Del Pool,2.75,-0.1
September,2016,Rover (receipt),,
September,2016,Rover-ANR,,
September,2016,Rover-PEPL,,
September,2016,Ruby-Onyx Hill,,
September,2016,Ruby-Rec Pool,,
September,2016,Ryckman Creek Stor,,
September,2016,Salt Plains Inter,,
September,2016,Salt Plains Stor,,
September,2016,Socal-Blythe,,
September,2016,Socal-Border,2.8,-0.05
September,2016,Socal-Citygate,2.89,0.04
September,2016,Socal-Ehrenberg,,
September,2016,Socal-Firm Stor,,
September,2016,Socal-IT Stor,,
September,2016,Socal-Kramer,,
September,2016,Socal-KRS,,
September,2016,Socal-Needles,,
September,2016,Socal-Storage,,
September,2016,Socal-Topock (EP),,
September,2016,Socal-Topock (TW),,
September,2016,Socal-WR,,
September,2016,Sonat-Z0 South,2.79,-0.06
September,2016,Sonat-Z1 North,,
September,2016,Southern Pines Hub,,
September,2016,Southern Star,2.6,-0.25
September,2016,Spectra - Hunt,,
September,2016,Stagecoach ,,
September,2016,Stingray,,
September,2016,TCO,2.69,-0.16
September,2016,TCO-A04 Pool,,
September,2016,TCO-A06 Pool,,
September,2016,TCO-A08 Pool,,
September,2016,TCO-Seg Pool,1.97,-0.88
September,2016,TETCO-ELA,2.78,-0.07
September,2016,TETCO-ETX,2.77,-0.08
September,2016,TETCO-M1 24,,
September,2016,TETCO-M1 30,2.77,-0.08
September,2016,TETCO-M2,,
September,2016,TETCO-M2 (receipt),1.17,-1.68
September,2016,TETCO-M3,1.27,-1.58
September,2016,TETCO-Manhattan,,
September,2016,TETCO-STX,2.79,-0.06
September,2016,TETCO-WLA,2.78,-0.07
September,2016,TGP-500L,2.79,-0.06
September,2016,TGP-800L,2.77,-0.08
September,2016,TGP-Mahwah,,
September,2016,TGP-Niagara,1.64,-1.21
September,2016,TGP-Z0 Border Pool,2.73,-0.12
September,2016,TGP-Z0 North,2.73,-0.12
September,2016,TGP-Z0 South,2.73,-0.12
September,2016,TGP-Z1 100L,,
September,2016,TGP-Z1 800L Pool,,
September,2016,TGP-Z1 Sta-87,,
September,2016,TGP-Z4 300L,1.17,-1.68
September,2016,TGP-Z4 Marcellus,1.17,-1.68
September,2016,TGP-Z4 Sta-219,,
September,2016,TGP-Z4 Sta-313,1.32,-1.53
September,2016,TGP-Z5 200L,1.36,-1.49
September,2016,TGP-Z6 200L,2.65,-0.2
September,2016,TGP-Z6 200L North,,
September,2016,TGP-Z6 200L South,,
September,2016,TGP-Z6 300L,,
September,2016,TGT-Mainline,2.76,-0.09
September,2016,TGT-North LA,,
September,2016,TGT-SL,2.78,-0.07
September,2016,Transco Zn3,2.81,-0.04
September,2016,Transco-165,,
September,2016,Transco-30,2.78,-0.07
September,2016,Transco-45,2.79,-0.06
September,2016,Transco-65,,
September,2016,Transco-85,2.83,-0.02
September,2016,Transco-River Road,,
September,2016,Transco-Z5,2.9,0.05
September,2016,Transco-Z5 North,,
September,2016,Transco-Z5 South,2.9,0.05
September,2016,Transco-Z6 (non-NY north ML),,
September,2016,Transco-Z6 (non-NY north),1.46,-1.39
September,2016,Transco-Z6 (non-NY south),2.06,-0.79
September,2016,Transco-Z6 (non-NY),1.5,-1.35
September,2016,Transco-Z6 (NY),1.49,-1.36
September,2016,Transco-Z6 Sta-210,,
September,2016,Tres Palacios (inj),,
September,2016,Tres Palacios (w/d),,
September,2016,Trunkline-ELA,2.81,-0.04
September,2016,Trunkline-WLA,2.81,-0.04
September,2016,Trunkline-Z1A,2.76,-0.09
September,2016,TW-Blanco,2.63,-0.22
September,2016,TW-Central,,
September,2016,TW-Panhandle,2.56,-0.29
September,2016,TW-WTX,,
September,2016,Union-Dawn,2.9,0.05
September,2016,Waha,2.66,-0.19
September,2016,White River Hub,,
September,2016,WIC,,
September,2016,0,,
September,2016,0,,
September,2016,0,,
September,2016,0,,
October,2016,AB Pool (inter),,
October,2016,AB Pool (intra),,
October,2016,AGT-CG,,
October,2016,AGT-CG (non-G),2.2,-0.75
October,2016,Agua Dulce Hub,,
October,2016,ANR-Joliet Hub,,
October,2016,ANR-SE,,
October,2016,ANR-SE-T,2.88,-0.07
October,2016,ANR-SW,2.72,-0.23
October,2016,APC-ACE,,
October,2016,APC-ANR,,
October,2016,APC-MGTC,,
October,2016,APC-NGPL,,
October,2016,APC-Nicor,,
October,2016,APC-VPC,,
October,2016,Arena WTX Pool,,
October,2016,Atmos Zone 3,,
October,2016,Banquete Hub,,
October,2016,Bay Gas Storage,,
October,2016,Bennington,,
October,2016,Beverly Salem,,
October,2016,Bluewater Hub,,
October,2016,Bobcat Inter,,
October,2016,Bobcat Stor,,
October,2016,Carthage,,
October,2016,CG-Mainline,2.87,-0.08
October,2016,CG-Onshore,2.88,-0.07
October,2016,Cheyenne,2.71,-0.24
October,2016,Chicago,2.96,0.01
October,2016,CIG-Mainline,2.65,-0.3
October,2016,CIG-Mainline Pool,,
October,2016,CIG-Mainline South,,
October,2016,Clarington,,
October,2016,Clarington-Tenn,,
October,2016,Consumers,2.92,-0.03
October,2016,Cove Point,,
October,2016,Dracut,,
October,2016,Eastern Gas-North,,
October,2016,Eastern Gas-South,,
October,2016,Egan Inter,,
October,2016,Egan Stor,,
October,2016,EGT-Flex,,
October,2016,EGT-North,,
October,2016,EGT-Perryville Hub,2.76,-0.19
October,2016,EGT-South,,
October,2016,EGT-West,,
October,2016,Enable East Pool,,
October,2016,Enable West Pool ,,
October,2016,ENT-STX Map,,
October,2016,EP-Anadarko,,
October,2016,EP-Keystone,,
October,2016,EP-Plains Pool,,
October,2016,EP-S.Mainline,,
October,2016,EP-SJ Blanco Pool,2.72,-0.23
October,2016,EP-SJ Bondad Stn,,
October,2016,EP-Waha Pool,,
October,2016,ETC-Cleburne,,
October,2016,ETC-Maypearl,,
October,2016,ETC-Tiger Gas (receipt),,
October,2016,FGT-CG,,
October,2016,FGT-Z1,2.95,0.0
October,2016,FGT-Z2,2.94,-0.01
October,2016,FGT-Z3,2.97,0.02
October,2016,GCX Waha Hub,,
October,2016,Gillis Hub,,
October,2016,GLGT-St.Clair,,
October,2016,Golden Triangle,,
October,2016,GTN-Kingsgate,,
October,2016,GTN-Malin,,
October,2016,GTN-Stanfield,,
October,2016,Guardian Hub,,
October,2016,Gulf S. Pool 16,,
October,2016,Gulf South - Perryville,,
October,2016,Henry,2.95,0.0
October,2016,HPL-ETX Pool,,
October,2016,HSC-HPL Pool,2.94,-0.01
October,2016,HSC-Kinder Morgan,,
October,2016,Iroquois (into),2.39,-0.56
October,2016,Iroquois-Z1,,
October,2016,Iroquois-Z2,2.35,-0.6
October,2016,Iroquois-Z2 Hunts Pt,,
October,2016,Jefferson Island,,
October,2016,Katy-Enstor Pool,3.04,0.09
October,2016,Katy-Lonestar Inter,,
October,2016,Katy-Lonestar Intra,,
October,2016,Katy-Oasis,,
October,2016,KRGT-Del Pool,,
October,2016,KRGT-Rec Pool,,
October,2016,Lebanon,2.87,-0.08
October,2016,Leidy,,
October,2016,Leidy-Transco,0.87,-2.08
October,2016,M&N US,,
October,2016,MEP-Lamar,,
October,2016,Michcon,2.89,-0.06
October,2016,Midship (receipt),,
October,2016,Millennium,,
October,2016,Millennium East Pool,0.87,-2.08
October,2016,Millennium-Ramapo,,
October,2016,Moss Bluff Inter,,
October,2016,Moss Bluff Stor,,
October,2016,MS Hub,,
October,2016,NBPL-Bakken (receipt),,
October,2016,NBPL-Harper,,
October,2016,NBPL-Nicor,2.96,0.01
October,2016,NBPL-Vector,,
October,2016,NBPL-Ventura,2.88,-0.07
October,2016,NBPL-Will County,,
October,2016,NGPL-AM Pool,,
October,2016,NGPL-AM Stor,,
October,2016,NGPL-GC Mainline,,
October,2016,NGPL-IA/IL AM Pool,,
October,2016,NGPL-IA/IL AM Stor,,
October,2016,NGPL-IA/IL GC Pool,,
October,2016,NGPL-IA/IL GC Stor,,
October,2016,NGPL-LA Pool,,
October,2016,NGPL-LA Stor,,
October,2016,NGPL-MidAm,,
October,2016,NGPL-Midcont Pool,2.76,-0.19
October,2016,NGPL-Midcont Stor,,
October,2016,NGPL-Nicor,2.96,0.01
October,2016,NGPL-Nipsco,2.98,0.03
October,2016,NGPL-STX,2.88,-0.07
October,2016,NGPL-TXOK East,2.85,-0.1
October,2016,NGPL-TXOK East Stor,2.85,-0.1
October,2016,NGPL-TXOK West,2.85,-0.1
October,2016,NNG-Demarc,2.88,-0.07
October,2016,NNG-Mid 13-16A,,
October,2016,NNG-Mid 1-7,,
October,2016,NNG-Mid 8-12,,
October,2016,NNG-Ventura,2.86,-0.09
October,2016,Nortex-Tolar Hub,,
October,2016,NWP-Rocky Mtn,2.7,-0.25
October,2016,NWP-Sumas,2.64,-0.31
October,2016,NWP-Wyoming,,
October,2016,Oasis - Waha Pool,,
October,2016,OGT,,
October,2016,ONEOK Westex,2.66,-0.29
October,2016,Opal,,
October,2016,Panhandle,2.69,-0.26
October,2016,PG&E-Citygate,3.39,0.44
October,2016,PG&E-Daggett,,
October,2016,PG&E-KRS,,
October,2016,PG&E-Topock,,
October,2016,PGLC,2.96,0.01
October,2016,Pine Prairie,,
October,2016,Pioneer,,
October,2016,PNGTS,,
October,2016,Questar-North,,
October,2016,Questar-South,,
October,2016,REX Cheyenne Comp Pool,,
October,2016,REX E-ANR,,
October,2016,REX E-MidW,,
October,2016,REX E-NGPL,,
October,2016,REX E-PEPL,,
October,2016,REX E-Trunk,,
October,2016,REX W-ANR,,
October,2016,REX W-NGPL,,
October,2016,REX W-NNG,,
October,2016,REX W-PEPL,,
October,2016,REX-Z3 (receipt) ,,
October,2016,REX-Z3 Del Pool,2.85,-0.1
October,2016,Rover (receipt),,
October,2016,Rover-ANR,,
October,2016,Rover-PEPL,,
October,2016,Ruby-Onyx Hill,,
October,2016,Ruby-Rec Pool,,
October,2016,Ryckman Creek Stor,,
October,2016,Salt Plains Inter,,
October,2016,Salt Plains Stor,,
October,2016,Socal-Blythe,,
October,2016,Socal-Border,2.81,-0.14
October,2016,Socal-Citygate,2.96,0.01
October,2016,Socal-Ehrenberg,,
October,2016,Socal-Firm Stor,,
October,2016,Socal-IT Stor,,
October,2016,Socal-Kramer,,
October,2016,Socal-KRS,,
October,2016,Socal-Needles,,
October,2016,Socal-Storage,,
October,2016,Socal-Topock (EP),,
October,2016,Socal-Topock (TW),,
October,2016,Socal-WR,,
October,2016,Sonat-Z0 South,2.9,-0.05
October,2016,Sonat-Z1 North,,
October,2016,Southern Pines Hub,,
October,2016,Southern Star,2.9,-0.05
October,2016,Spectra - Hunt,,
October,2016,Stagecoach ,,
October,2016,Stingray,,
October,2016,TCO,2.78,-0.17
October,2016,TCO-A04 Pool,,
October,2016,TCO-A06 Pool,,
October,2016,TCO-A08 Pool,,
October,2016,TCO-Seg Pool,1.66,-1.29
October,2016,TETCO-ELA,2.88,-0.07
October,2016,TETCO-ETX,2.87,-0.08
October,2016,TETCO-M1 24,,
October,2016,TETCO-M1 30,2.86,-0.09
October,2016,TETCO-M2,,
October,2016,TETCO-M2 (receipt),0.84,-2.11
October,2016,TETCO-M3,0.95,-2.0
October,2016,TETCO-Manhattan,,
October,2016,TETCO-STX,2.9,-0.05
October,2016,TETCO-WLA,2.89,-0.06
October,2016,TGP-500L,2.9,-0.05
October,2016,TGP-800L,2.89,-0.06
October,2016,TGP-Mahwah,,
October,2016,TGP-Niagara,1.44,-1.51
October,2016,TGP-Z0 Border Pool,2.87,-0.08
October,2016,TGP-Z0 North,2.87,-0.08
October,2016,TGP-Z0 South,2.87,-0.08
October,2016,TGP-Z1 100L,,
October,2016,TGP-Z1 800L Pool,,
October,2016,TGP-Z1 Sta-87,,
October,2016,TGP-Z4 300L,0.85,-2.1
October,2016,TGP-Z4 Marcellus,0.85,-2.1
October,2016,TGP-Z4 Sta-219,,
October,2016,TGP-Z4 Sta-313,1.05,-1.9
October,2016,TGP-Z5 200L,1.09,-1.86
October,2016,TGP-Z6 200L,2.2,-0.75
October,2016,TGP-Z6 200L North,,
October,2016,TGP-Z6 200L South,,
October,2016,TGP-Z6 300L,,
October,2016,TGT-Mainline,2.86,-0.09
October,2016,TGT-North LA,,
October,2016,TGT-SL,2.87,-0.08
October,2016,Transco Zn3,2.92,-0.03
October,2016,Transco-165,,
October,2016,Transco-30,2.89,-0.06
October,2016,Transco-45,2.9,-0.05
October,2016,Transco-65,,
October,2016,Transco-85,2.93,-0.02
October,2016,Transco-River Road,,
October,2016,Transco-Z5,3.0,0.05
October,2016,Transco-Z5 North,,
October,2016,Transco-Z5 South,3.0,0.05
October,2016,Transco-Z6 (non-NY north ML),,
October,2016,Transco-Z6 (non-NY north),1.16,-1.79
October,2016,Transco-Z6 (non-NY south),,
October,2016,Transco-Z6 (non-NY),1.16,-1.79
October,2016,Transco-Z6 (NY),1.19,-1.76
October,2016,Transco-Z6 Sta-210,,
October,2016,Tres Palacios (inj),,
October,2016,Tres Palacios (w/d),,
October,2016,Trunkline-ELA,2.89,-0.06
October,2016,Trunkline-WLA,2.89,-0.06
October,2016,Trunkline-Z1A,2.86,-0.09
October,2016,TW-Blanco,2.7,-0.25
October,2016,TW-Central,,
October,2016,TW-Panhandle,2.74,-0.21
October,2016,TW-WTX,,
October,2016,Union-Dawn,2.91,-0.04
October,2016,Waha,2.8,-0.15
October,2016,White River Hub,,
October,2016,WIC,,
October,2016,0,,
October,2016,0,,
October,2016,0,,
October,2016,0,,
November,2016,AB Pool (inter),,
November,2016,AB Pool (intra),,
November,2016,AGT-CG,,
November,2016,AGT-CG (non-G),2.46,-0.31
November,2016,Agua Dulce Hub,,
November,2016,ANR-Joliet Hub,,
November,2016,ANR-SE,,
November,2016,ANR-SE-T,2.69,-0.08
November,2016,ANR-SW,2.55,-0.22
November,2016,APC-ACE,,
November,2016,APC-ANR,,
November,2016,APC-MGTC,,
November,2016,APC-NGPL,,
November,2016,APC-Nicor,,
November,2016,APC-VPC,,
November,2016,Arena WTX Pool,,
November,2016,Atmos Zone 3,,
November,2016,Banquete Hub,,
November,2016,Bay Gas Storage,,
November,2016,Bennington,,
November,2016,Beverly Salem,,
November,2016,Bluewater Hub,,
November,2016,Bobcat Inter,,
November,2016,Bobcat Stor,,
November,2016,Carthage,,
November,2016,CG-Mainline,2.65,-0.12
November,2016,CG-Onshore,2.67,-0.1
November,2016,Cheyenne,2.56,-0.21
November,2016,Chicago,2.81,0.04
November,2016,CIG-Mainline,2.54,-0.23
November,2016,CIG-Mainline Pool,,
November,2016,CIG-Mainline South,,
November,2016,Clarington,,
November,2016,Clarington-Tenn,,
November,2016,Consumers,2.83,0.06
November,2016,Cove Point,,
November,2016,Dracut,,
November,2016,Eastern Gas-North,,
November,2016,Eastern Gas-South,,
November,2016,Egan Inter,,
November,2016,Egan Stor,,
November,2016,EGT-Flex,,
November,2016,EGT-North,,
November,2016,EGT-Perryville Hub,2.54,-0.23
November,2016,EGT-South,,
November,2016,EGT-West,,
November,2016,Enable East Pool,,
November,2016,Enable West Pool ,,
November,2016,ENT-STX Map,,
November,2016,EP-Anadarko,,
November,2016,EP-Keystone,,
November,2016,EP-Plains Pool,,
November,2016,EP-S.Mainline,,
November,2016,EP-SJ Blanco Pool,2.53,-0.24
November,2016,EP-SJ Bondad Stn,,
November,2016,EP-Waha Pool,,
November,2016,ETC-Cleburne,,
November,2016,ETC-Maypearl,,
November,2016,ETC-Tiger Gas (receipt),,
November,2016,FGT-CG,,
November,2016,FGT-Z1,2.75,-0.02
November,2016,FGT-Z2,2.75,-0.02
November,2016,FGT-Z3,2.77,0.0
November,2016,GCX Waha Hub,,
November,2016,Gillis Hub,,
November,2016,GLGT-St.Clair,,
November,2016,Golden Triangle,,
November,2016,GTN-Kingsgate,,
November,2016,GTN-Malin,,
November,2016,GTN-Stanfield,,
November,2016,Guardian Hub,,
November,2016,Gulf S. Pool 16,,
November,2016,Gulf South - Perryville,,
November,2016,Henry,2.77,0.0
November,2016,HPL-ETX Pool,,
November,2016,HSC-HPL Pool,2.72,-0.05
November,2016,HSC-Kinder Morgan,,
November,2016,Iroquois (into),2.76,-0.01
November,2016,Iroquois-Z1,,
November,2016,Iroquois-Z2,2.75,-0.02
November,2016,Iroquois-Z2 Hunts Pt,,
November,2016,Jefferson Island,,
November,2016,Katy-Enstor Pool,2.76,-0.01
November,2016,Katy-Lonestar Inter,,
November,2016,Katy-Lonestar Intra,,
November,2016,Katy-Oasis,,
November,2016,KRGT-Del Pool,,
November,2016,KRGT-Rec Pool,,
November,2016,Lebanon,2.72,-0.05
November,2016,Leidy,,
November,2016,Leidy-Transco,1.08,-1.69
November,2016,M&N US,,
November,2016,MEP-Lamar,,
November,2016,Michcon,2.8,0.03
November,2016,Midship (receipt),,
November,2016,Millennium,,
November,2016,Millennium East Pool,1.08,-1.69
November,2016,Millennium-Ramapo,,
November,2016,Moss Bluff Inter,,
November,2016,Moss Bluff Stor,,
November,2016,MS Hub,,
November,2016,NBPL-Bakken (receipt),,
November,2016,NBPL-Harper,,
November,2016,NBPL-Nicor,2.8,0.03
November,2016,NBPL-Vector,,
November,2016,NBPL-Ventura,2.73,-0.04
November,2016,NBPL-Will County,,
November,2016,NGPL-AM Pool,,
November,2016,NGPL-AM Stor,,
November,2016,NGPL-GC Mainline,,
November,2016,NGPL-IA/IL AM Pool,,
November,2016,NGPL-IA/IL AM Stor,,
November,2016,NGPL-IA/IL GC Pool,,
November,2016,NGPL-IA/IL GC Stor,,
November,2016,NGPL-LA Pool,,
November,2016,NGPL-LA Stor,,
November,2016,NGPL-MidAm,,
November,2016,NGPL-Midcont Pool,2.6,-0.17
November,2016,NGPL-Midcont Stor,,
November,2016,NGPL-Nicor,2.8,0.03
November,2016,NGPL-Nipsco,2.82,0.05
November,2016,NGPL-STX,2.7,-0.07
November,2016,NGPL-TXOK East,2.66,-0.11
November,2016,NGPL-TXOK East Stor,2.66,-0.11
November,2016,NGPL-TXOK West,2.66,-0.11
November,2016,NNG-Demarc,2.75,-0.02
November,2016,NNG-Mid 13-16A,,
November,2016,NNG-Mid 1-7,,
November,2016,NNG-Mid 8-12,,
November,2016,NNG-Ventura,2.73,-0.04
November,2016,Nortex-Tolar Hub,,
November,2016,NWP-Rocky Mtn,2.62,-0.15
November,2016,NWP-Sumas,2.62,-0.15
November,2016,NWP-Wyoming,,
November,2016,Oasis - Waha Pool,,
November,2016,OGT,,
November,2016,ONEOK Westex,2.49,-0.28
November,2016,Opal,,
November,2016,Panhandle,2.55,-0.22
November,2016,PG&E-Citygate,3.25,0.48
November,2016,PG&E-Daggett,,
November,2016,PG&E-KRS,,
November,2016,PG&E-Topock,,
November,2016,PGLC,2.77,0.0
November,2016,Pine Prairie,,
November,2016,Pioneer,,
November,2016,PNGTS,,
November,2016,Questar-North,,
November,2016,Questar-South,,
November,2016,REX Cheyenne Comp Pool,,
November,2016,REX E-ANR,,
November,2016,REX E-MidW,,
November,2016,REX E-NGPL,,
November,2016,REX E-PEPL,,
November,2016,REX E-Trunk,,
November,2016,REX W-ANR,,
November,2016,REX W-NGPL,,
November,2016,REX W-NNG,,
November,2016,REX W-PEPL,,
November,2016,REX-Z3 (receipt) ,,
November,2016,REX-Z3 Del Pool,2.71,-0.06
November,2016,Rover (receipt),,
November,2016,Rover-ANR,,
November,2016,Rover-PEPL,,
November,2016,Ruby-Onyx Hill,,
November,2016,Ruby-Rec Pool,,
November,2016,Ryckman Creek Stor,,
November,2016,Salt Plains Inter,,
November,2016,Salt Plains Stor,,
November,2016,Socal-Blythe,,
November,2016,Socal-Border,2.7,-0.07
November,2016,Socal-Citygate,2.88,0.11
November,2016,Socal-Ehrenberg,,
November,2016,Socal-Firm Stor,,
November,2016,Socal-IT Stor,,
November,2016,Socal-Kramer,,
November,2016,Socal-KRS,,
November,2016,Socal-Needles,,
November,2016,Socal-Storage,,
November,2016,Socal-Topock (EP),,
November,2016,Socal-Topock (TW),,
November,2016,Socal-WR,,
November,2016,Sonat-Z0 South,2.7,-0.07
November,2016,Sonat-Z1 North,,
November,2016,Southern Pines Hub,,
November,2016,Southern Star,2.55,-0.22
November,2016,Spectra - Hunt,,
November,2016,Stagecoach ,,
November,2016,Stingray,,
November,2016,TCO,2.56,-0.21
November,2016,TCO-A04 Pool,,
November,2016,TCO-A06 Pool,,
November,2016,TCO-A08 Pool,,
November,2016,TCO-Seg Pool,2.04,-0.73
November,2016,TETCO-ELA,2.67,-0.1
November,2016,TETCO-ETX,2.64,-0.13
November,2016,TETCO-M1 24,,
November,2016,TETCO-M1 30,2.66,-0.11
November,2016,TETCO-M2,,
November,2016,TETCO-M2 (receipt),1.1,-1.67
November,2016,TETCO-M3,1.28,-1.49
November,2016,TETCO-Manhattan,,
November,2016,TETCO-STX,2.72,-0.05
November,2016,TETCO-WLA,2.7,-0.07
November,2016,TGP-500L,2.7,-0.07
November,2016,TGP-800L,2.69,-0.08
November,2016,TGP-Mahwah,,
November,2016,TGP-Niagara,1.39,-1.38
November,2016,TGP-Z0 Border Pool,2.68,-0.09
November,2016,TGP-Z0 North,2.68,-0.09
November,2016,TGP-Z0 South,2.68,-0.09
November,2016,TGP-Z1 100L,,
November,2016,TGP-Z1 800L Pool,,
November,2016,TGP-Z1 Sta-87,,
November,2016,TGP-Z4 300L,1.02,-1.75
November,2016,TGP-Z4 Marcellus,1.02,-1.75
November,2016,TGP-Z4 Sta-219,,
November,2016,TGP-Z4 Sta-313,1.17,-1.6
November,2016,TGP-Z5 200L,1.27,-1.5
November,2016,TGP-Z6 200L,2.5,-0.27
November,2016,TGP-Z6 200L North,,
November,2016,TGP-Z6 200L South,,
November,2016,TGP-Z6 300L,,
November,2016,TGT-Mainline,2.66,-0.11
November,2016,TGT-North LA,,
November,2016,TGT-SL,2.67,-0.1
November,2016,Transco Zn3,2.72,-0.05
November,2016,Transco-165,,
November,2016,Transco-30,2.69,-0.08
November,2016,Transco-45,2.7,-0.07
November,2016,Transco-65,,
November,2016,Transco-85,2.73,-0.04
November,2016,Transco-River Road,,
November,2016,Transco-Z5,2.86,0.09
November,2016,Transco-Z5 North,,
November,2016,Transco-Z5 South,2.86,0.09
November,2016,Transco-Z6 (non-NY north ML),,
November,2016,Transco-Z6 (non-NY north),1.89,-0.88
November,2016,Transco-Z6 (non-NY south),,
November,2016,Transco-Z6 (non-NY),1.89,-0.88
November,2016,Transco-Z6 (NY),1.91,-0.86
November,2016,Transco-Z6 Sta-210,,
November,2016,Tres Palacios (inj),,
November,2016,Tres Palacios (w/d),,
November,2016,Trunkline-ELA,2.75,-0.02
November,2016,Trunkline-WLA,2.75,-0.02
November,2016,Trunkline-Z1A,2.66,-0.11
November,2016,TW-Blanco,2.54,-0.23
November,2016,TW-Central,,
November,2016,TW-Panhandle,2.51,-0.26
November,2016,TW-WTX,,
November,2016,Union-Dawn,2.93,0.16
November,2016,Waha,2.55,-0.22
November,2016,White River Hub,,
November,2016,WIC,,
November,2016,0,,
November,2016,0,,
November,2016,0,,
November,2016,0,,
December,2016,AB Pool (inter),,
December,2016,AB Pool (intra),,
December,2016,AGT-CG,,
December,2016,AGT-CG (non-G),4.73,1.5
December,2016,Agua Dulce Hub,,
December,2016,ANR-Joliet Hub,,
December,2016,ANR-SE,,
December,2016,ANR-SE-T,3.19,-0.04
December,2016,ANR-SW,3.0,-0.23
December,2016,APC-ACE,,
December,2016,APC-ANR,,
December,2016,APC-MGTC,,
December,2016,APC-NGPL,,
December,2016,APC-Nicor,,
December,2016,APC-VPC,,
December,2016,Arena WTX Pool,,
December,2016,Atmos Zone 3,,
December,2016,Banquete Hub,,
December,2016,Bay Gas Storage,,
December,2016,Bennington,,
December,2016,Beverly Salem,,
December,2016,Bluewater Hub,,
December,2016,Bobcat Inter,,
December,2016,Bobcat Stor,,
December,2016,Carthage,,
December,2016,CG-Mainline,3.13,-0.1
December,2016,CG-Onshore,3.15,-0.08
December,2016,Cheyenne,2.87,-0.36
December,2016,Chicago,3.25,0.02
December,2016,CIG-Mainline,2.77,-0.46
December,2016,CIG-Mainline Pool,,
December,2016,CIG-Mainline South,,
December,2016,Clarington,,
December,2016,Clarington-Tenn,,
December,2016,Consumers,3.31,0.08
December,2016,Cove Point,,
December,2016,Dracut,,
December,2016,Eastern Gas-North,,
December,2016,Eastern Gas-South,,
December,2016,Egan Inter,,
December,2016,Egan Stor,,
December,2016,EGT-Flex,,
December,2016,EGT-North,,
December,2016,EGT-Perryville Hub,3.06,-0.17
December,2016,EGT-South,,
December,2016,EGT-West,,
December,2016,Enable East Pool,,
December,2016,Enable West Pool ,,
December,2016,ENT-STX Map,,
December,2016,EP-Anadarko,,
December,2016,EP-Keystone,,
December,2016,EP-Plains Pool,,
December,2016,EP-S.Mainline,,
December,2016,EP-SJ Blanco Pool,3.15,-0.08
December,2016,EP-SJ Bondad Stn,,
December,2016,EP-Waha Pool,,
December,2016,ETC-Cleburne,,
December,2016,ETC-Maypearl,,
December,2016,ETC-Tiger Gas (receipt),,
December,2016,FGT-CG,,
December,2016,FGT-Z1,3.23,0.0
December,2016,FGT-Z2,3.22,-0.01
December,2016,FGT-Z3,3.22,-0.01
December,2016,GCX Waha Hub,,
December,2016,Gillis Hub,,
December,2016,GLGT-St.Clair,,
December,2016,Golden Triangle,,
December,2016,GTN-Kingsgate,,
December,2016,GTN-Malin,,
December,2016,GTN-Stanfield,,
December,2016,Guardian Hub,,
December,2016,Gulf S. Pool 16,,
December,2016,Gulf South - Perryville,,
December,2016,Henry,3.23,0.0
December,2016,HPL-ETX Pool,,
December,2016,HSC-HPL Pool,2.98,-0.25
December,2016,HSC-Kinder Morgan,,
December,2016,Iroquois (into),4.14,0.91
December,2016,Iroquois-Z1,,
December,2016,Iroquois-Z2,4.32,1.09
December,2016,Iroquois-Z2 Hunts Pt,,
December,2016,Jefferson Island,,
December,2016,Katy-Enstor Pool,3.16,-0.07
December,2016,Katy-Lonestar Inter,,
December,2016,Katy-Lonestar Intra,,
December,2016,Katy-Oasis,,
December,2016,KRGT-Del Pool,,
December,2016,KRGT-Rec Pool,,
December,2016,Lebanon,3.24,0.01
December,2016,Leidy,,
December,2016,Leidy-Transco,2.26,-0.97
December,2016,M&N US,,
December,2016,MEP-Lamar,,
December,2016,Michcon,3.2,-0.03
December,2016,Midship (receipt),,
December,2016,Millennium,,
December,2016,Millennium East Pool,2.28,-0.95
December,2016,Millennium-Ramapo,,
December,2016,Moss Bluff Inter,,
December,2016,Moss Bluff Stor,,
December,2016,MS Hub,,
December,2016,NBPL-Bakken (receipt),,
December,2016,NBPL-Harper,,
December,2016,NBPL-Nicor,3.28,0.05
December,2016,NBPL-Vector,,
December,2016,NBPL-Ventura,3.11,-0.12
December,2016,NBPL-Will County,,
December,2016,NGPL-AM Pool,,
December,2016,NGPL-AM Stor,,
December,2016,NGPL-GC Mainline,,
December,2016,NGPL-IA/IL AM Pool,,
December,2016,NGPL-IA/IL AM Stor,,
December,2016,NGPL-IA/IL GC Pool,,
December,2016,NGPL-IA/IL GC Stor,,
December,2016,NGPL-LA Pool,,
December,2016,NGPL-LA Stor,,
December,2016,NGPL-MidAm,,
December,2016,NGPL-Midcont Pool,2.97,-0.26
December,2016,NGPL-Midcont Stor,,
December,2016,NGPL-Nicor,3.28,0.05
December,2016,NGPL-Nipsco,3.26,0.03
December,2016,NGPL-STX,3.16,-0.07
December,2016,NGPL-TXOK East,3.09,-0.14
December,2016,NGPL-TXOK East Stor,3.09,-0.14
December,2016,NGPL-TXOK West,3.09,-0.14
December,2016,NNG-Demarc,3.19,-0.04
December,2016,NNG-Mid 13-16A,,
December,2016,NNG-Mid 1-7,,
December,2016,NNG-Mid 8-12,,
December,2016,NNG-Ventura,3.11,-0.12
December,2016,Nortex-Tolar Hub,,
December,2016,NWP-Rocky Mtn,2.99,-0.24
December,2016,NWP-Sumas,3.27,0.04
December,2016,NWP-Wyoming,,
December,2016,Oasis - Waha Pool,,
December,2016,OGT,,
December,2016,ONEOK Westex,3.01,-0.22
December,2016,Opal,,
December,2016,Panhandle,3.04,-0.19
December,2016,PG&E-Citygate,3.56,0.33
December,2016,PG&E-Daggett,,
December,2016,PG&E-KRS,,
December,2016,PG&E-Topock,,
December,2016,PGLC,3.24,0.01
December,2016,Pine Prairie,,
December,2016,Pioneer,,
December,2016,PNGTS,,
December,2016,Questar-North,,
December,2016,Questar-South,,
December,2016,REX Cheyenne Comp Pool,,
December,2016,REX E-ANR,,
December,2016,REX E-MidW,,
December,2016,REX E-NGPL,,
December,2016,REX E-PEPL,,
December,2016,REX E-Trunk,,
December,2016,REX W-ANR,,
December,2016,REX W-NGPL,,
December,2016,REX W-NNG,,
December,2016,REX W-PEPL,,
December,2016,REX-Z3 (receipt) ,,
December,2016,REX-Z3 Del Pool,3.21,-0.02
December,2016,Rover (receipt),,
December,2016,Rover-ANR,,
December,2016,Rover-PEPL,,
December,2016,Ruby-Onyx Hill,,
December,2016,Ruby-Rec Pool,,
December,2016,Ryckman Creek Stor,,
December,2016,Salt Plains Inter,,
December,2016,Salt Plains Stor,,
December,2016,Socal-Blythe,,
December,2016,Socal-Border,3.41,0.18
December,2016,Socal-Citygate,3.63,0.4
December,2016,Socal-Ehrenberg,,
December,2016,Socal-Firm Stor,,
December,2016,Socal-IT Stor,,
December,2016,Socal-Kramer,,
December,2016,Socal-KRS,,
December,2016,Socal-Needles,,
December,2016,Socal-Storage,,
December,2016,Socal-Topock (EP),,
December,2016,Socal-Topock (TW),,
December,2016,Socal-WR,,
December,2016,Sonat-Z0 South,3.18,-0.05
December,2016,Sonat-Z1 North,,
December,2016,Southern Pines Hub,,
December,2016,Southern Star,3.04,-0.19
December,2016,Spectra - Hunt,,
December,2016,Stagecoach ,,
December,2016,Stingray,,
December,2016,TCO,3.07,-0.16
December,2016,TCO-A04 Pool,,
December,2016,TCO-A06 Pool,,
December,2016,TCO-A08 Pool,,
December,2016,TCO-Seg Pool,2.9,-0.33
December,2016,TETCO-ELA,3.15,-0.08
December,2016,TETCO-ETX,3.13,-0.1
December,2016,TETCO-M1 24,,
December,2016,TETCO-M1 30,3.13,-0.1
December,2016,TETCO-M2,,
December,2016,TETCO-M2 (receipt),2.41,-0.82
December,2016,TETCO-M3,2.98,-0.25
December,2016,TETCO-Manhattan,,
December,2016,TETCO-STX,3.16,-0.07
December,2016,TETCO-WLA,3.13,-0.1
December,2016,TGP-500L,3.17,-0.06
December,2016,TGP-800L,3.16,-0.07
December,2016,TGP-Mahwah,,
December,2016,TGP-Niagara,3.48,0.25
December,2016,TGP-Z0 Border Pool,3.13,-0.1
December,2016,TGP-Z0 North,3.13,-0.1
December,2016,TGP-Z0 South,3.13,-0.1
December,2016,TGP-Z1 100L,,
December,2016,TGP-Z1 800L Pool,,
December,2016,TGP-Z1 Sta-87,,
December,2016,TGP-Z4 300L,2.16,-1.07
December,2016,TGP-Z4 Marcellus,2.16,-1.07
December,2016,TGP-Z4 Sta-219,,
December,2016,TGP-Z4 Sta-313,2.58,-0.65
December,2016,TGP-Z5 200L,2.59,-0.64
December,2016,TGP-Z6 200L,4.63,1.4
December,2016,TGP-Z6 200L North,,
December,2016,TGP-Z6 200L South,,
December,2016,TGP-Z6 300L,,
December,2016,TGT-Mainline,3.14,-0.09
December,2016,TGT-North LA,,
December,2016,TGT-SL,3.15,-0.08
December,2016,Transco Zn3,3.2,-0.03
December,2016,Transco-165,,
December,2016,Transco-30,3.17,-0.06
December,2016,Transco-45,3.19,-0.04
December,2016,Transco-65,,
December,2016,Transco-85,3.2,-0.03
December,2016,Transco-River Road,,
December,2016,Transco-Z5,3.74,0.51
December,2016,Transco-Z5 North,,
December,2016,Transco-Z5 South,3.74,0.51
December,2016,Transco-Z6 (non-NY north ML),,
December,2016,Transco-Z6 (non-NY north),3.72,0.49
December,2016,Transco-Z6 (non-NY south),,
December,2016,Transco-Z6 (non-NY),3.72,0.49
December,2016,Transco-Z6 (NY),3.87,0.64
December,2016,Transco-Z6 Sta-210,,
December,2016,Tres Palacios (inj),,
December,2016,Tres Palacios (w/d),,
December,2016,Trunkline-ELA,3.2,-0.03
December,2016,Trunkline-WLA,3.2,-0.03
December,2016,Trunkline-Z1A,3.15,-0.08
December,2016,TW-Blanco,3.06,-0.17
December,2016,TW-Central,,
December,2016,TW-Panhandle,2.9,-0.33
December,2016,TW-WTX,,
December,2016,Union-Dawn,3.63,0.4
December,2016,Waha,3.03,-0.2
December,2016,White River Hub,,
December,2016,WIC,,
December,2016,0,,
December,2016,0,,
December,2016,0,,
December,2016,0,,
January,2017,AB Pool (inter),,
January,2017,AB Pool (intra),,
January,2017,AGT-CG,,
January,2017,AGT-CG (non-G),12.07,8.13
January,2017,Agua Dulce Hub,,
January,2017,ANR-Joliet Hub,,
January,2017,ANR-SE,,
January,2017,ANR-SE-T,3.89,-0.05
January,2017,ANR-SW,3.74,-0.2
January,2017,APC-ACE,,
January,2017,APC-ANR,,
January,2017,APC-MGTC,,
January,2017,APC-NGPL,,
January,2017,APC-Nicor,,
January,2017,APC-VPC,,
January,2017,Arena WTX Pool,,
January,2017,Atmos Zone 3,,
January,2017,Banquete Hub,,
January,2017,Bay Gas Storage,,
January,2017,Bennington,,
January,2017,Beverly Salem,,
January,2017,Bluewater Hub,,
January,2017,Bobcat Inter,,
January,2017,Bobcat Stor,,
January,2017,Carthage,,
January,2017,CG-Mainline,3.84,-0.1
January,2017,CG-Onshore,3.86,-0.08
January,2017,Cheyenne,3.7,-0.24
January,2017,Chicago,4.17,0.23
January,2017,CIG-Mainline,3.63,-0.31
January,2017,CIG-Mainline Pool,,
January,2017,CIG-Mainline South,,
January,2017,Clarington,,
January,2017,Clarington-Tenn,,
January,2017,Consumers,4.09,0.15
January,2017,Cove Point,,
January,2017,Dracut,,
January,2017,Eastern Gas-North,,
January,2017,Eastern Gas-South,,
January,2017,Egan Inter,,
January,2017,Egan Stor,,
January,2017,EGT-Flex,,
January,2017,EGT-North,,
January,2017,EGT-Perryville Hub,3.74,-0.2
January,2017,EGT-South,,
January,2017,EGT-West,,
January,2017,Enable East Pool,,
January,2017,Enable West Pool ,,
January,2017,ENT-STX Map,,
January,2017,EP-Anadarko,,
January,2017,EP-Keystone,,
January,2017,EP-Plains Pool,,
January,2017,EP-S.Mainline,,
January,2017,EP-SJ Blanco Pool,3.46,-0.48
January,2017,EP-SJ Bondad Stn,,
January,2017,EP-Waha Pool,,
January,2017,ETC-Cleburne,,
January,2017,ETC-Maypearl,,
January,2017,ETC-Tiger Gas (receipt),,
January,2017,FGT-CG,,
January,2017,FGT-Z1,3.9,-0.04
January,2017,FGT-Z2,3.93,-0.01
January,2017,FGT-Z3,3.91,-0.03
January,2017,GCX Waha Hub,,
January,2017,Gillis Hub,,
January,2017,GLGT-St.Clair,,
January,2017,Golden Triangle,,
January,2017,GTN-Kingsgate,,
January,2017,GTN-Malin,,
January,2017,GTN-Stanfield,,
January,2017,Guardian Hub,,
January,2017,Gulf S. Pool 16,,
January,2017,Gulf South - Perryville,,
January,2017,Henry,3.94,0.0
January,2017,HPL-ETX Pool,,
January,2017,HSC-HPL Pool,3.65,-0.29
January,2017,HSC-Kinder Morgan,,
January,2017,Iroquois (into),8.26,4.32
January,2017,Iroquois-Z1,,
January,2017,Iroquois-Z2,9.23,5.29
January,2017,Iroquois-Z2 Hunts Pt,,
January,2017,Jefferson Island,,
January,2017,Katy-Enstor Pool,3.66,-0.28
January,2017,Katy-Lonestar Inter,,
January,2017,Katy-Lonestar Intra,,
January,2017,Katy-Oasis,,
January,2017,KRGT-Del Pool,,
January,2017,KRGT-Rec Pool,,
January,2017,Lebanon,3.98,0.04
January,2017,Leidy,,
January,2017,Leidy-Transco,3.24,-0.7
January,2017,M&N US,,
January,2017,MEP-Lamar,,
January,2017,Michcon,4.02,0.08
January,2017,Midship (receipt),,
January,2017,Millennium,,
January,2017,Millennium East Pool,3.22,-0.72
January,2017,Millennium-Ramapo,,
January,2017,Moss Bluff Inter,,
January,2017,Moss Bluff Stor,,
January,2017,MS Hub,,
January,2017,NBPL-Bakken (receipt),,
January,2017,NBPL-Harper,,
January,2017,NBPL-Nicor,4.06,0.12
January,2017,NBPL-Vector,,
January,2017,NBPL-Ventura,4.17,0.23
January,2017,NBPL-Will County,,
January,2017,NGPL-AM Pool,,
January,2017,NGPL-AM Stor,,
January,2017,NGPL-GC Mainline,,
January,2017,NGPL-IA/IL AM Pool,,
January,2017,NGPL-IA/IL AM Stor,,
January,2017,NGPL-IA/IL GC Pool,,
January,2017,NGPL-IA/IL GC Stor,,
January,2017,NGPL-LA Pool,,
January,2017,NGPL-LA Stor,,
January,2017,NGPL-MidAm,,
January,2017,NGPL-Midcont Pool,3.66,-0.28
January,2017,NGPL-Midcont Stor,,
January,2017,NGPL-Nicor,4.06,0.12
January,2017,NGPL-Nipsco,4.19,0.25
January,2017,NGPL-STX,3.83,-0.11
January,2017,NGPL-TXOK East,3.78,-0.16
January,2017,NGPL-TXOK East Stor,3.78,-0.16
January,2017,NGPL-TXOK West,3.78,-0.16
January,2017,NNG-Demarc,3.93,-0.01
January,2017,NNG-Mid 13-16A,,
January,2017,NNG-Mid 1-7,,
January,2017,NNG-Mid 8-12,,
January,2017,NNG-Ventura,4.17,0.23
January,2017,Nortex-Tolar Hub,,
January,2017,NWP-Rocky Mtn,3.73,-0.21
January,2017,NWP-Sumas,4.85,0.91
January,2017,NWP-Wyoming,,
January,2017,Oasis - Waha Pool,,
January,2017,OGT,,
January,2017,ONEOK Westex,3.63,-0.31
January,2017,Opal,,
January,2017,Panhandle,3.69,-0.25
January,2017,PG&E-Citygate,3.96,0.02
January,2017,PG&E-Daggett,,
January,2017,PG&E-KRS,,
January,2017,PG&E-Topock,,
January,2017,PGLC,4.19,0.25
January,2017,Pine Prairie,,
January,2017,Pioneer,,
January,2017,PNGTS,,
January,2017,Questar-North,,
January,2017,Questar-South,,
January,2017,REX Cheyenne Comp Pool,,
January,2017,REX E-ANR,,
January,2017,REX E-MidW,,
January,2017,REX E-NGPL,,
January,2017,REX E-PEPL,,
January,2017,REX E-Trunk,,
January,2017,REX W-ANR,,
January,2017,REX W-NGPL,,
January,2017,REX W-NNG,,
January,2017,REX W-PEPL,,
January,2017,REX-Z3 (receipt) ,,
January,2017,REX-Z3 Del Pool,3.94,0.0
January,2017,Rover (receipt),,
January,2017,Rover-ANR,,
January,2017,Rover-PEPL,,
January,2017,Ruby-Onyx Hill,,
January,2017,Ruby-Rec Pool,,
January,2017,Ryckman Creek Stor,,
January,2017,Salt Plains Inter,,
January,2017,Salt Plains Stor,,
January,2017,Socal-Blythe,,
January,2017,Socal-Border,3.81,-0.13
January,2017,Socal-Citygate,3.92,-0.02
January,2017,Socal-Ehrenberg,,
January,2017,Socal-Firm Stor,,
January,2017,Socal-IT Stor,,
January,2017,Socal-Kramer,,
January,2017,Socal-KRS,,
January,2017,Socal-Needles,,
January,2017,Socal-Storage,,
January,2017,Socal-Topock (EP),,
January,2017,Socal-Topock (TW),,
January,2017,Socal-WR,,
January,2017,Sonat-Z0 South,3.88,-0.06
January,2017,Sonat-Z1 North,,
January,2017,Southern Pines Hub,,
January,2017,Southern Star,3.75,-0.19
January,2017,Spectra - Hunt,,
January,2017,Stagecoach ,,
January,2017,Stingray,,
January,2017,TCO,3.73,-0.21
January,2017,TCO-A04 Pool,,
January,2017,TCO-A06 Pool,,
January,2017,TCO-A08 Pool,,
January,2017,TCO-Seg Pool,3.65,-0.29
January,2017,TETCO-ELA,3.82,-0.12
January,2017,TETCO-ETX,3.8,-0.14
January,2017,TETCO-M1 24,,
January,2017,TETCO-M1 30,3.85,-0.09
January,2017,TETCO-M2,,
January,2017,TETCO-M2 (receipt),3.41,-0.53
January,2017,TETCO-M3,5.64,1.7
January,2017,TETCO-Manhattan,,
January,2017,TETCO-STX,3.83,-0.11
January,2017,TETCO-WLA,3.83,-0.11
January,2017,TGP-500L,3.88,-0.06
January,2017,TGP-800L,3.86,-0.08
January,2017,TGP-Mahwah,,
January,2017,TGP-Niagara,4.72,0.78
January,2017,TGP-Z0 Border Pool,,
January,2017,TGP-Z0 North,,
January,2017,TGP-Z0 South,,
January,2017,TGP-Z1 100L,,
January,2017,TGP-Z1 800L Pool,,
January,2017,TGP-Z1 Sta-87,,
January,2017,TGP-Z4 300L,3.13,-0.81
January,2017,TGP-Z4 Marcellus,3.13,-0.81
January,2017,TGP-Z4 Sta-219,,
January,2017,TGP-Z4 Sta-313,3.31,-0.63
January,2017,TGP-Z5 200L,3.59,-0.35
January,2017,TGP-Z6 200L,12.5,8.56
January,2017,TGP-Z6 200L North,,
January,2017,TGP-Z6 200L South,,
January,2017,TGP-Z6 300L,,
January,2017,TGT-Mainline,3.86,-0.08
January,2017,TGT-North LA,,
January,2017,TGT-SL,3.87,-0.07
January,2017,Transco Zn3,3.89,-0.05
January,2017,Transco-165,,
January,2017,Transco-30,3.85,-0.09
January,2017,Transco-45,3.87,-0.07
January,2017,Transco-65,,
January,2017,Transco-85,3.9,-0.04
January,2017,Transco-River Road,,
January,2017,Transco-Z5,5.82,1.88
January,2017,Transco-Z5 North,,
January,2017,Transco-Z5 South,5.82,1.88
January,2017,Transco-Z6 (non-NY north ML),,
January,2017,Transco-Z6 (non-NY north),5.85,1.91
January,2017,Transco-Z6 (non-NY south),,
January,2017,Transco-Z6 (non-NY),5.85,1.91
January,2017,Transco-Z6 (NY),9.13,5.19
January,2017,Transco-Z6 Sta-210,,
January,2017,Tres Palacios (inj),,
January,2017,Tres Palacios (w/d),,
January,2017,Trunkline-ELA,3.89,-0.05
January,2017,Trunkline-WLA,3.89,-0.05
January,2017,Trunkline-Z1A,3.85,-0.09
January,2017,TW-Blanco,3.7,-0.24
January,2017,TW-Central,,
January,2017,TW-Panhandle,3.53,-0.41
January,2017,TW-WTX,,
January,2017,Union-Dawn,4.67,0.73
January,2017,Waha,3.61,-0.33
January,2017,White River Hub,,
January,2017,WIC,,
January,2017,0,,
January,2017,0,,
January,2017,0,,
January,2017,0,,
February,2017,AB Pool (inter),,
February,2017,AB Pool (intra),,
February,2017,AGT-CG,,
February,2017,AGT-CG (non-G),7.39,4.0
February,2017,Agua Dulce Hub,,
February,2017,ANR-Joliet Hub,,
February,2017,ANR-SE,,
February,2017,ANR-SE-T,3.31,-0.08
February,2017,ANR-SW,3.11,-0.28
February,2017,APC-ACE,,
February,2017,APC-ANR,,
February,2017,APC-MGTC,,
February,2017,APC-NGPL,,
February,2017,APC-Nicor,,
February,2017,APC-VPC,,
February,2017,Arena WTX Pool,,
February,2017,Atmos Zone 3,,
February,2017,Banquete Hub,,
February,2017,Bay Gas Storage,,
February,2017,Bennington,,
February,2017,Beverly Salem,,
February,2017,Bluewater Hub,,
February,2017,Bobcat Inter,,
February,2017,Bobcat Stor,,
February,2017,Carthage,,
February,2017,CG-Mainline,3.28,-0.11
February,2017,CG-Onshore,3.3,-0.09
February,2017,Cheyenne,3.14,-0.25
February,2017,Chicago,3.4,0.01
February,2017,CIG-Mainline,3.12,-0.27
February,2017,CIG-Mainline Pool,,
February,2017,CIG-Mainline South,,
February,2017,Clarington,,
February,2017,Clarington-Tenn,,
February,2017,Consumers,3.4,0.01
February,2017,Cove Point,,
February,2017,Dracut,,
February,2017,Eastern Gas-North,,
February,2017,Eastern Gas-South,,
February,2017,Egan Inter,,
February,2017,Egan Stor,,
February,2017,EGT-Flex,,
February,2017,EGT-North,,
February,2017,EGT-Perryville Hub,3.15,-0.24
February,2017,EGT-South,,
February,2017,EGT-West,,
February,2017,Enable East Pool,,
February,2017,Enable West Pool ,,
February,2017,ENT-STX Map,,
February,2017,EP-Anadarko,,
February,2017,EP-Keystone,,
February,2017,EP-Plains Pool,,
February,2017,EP-S.Mainline,,
February,2017,EP-SJ Blanco Pool,3.1,-0.29
February,2017,EP-SJ Bondad Stn,,
February,2017,EP-Waha Pool,,
February,2017,ETC-Cleburne,,
February,2017,ETC-Maypearl,,
February,2017,ETC-Tiger Gas (receipt),,
February,2017,FGT-CG,,
February,2017,FGT-Z1,3.35,-0.04
February,2017,FGT-Z2,3.36,-0.03
February,2017,FGT-Z3,3.35,-0.04
February,2017,GCX Waha Hub,,
February,2017,Gillis Hub,,
February,2017,GLGT-St.Clair,,
February,2017,Golden Triangle,,
February,2017,GTN-Kingsgate,,
February,2017,GTN-Malin,,
February,2017,GTN-Stanfield,,
February,2017,Guardian Hub,,
February,2017,Gulf S. Pool 16,,
February,2017,Gulf South - Perryville,,
February,2017,Henry,3.39,0.0
February,2017,HPL-ETX Pool,,
February,2017,HSC-HPL Pool,3.28,-0.11
February,2017,HSC-Kinder Morgan,,
February,2017,Iroquois (into),5.19,1.8
February,2017,Iroquois-Z1,,
February,2017,Iroquois-Z2,5.78,2.39
February,2017,Iroquois-Z2 Hunts Pt,,
February,2017,Jefferson Island,,
February,2017,Katy-Enstor Pool,3.28,-0.11
February,2017,Katy-Lonestar Inter,,
February,2017,Katy-Lonestar Intra,,
February,2017,Katy-Oasis,,
February,2017,KRGT-Del Pool,,
February,2017,KRGT-Rec Pool,,
February,2017,Lebanon,3.29,-0.1
February,2017,Leidy,,
February,2017,Leidy-Transco,2.9,-0.49
February,2017,M&N US,,
February,2017,MEP-Lamar,,
February,2017,Michcon,3.39,0.0
February,2017,Midship (receipt),,
February,2017,Millennium,,
February,2017,Millennium East Pool,2.89,-0.5
February,2017,Millennium-Ramapo,,
February,2017,Moss Bluff Inter,,
February,2017,Moss Bluff Stor,,
February,2017,MS Hub,,
February,2017,NBPL-Bakken (receipt),,
February,2017,NBPL-Harper,,
February,2017,NBPL-Nicor,3.4,0.01
February,2017,NBPL-Vector,,
February,2017,NBPL-Ventura,3.32,-0.07
February,2017,NBPL-Will County,,
February,2017,NGPL-AM Pool,,
February,2017,NGPL-AM Stor,,
February,2017,NGPL-GC Mainline,,
February,2017,NGPL-IA/IL AM Pool,,
February,2017,NGPL-IA/IL AM Stor,,
February,2017,NGPL-IA/IL GC Pool,,
February,2017,NGPL-IA/IL GC Stor,,
February,2017,NGPL-LA Pool,,
February,2017,NGPL-LA Stor,,
February,2017,NGPL-MidAm,,
February,2017,NGPL-Midcont Pool,3.1,-0.29
February,2017,NGPL-Midcont Stor,,
February,2017,NGPL-Nicor,3.4,0.01
February,2017,NGPL-Nipsco,3.41,0.02
February,2017,NGPL-STX,3.27,-0.12
February,2017,NGPL-TXOK East,3.25,-0.14
February,2017,NGPL-TXOK East Stor,3.25,-0.14
February,2017,NGPL-TXOK West,3.25,-0.14
February,2017,NNG-Demarc,3.4,0.01
February,2017,NNG-Mid 13-16A,,
February,2017,NNG-Mid 1-7,,
February,2017,NNG-Mid 8-12,,
February,2017,NNG-Ventura,3.32,-0.07
February,2017,Nortex-Tolar Hub,,
February,2017,NWP-Rocky Mtn,3.11,-0.28
February,2017,NWP-Sumas,3.17,-0.22
February,2017,NWP-Wyoming,,
February,2017,Oasis - Waha Pool,,
February,2017,OGT,,
February,2017,ONEOK Westex,3.06,-0.33
February,2017,Opal,,
February,2017,Panhandle,3.19,-0.2
February,2017,PG&E-Citygate,3.69,0.3
February,2017,PG&E-Daggett,,
February,2017,PG&E-KRS,,
February,2017,PG&E-Topock,,
February,2017,PGLC,3.41,0.02
February,2017,Pine Prairie,,
February,2017,Pioneer,,
February,2017,PNGTS,,
February,2017,Questar-North,,
February,2017,Questar-South,,
February,2017,REX Cheyenne Comp Pool,,
February,2017,REX E-ANR,,
February,2017,REX E-MidW,,
February,2017,REX E-NGPL,,
February,2017,REX E-PEPL,,
February,2017,REX E-Trunk,,
February,2017,REX W-ANR,,
February,2017,REX W-NGPL,,
February,2017,REX W-NNG,,
February,2017,REX W-PEPL,,
February,2017,REX-Z3 (receipt) ,,
February,2017,REX-Z3 Del Pool,3.31,-0.08
February,2017,Rover (receipt),,
February,2017,Rover-ANR,,
February,2017,Rover-PEPL,,
February,2017,Ruby-Onyx Hill,,
February,2017,Ruby-Rec Pool,,
February,2017,Ryckman Creek Stor,,
February,2017,Salt Plains Inter,,
February,2017,Salt Plains Stor,,
February,2017,Socal-Blythe,,
February,2017,Socal-Border,3.28,-0.11
February,2017,Socal-Citygate,3.53,0.14
February,2017,Socal-Ehrenberg,,
February,2017,Socal-Firm Stor,,
February,2017,Socal-IT Stor,,
February,2017,Socal-Kramer,,
February,2017,Socal-KRS,,
February,2017,Socal-Needles,,
February,2017,Socal-Storage,,
February,2017,Socal-Topock (EP),,
February,2017,Socal-Topock (TW),,
February,2017,Socal-WR,,
February,2017,Sonat-Z0 South,3.32,-0.07
February,2017,Sonat-Z1 North,,
February,2017,Southern Pines Hub,,
February,2017,Southern Star,3.08,-0.31
February,2017,Spectra - Hunt,,
February,2017,Stagecoach ,,
February,2017,Stingray,,
February,2017,TCO,3.16,-0.23
February,2017,TCO-A04 Pool,,
February,2017,TCO-A06 Pool,,
February,2017,TCO-A08 Pool,,
February,2017,TCO-Seg Pool,3.11,-0.28
February,2017,TETCO-ELA,3.28,-0.11
February,2017,TETCO-ETX,3.25,-0.14
February,2017,TETCO-M1 24,,
February,2017,TETCO-M1 30,3.29,-0.1
February,2017,TETCO-M2,,
February,2017,TETCO-M2 (receipt),3.0,-0.39
February,2017,TETCO-M3,3.9,0.51
February,2017,TETCO-Manhattan,,
February,2017,TETCO-STX,3.27,-0.12
February,2017,TETCO-WLA,3.29,-0.1
February,2017,TGP-500L,3.31,-0.08
February,2017,TGP-800L,3.3,-0.09
February,2017,TGP-Mahwah,,
February,2017,TGP-Niagara,3.44,0.05
February,2017,TGP-Z0 Border Pool,,
February,2017,TGP-Z0 North,,
February,2017,TGP-Z0 South,,
February,2017,TGP-Z1 100L,,
February,2017,TGP-Z1 800L Pool,,
February,2017,TGP-Z1 Sta-87,,
February,2017,TGP-Z4 300L,2.82,-0.57
February,2017,TGP-Z4 Marcellus,2.82,-0.57
February,2017,TGP-Z4 Sta-219,,
February,2017,TGP-Z4 Sta-313,2.94,-0.45
February,2017,TGP-Z5 200L,3.07,-0.32
February,2017,TGP-Z6 200L,7.59,4.2
February,2017,TGP-Z6 200L North,,
February,2017,TGP-Z6 200L South,,
February,2017,TGP-Z6 300L,,
February,2017,TGT-Mainline,3.29,-0.1
February,2017,TGT-North LA,,
February,2017,TGT-SL,3.3,-0.09
February,2017,Transco Zn3,3.33,-0.06
February,2017,Transco-165,,
February,2017,Transco-30,3.27,-0.12
February,2017,Transco-45,3.3,-0.09
February,2017,Transco-65,,
February,2017,Transco-85,3.34,-0.05
February,2017,Transco-River Road,,
February,2017,Transco-Z5,4.12,0.73
February,2017,Transco-Z5 North,,
February,2017,Transco-Z5 South,4.11,0.72
February,2017,Transco-Z6 (non-NY north ML),,
February,2017,Transco-Z6 (non-NY north),4.13,0.74
February,2017,Transco-Z6 (non-NY south),,
February,2017,Transco-Z6 (non-NY),4.13,0.74
February,2017,Transco-Z6 (NY),5.03,1.64
February,2017,Transco-Z6 Sta-210,,
February,2017,Tres Palacios (inj),,
February,2017,Tres Palacios (w/d),,
February,2017,Trunkline-ELA,3.33,-0.06
February,2017,Trunkline-WLA,3.33,-0.06
February,2017,Trunkline-Z1A,3.29,-0.1
February,2017,TW-Blanco,3.21,-0.18
February,2017,TW-Central,,
February,2017,TW-Panhandle,3.03,-0.36
February,2017,TW-WTX,,
February,2017,Union-Dawn,3.56,0.17
February,2017,Waha,3.04,-0.35
February,2017,White River Hub,,
February,2017,WIC,,
February,2017,0,,
February,2017,0,,
February,2017,0,,
February,2017,0,,
March,2017,AB Pool (inter),,
March,2017,AB Pool (intra),,
March,2017,AGT-CG,,
March,2017,AGT-CG (non-G),3.26,0.64
March,2017,Agua Dulce Hub,,
March,2017,ANR-Joliet Hub,,
March,2017,ANR-SE,,
March,2017,ANR-SE-T,2.52,-0.1
March,2017,ANR-SW,2.34,-0.28
March,2017,APC-ACE,,
March,2017,APC-ANR,,
March,2017,APC-MGTC,,
March,2017,APC-NGPL,,
March,2017,APC-Nicor,,
March,2017,APC-VPC,,
March,2017,Arena WTX Pool,,
March,2017,Atmos Zone 3,,
March,2017,Banquete Hub,,
March,2017,Bay Gas Storage,,
March,2017,Bennington,,
March,2017,Beverly Salem,,
March,2017,Bluewater Hub,,
March,2017,Bobcat Inter,,
March,2017,Bobcat Stor,,
March,2017,Carthage,,
March,2017,CG-Mainline,2.5,-0.12
March,2017,CG-Onshore,2.52,-0.1
March,2017,Cheyenne,2.29,-0.33
March,2017,Chicago,2.63,0.01
March,2017,CIG-Mainline,2.28,-0.34
March,2017,CIG-Mainline Pool,,
March,2017,CIG-Mainline South,,
March,2017,Clarington,,
March,2017,Clarington-Tenn,,
March,2017,Consumers,2.63,0.01
March,2017,Cove Point,,
March,2017,Dracut,,
March,2017,Eastern Gas-North,,
March,2017,Eastern Gas-South,,
March,2017,Egan Inter,,
March,2017,Egan Stor,,
March,2017,EGT-Flex,,
March,2017,EGT-North,,
March,2017,EGT-Perryville Hub,2.38,-0.24
March,2017,EGT-South,,
March,2017,EGT-West,,
March,2017,Enable East Pool,,
March,2017,Enable West Pool ,,
March,2017,ENT-STX Map,,
March,2017,EP-Anadarko,,
March,2017,EP-Keystone,,
March,2017,EP-Plains Pool,,
March,2017,EP-S.Mainline,,
March,2017,EP-SJ Blanco Pool,2.3,-0.32
March,2017,EP-SJ Bondad Stn,,
March,2017,EP-Waha Pool,,
March,2017,ETC-Cleburne,,
March,2017,ETC-Maypearl,,
March,2017,ETC-Tiger Gas (receipt),,
March,2017,FGT-CG,,
March,2017,FGT-Z1,2.56,-0.06
March,2017,FGT-Z2,2.57,-0.05
March,2017,FGT-Z3,2.57,-0.05
March,2017,GCX Waha Hub,,
March,2017,Gillis Hub,,
March,2017,GLGT-St.Clair,,
March,2017,Golden Triangle,,
March,2017,GTN-Kingsgate,,
March,2017,GTN-Malin,,
March,2017,GTN-Stanfield,,
March,2017,Guardian Hub,,
March,2017,Gulf S. Pool 16,,
March,2017,Gulf South - Perryville,,
March,2017,Henry,2.62,0.0
March,2017,HPL-ETX Pool,,
March,2017,HSC-HPL Pool,2.54,-0.08
March,2017,HSC-Kinder Morgan,,
March,2017,Iroquois (into),2.91,0.29
March,2017,Iroquois-Z1,,
March,2017,Iroquois-Z2,2.98,0.36
March,2017,Iroquois-Z2 Hunts Pt,,
March,2017,Jefferson Island,,
March,2017,Katy-Enstor Pool,2.55,-0.07
March,2017,Katy-Lonestar Inter,,
March,2017,Katy-Lonestar Intra,,
March,2017,Katy-Oasis,,
March,2017,KRGT-Del Pool,,
March,2017,KRGT-Rec Pool,,
March,2017,Lebanon,2.48,-0.14
March,2017,Leidy,,
March,2017,Leidy-Transco,1.93,-0.69
March,2017,M&N US,,
March,2017,MEP-Lamar,,
March,2017,Michcon,2.64,0.02
March,2017,Midship (receipt),,
March,2017,Millennium,,
March,2017,Millennium East Pool,1.94,-0.68
March,2017,Millennium-Ramapo,,
March,2017,Moss Bluff Inter,,
March,2017,Moss Bluff Stor,,
March,2017,MS Hub,,
March,2017,NBPL-Bakken (receipt),,
March,2017,NBPL-Harper,,
March,2017,NBPL-Nicor,2.65,0.03
March,2017,NBPL-Vector,,
March,2017,NBPL-Ventura,2.44,-0.18
March,2017,NBPL-Will County,,
March,2017,NGPL-AM Pool,,
March,2017,NGPL-AM Stor,,
March,2017,NGPL-GC Mainline,,
March,2017,NGPL-IA/IL AM Pool,,
March,2017,NGPL-IA/IL AM Stor,,
March,2017,NGPL-IA/IL GC Pool,,
March,2017,NGPL-IA/IL GC Stor,,
March,2017,NGPL-LA Pool,,
March,2017,NGPL-LA Stor,,
March,2017,NGPL-MidAm,,
March,2017,NGPL-Midcont Pool,2.32,-0.3
March,2017,NGPL-Midcont Stor,,
March,2017,NGPL-Nicor,2.65,0.03
March,2017,NGPL-Nipsco,2.54,-0.08
March,2017,NGPL-STX,2.52,-0.1
March,2017,NGPL-TXOK East,2.49,-0.13
March,2017,NGPL-TXOK East Stor,2.49,-0.13
March,2017,NGPL-TXOK West,2.49,-0.13
March,2017,NNG-Demarc,2.47,-0.15
March,2017,NNG-Mid 13-16A,,
March,2017,NNG-Mid 1-7,,
March,2017,NNG-Mid 8-12,,
March,2017,NNG-Ventura,2.44,-0.18
March,2017,Nortex-Tolar Hub,,
March,2017,NWP-Rocky Mtn,2.29,-0.33
March,2017,NWP-Sumas,2.2,-0.42
March,2017,NWP-Wyoming,,
March,2017,Oasis - Waha Pool,,
March,2017,OGT,,
March,2017,ONEOK Westex,2.29,-0.33
March,2017,Opal,,
March,2017,Panhandle,2.34,-0.28
March,2017,PG&E-Citygate,3.0,0.38
March,2017,PG&E-Daggett,,
March,2017,PG&E-KRS,,
March,2017,PG&E-Topock,,
March,2017,PGLC,2.56,-0.06
March,2017,Pine Prairie,,
March,2017,Pioneer,,
March,2017,PNGTS,,
March,2017,Questar-North,,
March,2017,Questar-South,,
March,2017,REX Cheyenne Comp Pool,,
March,2017,REX E-ANR,,
March,2017,REX E-MidW,,
March,2017,REX E-NGPL,,
March,2017,REX E-PEPL,,
March,2017,REX E-Trunk,,
March,2017,REX W-ANR,,
March,2017,REX W-NGPL,,
March,2017,REX W-NNG,,
March,2017,REX W-PEPL,,
March,2017,REX-Z3 (receipt) ,,
March,2017,REX-Z3 Del Pool,2.48,-0.14
March,2017,Rover (receipt),,
March,2017,Rover-ANR,,
March,2017,Rover-PEPL,,
March,2017,Ruby-Onyx Hill,,
March,2017,Ruby-Rec Pool,,
March,2017,Ryckman Creek Stor,,
March,2017,Salt Plains Inter,,
March,2017,Salt Plains Stor,,
March,2017,Socal-Blythe,,
March,2017,Socal-Border,2.44,-0.18
March,2017,Socal-Citygate,2.7,0.08
March,2017,Socal-Ehrenberg,,
March,2017,Socal-Firm Stor,,
March,2017,Socal-IT Stor,,
March,2017,Socal-Kramer,,
March,2017,Socal-KRS,,
March,2017,Socal-Needles,,
March,2017,Socal-Storage,,
March,2017,Socal-Topock (EP),,
March,2017,Socal-Topock (TW),,
March,2017,Socal-WR,,
March,2017,Sonat-Z0 South,2.53,-0.09
March,2017,Sonat-Z1 North,,
March,2017,Southern Pines Hub,,
March,2017,Southern Star,2.3,-0.32
March,2017,Spectra - Hunt,,
March,2017,Stagecoach ,,
March,2017,Stingray,,
March,2017,TCO,2.38,-0.24
March,2017,TCO-A04 Pool,,
March,2017,TCO-A06 Pool,,
March,2017,TCO-A08 Pool,,
March,2017,TCO-Seg Pool,2.34,-0.28
March,2017,TETCO-ELA,2.51,-0.11
March,2017,TETCO-ETX,2.48,-0.14
March,2017,TETCO-M1 24,,
March,2017,TETCO-M1 30,2.49,-0.13
March,2017,TETCO-M2,,
March,2017,TETCO-M2 (receipt),2.08,-0.54
March,2017,TETCO-M3,2.19,-0.43
March,2017,TETCO-Manhattan,,
March,2017,TETCO-STX,2.53,-0.09
March,2017,TETCO-WLA,2.51,-0.11
March,2017,TGP-500L,2.54,-0.08
March,2017,TGP-800L,2.52,-0.1
March,2017,TGP-Mahwah,,
March,2017,TGP-Niagara,2.47,-0.15
March,2017,TGP-Z0 Border Pool,,
March,2017,TGP-Z0 North,,
March,2017,TGP-Z0 South,,
March,2017,TGP-Z1 100L,,
March,2017,TGP-Z1 800L Pool,,
March,2017,TGP-Z1 Sta-87,,
March,2017,TGP-Z4 300L,1.9,-0.72
March,2017,TGP-Z4 Marcellus,1.9,-0.72
March,2017,TGP-Z4 Sta-219,,
March,2017,TGP-Z4 Sta-313,2.06,-0.56
March,2017,TGP-Z5 200L,2.23,-0.39
March,2017,TGP-Z6 200L,,
March,2017,TGP-Z6 200L North,,
March,2017,TGP-Z6 200L South,,
March,2017,TGP-Z6 300L,,
March,2017,TGT-Mainline,2.5,-0.12
March,2017,TGT-North LA,,
March,2017,TGT-SL,2.51,-0.11
March,2017,Transco Zn3,2.55,-0.07
March,2017,Transco-165,,
March,2017,Transco-30,2.54,-0.08
March,2017,Transco-45,2.54,-0.08
March,2017,Transco-65,,
March,2017,Transco-85,2.55,-0.07
March,2017,Transco-River Road,,
March,2017,Transco-Z5,2.65,0.03
March,2017,Transco-Z5 North,,
March,2017,Transco-Z5 South,2.65,0.03
March,2017,Transco-Z6 (non-NY north ML),,
March,2017,Transco-Z6 (non-NY north),2.28,-0.34
March,2017,Transco-Z6 (non-NY south),,
March,2017,Transco-Z6 (non-NY),2.28,-0.34
March,2017,Transco-Z6 (NY),2.41,-0.21
March,2017,Transco-Z6 Sta-210,,
March,2017,Tres Palacios (inj),,
March,2017,Tres Palacios (w/d),,
March,2017,Trunkline-ELA,2.55,-0.07
March,2017,Trunkline-WLA,2.55,-0.07
March,2017,Trunkline-Z1A,2.51,-0.11
March,2017,TW-Blanco,2.34,-0.28
March,2017,TW-Central,,
March,2017,TW-Panhandle,2.26,-0.36
March,2017,TW-WTX,,
March,2017,Union-Dawn,2.81,0.19
March,2017,Waha,2.29,-0.33
March,2017,White River Hub,,
March,2017,WIC,,
March,2017,0,,
March,2017,0,,
March,2017,0,,
March,2017,0,,
April,2017,AB Pool (inter),,
April,2017,AB Pool (intra),,
April,2017,AGT-CG,,
April,2017,AGT-CG (non-G),3.23,0.05
April,2017,Agua Dulce Hub,,
April,2017,ANR-Joliet Hub,,
April,2017,ANR-SE,,
April,2017,ANR-SE-T,3.1,-0.08
April,2017,ANR-SW,2.72,-0.46
April,2017,APC-ACE,,
April,2017,APC-ANR,,
April,2017,APC-MGTC,,
April,2017,APC-NGPL,,
April,2017,APC-Nicor,,
April,2017,APC-VPC,,
April,2017,Arena WTX Pool,,
April,2017,Atmos Zone 3,,
April,2017,Banquete Hub,,
April,2017,Bay Gas Storage,,
April,2017,Bennington,,
April,2017,Beverly Salem,,
April,2017,Bluewater Hub,,
April,2017,Bobcat Inter,,
April,2017,Bobcat Stor,,
April,2017,Carthage,,
April,2017,CG-Mainline,3.06,-0.12
April,2017,CG-Onshore,3.08,-0.1
April,2017,Cheyenne,2.63,-0.55
April,2017,Chicago,3.01,-0.17
April,2017,CIG-Mainline,2.63,-0.55
April,2017,CIG-Mainline Pool,,
April,2017,CIG-Mainline South,,
April,2017,Clarington,,
April,2017,Clarington-Tenn,,
April,2017,Consumers,3.15,-0.03
April,2017,Cove Point,,
April,2017,Dracut,,
April,2017,Eastern Gas-North,,
April,2017,Eastern Gas-South,,
April,2017,Egan Inter,,
April,2017,Egan Stor,,
April,2017,EGT-Flex,,
April,2017,EGT-North,,
April,2017,EGT-Perryville Hub,2.93,-0.25
April,2017,EGT-South,,
April,2017,EGT-West,,
April,2017,Enable East Pool,,
April,2017,Enable West Pool ,,
April,2017,ENT-STX Map,,
April,2017,EP-Anadarko,,
April,2017,EP-Keystone,,
April,2017,EP-Plains Pool,,
April,2017,EP-S.Mainline,,
April,2017,EP-SJ Blanco Pool,2.61,-0.57
April,2017,EP-SJ Bondad Stn,,
April,2017,EP-Waha Pool,,
April,2017,ETC-Cleburne,,
April,2017,ETC-Maypearl,,
April,2017,ETC-Tiger Gas (receipt),,
April,2017,FGT-CG,,
April,2017,FGT-Z1,3.13,-0.05
April,2017,FGT-Z2,3.14,-0.04
April,2017,FGT-Z3,3.14,-0.04
April,2017,GCX Waha Hub,,
April,2017,Gillis Hub,,
April,2017,GLGT-St.Clair,,
April,2017,Golden Triangle,,
April,2017,GTN-Kingsgate,,
April,2017,GTN-Malin,,
April,2017,GTN-Stanfield,,
April,2017,Guardian Hub,,
April,2017,Gulf S. Pool 16,,
April,2017,Gulf South - Perryville,,
April,2017,Henry,3.18,0.0
April,2017,HPL-ETX Pool,,
April,2017,HSC-HPL Pool,3.11,-0.07
April,2017,HSC-Kinder Morgan,,
April,2017,Iroquois (into),3.32,0.14
April,2017,Iroquois-Z1,,
April,2017,Iroquois-Z2,3.24,0.06
April,2017,Iroquois-Z2 Hunts Pt,,
April,2017,Jefferson Island,,
April,2017,Katy-Enstor Pool,3.12,-0.06
April,2017,Katy-Lonestar Inter,,
April,2017,Katy-Lonestar Intra,,
April,2017,Katy-Oasis,,
April,2017,KRGT-Del Pool,,
April,2017,KRGT-Rec Pool,,
April,2017,Lebanon,3.01,-0.17
April,2017,Leidy,,
April,2017,Leidy-Transco,2.6,-0.58
April,2017,M&N US,,
April,2017,MEP-Lamar,,
April,2017,Michcon,3.11,-0.07
April,2017,Midship (receipt),,
April,2017,Millennium,,
April,2017,Millennium East Pool,2.59,-0.59
April,2017,Millennium-Ramapo,,
April,2017,Moss Bluff Inter,,
April,2017,Moss Bluff Stor,,
April,2017,MS Hub,,
April,2017,NBPL-Bakken (receipt),,
April,2017,NBPL-Harper,,
April,2017,NBPL-Nicor,3.03,-0.15
April,2017,NBPL-Vector,,
April,2017,NBPL-Ventura,2.83,-0.35
April,2017,NBPL-Will County,,
April,2017,NGPL-AM Pool,,
April,2017,NGPL-AM Stor,,
April,2017,NGPL-GC Mainline,,
April,2017,NGPL-IA/IL AM Pool,,
April,2017,NGPL-IA/IL AM Stor,,
April,2017,NGPL-IA/IL GC Pool,,
April,2017,NGPL-IA/IL GC Stor,,
April,2017,NGPL-LA Pool,,
April,2017,NGPL-LA Stor,,
April,2017,NGPL-MidAm,,
April,2017,NGPL-Midcont Pool,2.72,-0.46
April,2017,NGPL-Midcont Stor,,
April,2017,NGPL-Nicor,3.03,-0.15
April,2017,NGPL-Nipsco,3.01,-0.17
April,2017,NGPL-STX,3.09,-0.09
April,2017,NGPL-TXOK East,3.02,-0.16
April,2017,NGPL-TXOK East Stor,3.02,-0.16
April,2017,NGPL-TXOK West,3.02,-0.16
April,2017,NNG-Demarc,2.83,-0.35
April,2017,NNG-Mid 13-16A,,
April,2017,NNG-Mid 1-7,,
April,2017,NNG-Mid 8-12,,
April,2017,NNG-Ventura,2.82,-0.36
April,2017,Nortex-Tolar Hub,,
April,2017,NWP-Rocky Mtn,2.64,-0.54
April,2017,NWP-Sumas,2.34,-0.84
April,2017,NWP-Wyoming,,
April,2017,Oasis - Waha Pool,,
April,2017,OGT,,
April,2017,ONEOK Westex,2.65,-0.53
April,2017,Opal,,
April,2017,Panhandle,2.71,-0.47
April,2017,PG&E-Citygate,3.23,0.05
April,2017,PG&E-Daggett,,
April,2017,PG&E-KRS,,
April,2017,PG&E-Topock,,
April,2017,PGLC,2.99,-0.19
April,2017,Pine Prairie,,
April,2017,Pioneer,,
April,2017,PNGTS,,
April,2017,Questar-North,,
April,2017,Questar-South,,
April,2017,REX Cheyenne Comp Pool,,
April,2017,REX E-ANR,,
April,2017,REX E-MidW,,
April,2017,REX E-NGPL,,
April,2017,REX E-PEPL,,
April,2017,REX E-Trunk,,
April,2017,REX W-ANR,,
April,2017,REX W-NGPL,,
April,2017,REX W-NNG,,
April,2017,REX W-PEPL,,
April,2017,REX-Z3 (receipt) ,,
April,2017,REX-Z3 Del Pool,3.02,-0.16
April,2017,Rover (receipt),,
April,2017,Rover-ANR,,
April,2017,Rover-PEPL,,
April,2017,Ruby-Onyx Hill,,
April,2017,Ruby-Rec Pool,,
April,2017,Ryckman Creek Stor,,
April,2017,Salt Plains Inter,,
April,2017,Salt Plains Stor,,
April,2017,Socal-Blythe,,
April,2017,Socal-Border,2.74,-0.44
April,2017,Socal-Citygate,3.04,-0.14
April,2017,Socal-Ehrenberg,,
April,2017,Socal-Firm Stor,,
April,2017,Socal-IT Stor,,
April,2017,Socal-Kramer,,
April,2017,Socal-KRS,,
April,2017,Socal-Needles,,
April,2017,Socal-Storage,,
April,2017,Socal-Topock (EP),,
April,2017,Socal-Topock (TW),,
April,2017,Socal-WR,,
April,2017,Sonat-Z0 South,3.1,-0.08
April,2017,Sonat-Z1 North,,
April,2017,Southern Pines Hub,,
April,2017,Southern Star,2.66,-0.52
April,2017,Spectra - Hunt,,
April,2017,Stagecoach ,,
April,2017,Stingray,,
April,2017,TCO,2.99,-0.19
April,2017,TCO-A04 Pool,,
April,2017,TCO-A06 Pool,,
April,2017,TCO-A08 Pool,,
April,2017,TCO-Seg Pool,2.92,-0.26
April,2017,TETCO-ELA,3.08,-0.1
April,2017,TETCO-ETX,3.08,-0.1
April,2017,TETCO-M1 24,,
April,2017,TETCO-M1 30,3.07,-0.11
April,2017,TETCO-M2,,
April,2017,TETCO-M2 (receipt),2.68,-0.5
April,2017,TETCO-M3,2.75,-0.43
April,2017,TETCO-Manhattan,,
April,2017,TETCO-STX,3.11,-0.07
April,2017,TETCO-WLA,3.11,-0.07
April,2017,TGP-500L,3.09,-0.09
April,2017,TGP-800L,3.07,-0.11
April,2017,TGP-Mahwah,,
April,2017,TGP-Niagara,2.94,-0.24
April,2017,TGP-Z0 Border Pool,,
April,2017,TGP-Z0 North,,
April,2017,TGP-Z0 South,,
April,2017,TGP-Z1 100L,,
April,2017,TGP-Z1 800L Pool,,
April,2017,TGP-Z1 Sta-87,,
April,2017,TGP-Z4 300L,2.53,-0.65
April,2017,TGP-Z4 Marcellus,2.53,-0.65
April,2017,TGP-Z4 Sta-219,,
April,2017,TGP-Z4 Sta-313,2.75,-0.43
April,2017,TGP-Z5 200L,2.78,-0.4
April,2017,TGP-Z6 200L,3.29,0.11
April,2017,TGP-Z6 200L North,,
April,2017,TGP-Z6 200L South,,
April,2017,TGP-Z6 300L,,
April,2017,TGT-Mainline,3.06,-0.12
April,2017,TGT-North LA,,
April,2017,TGT-SL,3.06,-0.12
April,2017,Transco Zn3,3.12,-0.06
April,2017,Transco-165,,
April,2017,Transco-30,3.1,-0.08
April,2017,Transco-45,3.12,-0.06
April,2017,Transco-65,,
April,2017,Transco-85,3.11,-0.07
April,2017,Transco-River Road,,
April,2017,Transco-Z5,3.18,0.0
April,2017,Transco-Z5 North,,
April,2017,Transco-Z5 South,3.18,0.0
April,2017,Transco-Z6 (non-NY north ML),,
April,2017,Transco-Z6 (non-NY north),2.82,-0.36
April,2017,Transco-Z6 (non-NY south),,
April,2017,Transco-Z6 (non-NY),2.82,-0.36
April,2017,Transco-Z6 (NY),2.79,-0.39
April,2017,Transco-Z6 Sta-210,,
April,2017,Tres Palacios (inj),,
April,2017,Tres Palacios (w/d),,
April,2017,Trunkline-ELA,3.08,-0.1
April,2017,Trunkline-WLA,3.08,-0.1
April,2017,Trunkline-Z1A,3.04,-0.14
April,2017,TW-Blanco,2.68,-0.5
April,2017,TW-Central,,
April,2017,TW-Panhandle,2.6,-0.58
April,2017,TW-WTX,,
April,2017,Union-Dawn,3.31,0.13
April,2017,Waha,2.67,-0.51
April,2017,White River Hub,,
April,2017,WIC,,
April,2017,0,,
April,2017,0,,
April,2017,0,,
April,2017,0,,
May,2017,AB Pool (inter),,
May,2017,AB Pool (intra),,
May,2017,AGT-CG,,
May,2017,AGT-CG (non-G),3.37,0.23
May,2017,Agua Dulce Hub,,
May,2017,ANR-Joliet Hub,,
May,2017,ANR-SE,,
May,2017,ANR-SE-T,3.06,-0.08
May,2017,ANR-SW,2.66,-0.48
May,2017,APC-ACE,,
May,2017,APC-ANR,,
May,2017,APC-MGTC,,
May,2017,APC-NGPL,,
May,2017,APC-Nicor,,
May,2017,APC-VPC,,
May,2017,Arena WTX Pool,,
May,2017,Atmos Zone 3,,
May,2017,Banquete Hub,,
May,2017,Bay Gas Storage,,
May,2017,Bennington,,
May,2017,Beverly Salem,,
May,2017,Bluewater Hub,,
May,2017,Bobcat Inter,,
May,2017,Bobcat Stor,,
May,2017,Carthage,,
May,2017,CG-Mainline,3.02,-0.12
May,2017,CG-Onshore,3.05,-0.09
May,2017,Cheyenne,2.59,-0.55
May,2017,Chicago,2.92,-0.22
May,2017,CIG-Mainline,2.59,-0.55
May,2017,CIG-Mainline Pool,,
May,2017,CIG-Mainline South,,
May,2017,Clarington,,
May,2017,Clarington-Tenn,,
May,2017,Consumers,3.1,-0.04
May,2017,Cove Point,,
May,2017,Dracut,,
May,2017,Eastern Gas-North,,
May,2017,Eastern Gas-South,,
May,2017,Egan Inter,,
May,2017,Egan Stor,,
May,2017,EGT-Flex,,
May,2017,EGT-North,,
May,2017,EGT-Perryville Hub,2.91,-0.23
May,2017,EGT-South,,
May,2017,EGT-West,,
May,2017,Enable East Pool,,
May,2017,Enable West Pool ,,
May,2017,ENT-STX Map,,
May,2017,EP-Anadarko,,
May,2017,EP-Keystone,,
May,2017,EP-Plains Pool,,
May,2017,EP-S.Mainline,,
May,2017,EP-SJ Blanco Pool,2.58,-0.56
May,2017,EP-SJ Bondad Stn,,
May,2017,EP-Waha Pool,,
May,2017,ETC-Cleburne,,
May,2017,ETC-Maypearl,,
May,2017,ETC-Tiger Gas (receipt),,
May,2017,FGT-CG,,
May,2017,FGT-Z1,3.1,-0.04
May,2017,FGT-Z2,3.11,-0.03
May,2017,FGT-Z3,3.09,-0.05
May,2017,GCX Waha Hub,,
May,2017,Gillis Hub,,
May,2017,GLGT-St.Clair,,
May,2017,Golden Triangle,,
May,2017,GTN-Kingsgate,,
May,2017,GTN-Malin,,
May,2017,GTN-Stanfield,,
May,2017,Guardian Hub,,
May,2017,Gulf S. Pool 16,,
May,2017,Gulf South - Perryville,,
May,2017,Henry,3.14,0.0
May,2017,HPL-ETX Pool,,
May,2017,HSC-HPL Pool,3.11,-0.03
May,2017,HSC-Kinder Morgan,,
May,2017,Iroquois (into),3.16,0.02
May,2017,Iroquois-Z1,,
May,2017,Iroquois-Z2,3.2,0.06
May,2017,Iroquois-Z2 Hunts Pt,,
May,2017,Jefferson Island,,
May,2017,Katy-Enstor Pool,3.15,0.01
May,2017,Katy-Lonestar Inter,,
May,2017,Katy-Lonestar Intra,,
May,2017,Katy-Oasis,,
May,2017,KRGT-Del Pool,,
May,2017,KRGT-Rec Pool,,
May,2017,Lebanon,2.94,-0.2
May,2017,Leidy,,
May,2017,Leidy-Transco,2.53,-0.61
May,2017,M&N US,,
May,2017,MEP-Lamar,,
May,2017,Michcon,3.07,-0.07
May,2017,Midship (receipt),,
May,2017,Millennium,,
May,2017,Millennium East Pool,2.53,-0.61
May,2017,Millennium-Ramapo,,
May,2017,Moss Bluff Inter,,
May,2017,Moss Bluff Stor,,
May,2017,MS Hub,,
May,2017,NBPL-Bakken (receipt),,
May,2017,NBPL-Harper,,
May,2017,NBPL-Nicor,2.94,-0.2
May,2017,NBPL-Vector,,
May,2017,NBPL-Ventura,2.85,-0.29
May,2017,NBPL-Will County,,
May,2017,NGPL-AM Pool,,
May,2017,NGPL-AM Stor,,
May,2017,NGPL-GC Mainline,,
May,2017,NGPL-IA/IL AM Pool,,
May,2017,NGPL-IA/IL AM Stor,,
May,2017,NGPL-IA/IL GC Pool,,
May,2017,NGPL-IA/IL GC Stor,,
May,2017,NGPL-LA Pool,,
May,2017,NGPL-LA Stor,,
May,2017,NGPL-MidAm,,
May,2017,NGPL-Midcont Pool,2.72,-0.42
May,2017,NGPL-Midcont Stor,,
May,2017,NGPL-Nicor,2.94,-0.2
May,2017,NGPL-Nipsco,2.91,-0.23
May,2017,NGPL-STX,3.08,-0.06
May,2017,NGPL-TXOK East,2.92,-0.22
May,2017,NGPL-TXOK East Stor,2.92,-0.22
May,2017,NGPL-TXOK West,2.92,-0.22
May,2017,NNG-Demarc,2.79,-0.35
May,2017,NNG-Mid 13-16A,,
May,2017,NNG-Mid 1-7,,
May,2017,NNG-Mid 8-12,,
May,2017,NNG-Ventura,2.79,-0.35
May,2017,Nortex-Tolar Hub,,
May,2017,NWP-Rocky Mtn,2.62,-0.52
May,2017,NWP-Sumas,2.42,-0.72
May,2017,NWP-Wyoming,,
May,2017,Oasis - Waha Pool,,
May,2017,OGT,,
May,2017,ONEOK Westex,2.65,-0.49
May,2017,Opal,,
May,2017,Panhandle,2.67,-0.47
May,2017,PG&E-Citygate,3.27,0.13
May,2017,PG&E-Daggett,,
May,2017,PG&E-KRS,,
May,2017,PG&E-Topock,,
May,2017,PGLC,2.94,-0.2
May,2017,Pine Prairie,,
May,2017,Pioneer,,
May,2017,PNGTS,,
May,2017,Questar-North,,
May,2017,Questar-South,,
May,2017,REX Cheyenne Comp Pool,,
May,2017,REX E-ANR,,
May,2017,REX E-MidW,,
May,2017,REX E-NGPL,,
May,2017,REX E-PEPL,,
May,2017,REX E-Trunk,,
May,2017,REX W-ANR,,
May,2017,REX W-NGPL,,
May,2017,REX W-NNG,,
May,2017,REX W-PEPL,,
May,2017,REX-Z3 (receipt) ,,
May,2017,REX-Z3 Del Pool,2.95,-0.19
May,2017,Rover (receipt),,
May,2017,Rover-ANR,,
May,2017,Rover-PEPL,,
May,2017,Ruby-Onyx Hill,,
May,2017,Ruby-Rec Pool,,
May,2017,Ryckman Creek Stor,,
May,2017,Salt Plains Inter,,
May,2017,Salt Plains Stor,,
May,2017,Socal-Blythe,,
May,2017,Socal-Border,2.74,-0.4
May,2017,Socal-Citygate,3.06,-0.08
May,2017,Socal-Ehrenberg,,
May,2017,Socal-Firm Stor,,
May,2017,Socal-IT Stor,,
May,2017,Socal-Kramer,,
May,2017,Socal-KRS,,
May,2017,Socal-Needles,,
May,2017,Socal-Storage,,
May,2017,Socal-Topock (EP),,
May,2017,Socal-Topock (TW),,
May,2017,Socal-WR,,
May,2017,Sonat-Z0 South,3.06,-0.08
May,2017,Sonat-Z1 North,,
May,2017,Southern Pines Hub,,
May,2017,Southern Star,2.66,-0.48
May,2017,Spectra - Hunt,,
May,2017,Stagecoach ,,
May,2017,Stingray,,
May,2017,TCO,2.97,-0.17
May,2017,TCO-A04 Pool,,
May,2017,TCO-A06 Pool,,
May,2017,TCO-A08 Pool,,
May,2017,TCO-Seg Pool,2.89,-0.25
May,2017,TETCO-ELA,3.04,-0.1
May,2017,TETCO-ETX,3.04,-0.1
May,2017,TETCO-M1 24,,
May,2017,TETCO-M1 30,3.01,-0.13
May,2017,TETCO-M2,,
May,2017,TETCO-M2 (receipt),2.59,-0.55
May,2017,TETCO-M3,2.66,-0.48
May,2017,TETCO-Manhattan,,
May,2017,TETCO-STX,3.09,-0.05
May,2017,TETCO-WLA,3.06,-0.08
May,2017,TGP-500L,3.05,-0.09
May,2017,TGP-800L,3.05,-0.09
May,2017,TGP-Mahwah,,
May,2017,TGP-Niagara,,
May,2017,TGP-Z0 Border Pool,,
May,2017,TGP-Z0 North,,
May,2017,TGP-Z0 South,,
May,2017,TGP-Z1 100L,,
May,2017,TGP-Z1 800L Pool,,
May,2017,TGP-Z1 Sta-87,,
May,2017,TGP-Z4 300L,2.47,-0.67
May,2017,TGP-Z4 Marcellus,2.47,-0.67
May,2017,TGP-Z4 Sta-219,,
May,2017,TGP-Z4 Sta-313,2.72,-0.42
May,2017,TGP-Z5 200L,2.74,-0.4
May,2017,TGP-Z6 200L,3.33,0.19
May,2017,TGP-Z6 200L North,,
May,2017,TGP-Z6 200L South,,
May,2017,TGP-Z6 300L,,
May,2017,TGT-Mainline,3.02,-0.12
May,2017,TGT-North LA,,
May,2017,TGT-SL,3.04,-0.1
May,2017,Transco Zn3,3.07,-0.07
May,2017,Transco-165,,
May,2017,Transco-30,3.05,-0.09
May,2017,Transco-45,3.06,-0.08
May,2017,Transco-65,,
May,2017,Transco-85,3.07,-0.07
May,2017,Transco-River Road,,
May,2017,Transco-Z5,3.09,-0.05
May,2017,Transco-Z5 North,,
May,2017,Transco-Z5 South,3.14,0.0
May,2017,Transco-Z6 (non-NY north ML),,
May,2017,Transco-Z6 (non-NY north),2.88,-0.26
May,2017,Transco-Z6 (non-NY south),,
May,2017,Transco-Z6 (non-NY),2.88,-0.26
May,2017,Transco-Z6 (NY),2.79,-0.35
May,2017,Transco-Z6 Sta-210,,
May,2017,Tres Palacios (inj),,
May,2017,Tres Palacios (w/d),,
May,2017,Trunkline-ELA,3.04,-0.1
May,2017,Trunkline-WLA,3.04,-0.1
May,2017,Trunkline-Z1A,3.02,-0.12
May,2017,TW-Blanco,2.64,-0.5
May,2017,TW-Central,,
May,2017,TW-Panhandle,2.57,-0.57
May,2017,TW-WTX,,
May,2017,Union-Dawn,3.27,0.13
May,2017,Waha,2.62,-0.52
May,2017,White River Hub,,
May,2017,WIC,,
May,2017,0,,
May,2017,0,,
May,2017,0,,
May,2017,0,,
June,2017,AB Pool (inter),,
June,2017,AB Pool (intra),,
June,2017,AGT-CG,,
June,2017,AGT-CG (non-G),3.11,-0.13
June,2017,Agua Dulce Hub,,
June,2017,ANR-Joliet Hub,,
June,2017,ANR-SE,,
June,2017,ANR-SE-T,3.15,-0.09
June,2017,ANR-SW,2.88,-0.36
June,2017,APC-ACE,,
June,2017,APC-ANR,,
June,2017,APC-MGTC,,
June,2017,APC-NGPL,,
June,2017,APC-Nicor,,
June,2017,APC-VPC,,
June,2017,Arena WTX Pool,,
June,2017,Atmos Zone 3,,
June,2017,Banquete Hub,,
June,2017,Bay Gas Storage,,
June,2017,Bennington,,
June,2017,Beverly Salem,,
June,2017,Bluewater Hub,,
June,2017,Bobcat Inter,,
June,2017,Bobcat Stor,,
June,2017,Carthage,,
June,2017,CG-Mainline,3.11,-0.13
June,2017,CG-Onshore,3.15,-0.09
June,2017,Cheyenne,2.8,-0.44
June,2017,Chicago,3.09,-0.15
June,2017,CIG-Mainline,2.76,-0.48
June,2017,CIG-Mainline Pool,,
June,2017,CIG-Mainline South,,
June,2017,Clarington,,
June,2017,Clarington-Tenn,,
June,2017,Consumers,3.2,-0.04
June,2017,Cove Point,,
June,2017,Dracut,,
June,2017,Eastern Gas-North,,
June,2017,Eastern Gas-South,,
June,2017,Egan Inter,,
June,2017,Egan Stor,,
June,2017,EGT-Flex,,
June,2017,EGT-North,,
June,2017,EGT-Perryville Hub,2.89,-0.35
June,2017,EGT-South,,
June,2017,EGT-West,,
June,2017,Enable East Pool,,
June,2017,Enable West Pool ,,
June,2017,ENT-STX Map,,
June,2017,EP-Anadarko,,
June,2017,EP-Keystone,,
June,2017,EP-Plains Pool,,
June,2017,EP-S.Mainline,,
June,2017,EP-SJ Blanco Pool,2.76,-0.48
June,2017,EP-SJ Bondad Stn,,
June,2017,EP-Waha Pool,,
June,2017,ETC-Cleburne,,
June,2017,ETC-Maypearl,,
June,2017,ETC-Tiger Gas (receipt),,
June,2017,FGT-CG,,
June,2017,FGT-Z1,3.17,-0.07
June,2017,FGT-Z2,3.19,-0.05
June,2017,FGT-Z3,3.21,-0.03
June,2017,GCX Waha Hub,,
June,2017,Gillis Hub,,
June,2017,GLGT-St.Clair,,
June,2017,Golden Triangle,,
June,2017,GTN-Kingsgate,,
June,2017,GTN-Malin,,
June,2017,GTN-Stanfield,,
June,2017,Guardian Hub,,
June,2017,Gulf S. Pool 16,,
June,2017,Gulf South - Perryville,,
June,2017,Henry,3.24,0.0
June,2017,HPL-ETX Pool,,
June,2017,HSC-HPL Pool,3.33,0.09
June,2017,HSC-Kinder Morgan,,
June,2017,Iroquois (into),3.17,-0.07
June,2017,Iroquois-Z1,,
June,2017,Iroquois-Z2,3.14,-0.1
June,2017,Iroquois-Z2 Hunts Pt,,
June,2017,Jefferson Island,,
June,2017,Katy-Enstor Pool,3.33,0.09
June,2017,Katy-Lonestar Inter,,
June,2017,Katy-Lonestar Intra,,
June,2017,Katy-Oasis,,
June,2017,KRGT-Del Pool,,
June,2017,KRGT-Rec Pool,,
June,2017,Lebanon,3.06,-0.18
June,2017,Leidy,,
June,2017,Leidy-Transco,2.62,-0.62
June,2017,M&N US,,
June,2017,MEP-Lamar,,
June,2017,Michcon,3.14,-0.1
June,2017,Midship (receipt),,
June,2017,Millennium,,
June,2017,Millennium East Pool,2.64,-0.6
June,2017,Millennium-Ramapo,,
June,2017,Moss Bluff Inter,,
June,2017,Moss Bluff Stor,,
June,2017,MS Hub,,
June,2017,NBPL-Bakken (receipt),,
June,2017,NBPL-Harper,,
June,2017,NBPL-Nicor,3.09,-0.15
June,2017,NBPL-Vector,,
June,2017,NBPL-Ventura,2.94,-0.3
June,2017,NBPL-Will County,,
June,2017,NGPL-AM Pool,,
June,2017,NGPL-AM Stor,,
June,2017,NGPL-GC Mainline,,
June,2017,NGPL-IA/IL AM Pool,,
June,2017,NGPL-IA/IL AM Stor,,
June,2017,NGPL-IA/IL GC Pool,,
June,2017,NGPL-IA/IL GC Stor,,
June,2017,NGPL-LA Pool,,
June,2017,NGPL-LA Stor,,
June,2017,NGPL-MidAm,,
June,2017,NGPL-Midcont Pool,2.91,-0.33
June,2017,NGPL-Midcont Stor,,
June,2017,NGPL-Nicor,3.09,-0.15
June,2017,NGPL-Nipsco,3.08,-0.16
June,2017,NGPL-STX,3.16,-0.08
June,2017,NGPL-TXOK East,3.08,-0.16
June,2017,NGPL-TXOK East Stor,3.08,-0.16
June,2017,NGPL-TXOK West,3.08,-0.16
June,2017,NNG-Demarc,2.96,-0.28
June,2017,NNG-Mid 13-16A,,
June,2017,NNG-Mid 1-7,,
June,2017,NNG-Mid 8-12,,
June,2017,NNG-Ventura,2.94,-0.3
June,2017,Nortex-Tolar Hub,,
June,2017,NWP-Rocky Mtn,2.79,-0.45
June,2017,NWP-Sumas,2.7,-0.54
June,2017,NWP-Wyoming,,
June,2017,Oasis - Waha Pool,,
June,2017,OGT,,
June,2017,ONEOK Westex,2.84,-0.4
June,2017,Opal,,
June,2017,Panhandle,2.82,-0.42
June,2017,PG&E-Citygate,3.42,0.18
June,2017,PG&E-Daggett,,
June,2017,PG&E-KRS,,
June,2017,PG&E-Topock,,
June,2017,PGLC,3.08,-0.16
June,2017,Pine Prairie,,
June,2017,Pioneer,,
June,2017,PNGTS,,
June,2017,Questar-North,,
June,2017,Questar-South,,
June,2017,REX Cheyenne Comp Pool,,
June,2017,REX E-ANR,,
June,2017,REX E-MidW,,
June,2017,REX E-NGPL,,
June,2017,REX E-PEPL,,
June,2017,REX E-Trunk,,
June,2017,REX W-ANR,,
June,2017,REX W-NGPL,,
June,2017,REX W-NNG,,
June,2017,REX W-PEPL,,
June,2017,REX-Z3 (receipt) ,,
June,2017,REX-Z3 Del Pool,3.09,-0.15
June,2017,Rover (receipt),,
June,2017,Rover-ANR,,
June,2017,Rover-PEPL,,
June,2017,Ruby-Onyx Hill,,
June,2017,Ruby-Rec Pool,,
June,2017,Ryckman Creek Stor,,
June,2017,Salt Plains Inter,,
June,2017,Salt Plains Stor,,
June,2017,Socal-Blythe,,
June,2017,Socal-Border,2.97,-0.27
June,2017,Socal-Citygate,3.29,0.05
June,2017,Socal-Ehrenberg,,
June,2017,Socal-Firm Stor,,
June,2017,Socal-IT Stor,,
June,2017,Socal-Kramer,,
June,2017,Socal-KRS,,
June,2017,Socal-Needles,,
June,2017,Socal-Storage,,
June,2017,Socal-Topock (EP),,
June,2017,Socal-Topock (TW),,
June,2017,Socal-WR,,
June,2017,Sonat-Z0 South,3.16,-0.08
June,2017,Sonat-Z1 North,,
June,2017,Southern Pines Hub,,
June,2017,Southern Star,2.84,-0.4
June,2017,Spectra - Hunt,,
June,2017,Stagecoach ,,
June,2017,Stingray,,
June,2017,TCO,3.06,-0.18
June,2017,TCO-A04 Pool,,
June,2017,TCO-A06 Pool,,
June,2017,TCO-A08 Pool,,
June,2017,TCO-Seg Pool,2.94,-0.3
June,2017,TETCO-ELA,3.14,-0.1
June,2017,TETCO-ETX,3.13,-0.11
June,2017,TETCO-M1 24,,
June,2017,TETCO-M1 30,3.16,-0.08
June,2017,TETCO-M2,,
June,2017,TETCO-M2 (receipt),2.67,-0.57
June,2017,TETCO-M3,2.76,-0.48
June,2017,TETCO-Manhattan,,
June,2017,TETCO-STX,3.22,-0.02
June,2017,TETCO-WLA,3.15,-0.09
June,2017,TGP-500L,3.15,-0.09
June,2017,TGP-800L,3.14,-0.1
June,2017,TGP-Mahwah,,
June,2017,TGP-Niagara,,
June,2017,TGP-Z0 Border Pool,,
June,2017,TGP-Z0 North,,
June,2017,TGP-Z0 South,,
June,2017,TGP-Z1 100L,,
June,2017,TGP-Z1 800L Pool,,
June,2017,TGP-Z1 Sta-87,,
June,2017,TGP-Z4 300L,2.56,-0.68
June,2017,TGP-Z4 Marcellus,2.56,-0.68
June,2017,TGP-Z4 Sta-219,,
June,2017,TGP-Z4 Sta-313,2.8,-0.44
June,2017,TGP-Z5 200L,2.84,-0.4
June,2017,TGP-Z6 200L,3.08,-0.16
June,2017,TGP-Z6 200L North,,
June,2017,TGP-Z6 200L South,,
June,2017,TGP-Z6 300L,,
June,2017,TGT-Mainline,3.12,-0.12
June,2017,TGT-North LA,,
June,2017,TGT-SL,3.13,-0.11
June,2017,Transco Zn3,3.18,-0.06
June,2017,Transco-165,,
June,2017,Transco-30,3.16,-0.08
June,2017,Transco-45,3.17,-0.07
June,2017,Transco-65,,
June,2017,Transco-85,3.18,-0.06
June,2017,Transco-River Road,,
June,2017,Transco-Z5,3.17,-0.07
June,2017,Transco-Z5 North,,
June,2017,Transco-Z5 South,3.25,0.01
June,2017,Transco-Z6 (non-NY north ML),,
June,2017,Transco-Z6 (non-NY north),2.86,-0.38
June,2017,Transco-Z6 (non-NY south),,
June,2017,Transco-Z6 (non-NY),2.86,-0.38
June,2017,Transco-Z6 (NY),2.89,-0.35
June,2017,Transco-Z6 Sta-210,,
June,2017,Tres Palacios (inj),,
June,2017,Tres Palacios (w/d),,
June,2017,Trunkline-ELA,3.17,-0.07
June,2017,Trunkline-WLA,3.17,-0.07
June,2017,Trunkline-Z1A,3.12,-0.12
June,2017,TW-Blanco,2.82,-0.42
June,2017,TW-Central,,
June,2017,TW-Panhandle,2.78,-0.46
June,2017,TW-WTX,,
June,2017,Union-Dawn,3.2,-0.04
June,2017,Waha,2.81,-0.43
June,2017,White River Hub,,
June,2017,WIC,,
June,2017,0,,
June,2017,0,,
June,2017,0,,
June,2017,0,,
July,2017,AB Pool (inter),,
July,2017,AB Pool (intra),,
July,2017,AGT-CG,,
July,2017,AGT-CG (non-G),2.67,-0.39
July,2017,Agua Dulce Hub,,
July,2017,ANR-Joliet Hub,,
July,2017,ANR-SE,,
July,2017,ANR-SE-T,2.96,-0.1
July,2017,ANR-SW,2.73,-0.33
July,2017,APC-ACE,,
July,2017,APC-ANR,,
July,2017,APC-MGTC,,
July,2017,APC-NGPL,,
July,2017,APC-Nicor,,
July,2017,APC-VPC,,
July,2017,Arena WTX Pool,,
July,2017,Atmos Zone 3,,
July,2017,Banquete Hub,,
July,2017,Bay Gas Storage,,
July,2017,Bennington,,
July,2017,Beverly Salem,,
July,2017,Bluewater Hub,,
July,2017,Bobcat Inter,,
July,2017,Bobcat Stor,,
July,2017,Carthage,,
July,2017,CG-Mainline,2.95,-0.11
July,2017,CG-Onshore,2.98,-0.08
July,2017,Cheyenne,2.63,-0.43
July,2017,Chicago,2.88,-0.18
July,2017,CIG-Mainline,2.58,-0.48
July,2017,CIG-Mainline Pool,,
July,2017,CIG-Mainline South,,
July,2017,Clarington,,
July,2017,Clarington-Tenn,,
July,2017,Consumers,2.98,-0.08
July,2017,Cove Point,,
July,2017,Dracut,,
July,2017,Eastern Gas-North,,
July,2017,Eastern Gas-South,,
July,2017,Egan Inter,,
July,2017,Egan Stor,,
July,2017,EGT-Flex,,
July,2017,EGT-North,,
July,2017,EGT-Perryville Hub,2.88,-0.18
July,2017,EGT-South,,
July,2017,EGT-West,,
July,2017,Enable East Pool,,
July,2017,Enable West Pool ,,
July,2017,ENT-STX Map,,
July,2017,EP-Anadarko,,
July,2017,EP-Keystone,,
July,2017,EP-Plains Pool,,
July,2017,EP-S.Mainline,,
July,2017,EP-SJ Blanco Pool,2.65,-0.41
July,2017,EP-SJ Bondad Stn,,
July,2017,EP-Waha Pool,,
July,2017,ETC-Cleburne,,
July,2017,ETC-Maypearl,,
July,2017,ETC-Tiger Gas (receipt),,
July,2017,FGT-CG,,
July,2017,FGT-Z1,3.01,-0.05
July,2017,FGT-Z2,3.02,-0.04
July,2017,FGT-Z3,3.03,-0.03
July,2017,GCX Waha Hub,,
July,2017,Gillis Hub,,
July,2017,GLGT-St.Clair,,
July,2017,Golden Triangle,,
July,2017,GTN-Kingsgate,,
July,2017,GTN-Malin,,
July,2017,GTN-Stanfield,,
July,2017,Guardian Hub,,
July,2017,Gulf S. Pool 16,,
July,2017,Gulf South - Perryville,,
July,2017,Henry,3.06,0.0
July,2017,HPL-ETX Pool,,
July,2017,HSC-HPL Pool,3.18,0.12
July,2017,HSC-Kinder Morgan,,
July,2017,Iroquois (into),2.82,-0.24
July,2017,Iroquois-Z1,,
July,2017,Iroquois-Z2,2.85,-0.21
July,2017,Iroquois-Z2 Hunts Pt,,
July,2017,Jefferson Island,,
July,2017,Katy-Enstor Pool,3.16,0.1
July,2017,Katy-Lonestar Inter,,
July,2017,Katy-Lonestar Intra,,
July,2017,Katy-Oasis,,
July,2017,KRGT-Del Pool,,
July,2017,KRGT-Rec Pool,,
July,2017,Lebanon,2.89,-0.17
July,2017,Leidy,,
July,2017,Leidy-Transco,1.75,-1.31
July,2017,M&N US,,
July,2017,MEP-Lamar,,
July,2017,Michcon,2.94,-0.12
July,2017,Midship (receipt),,
July,2017,Millennium,,
July,2017,Millennium East Pool,1.77,-1.29
July,2017,Millennium-Ramapo,,
July,2017,Moss Bluff Inter,,
July,2017,Moss Bluff Stor,,
July,2017,MS Hub,,
July,2017,NBPL-Bakken (receipt),,
July,2017,NBPL-Harper,,
July,2017,NBPL-Nicor,2.88,-0.18
July,2017,NBPL-Vector,,
July,2017,NBPL-Ventura,2.76,-0.3
July,2017,NBPL-Will County,,
July,2017,NGPL-AM Pool,,
July,2017,NGPL-AM Stor,,
July,2017,NGPL-GC Mainline,,
July,2017,NGPL-IA/IL AM Pool,,
July,2017,NGPL-IA/IL AM Stor,,
July,2017,NGPL-IA/IL GC Pool,,
July,2017,NGPL-IA/IL GC Stor,,
July,2017,NGPL-LA Pool,,
July,2017,NGPL-LA Stor,,
July,2017,NGPL-MidAm,,
July,2017,NGPL-Midcont Pool,2.71,-0.35
July,2017,NGPL-Midcont Stor,,
July,2017,NGPL-Nicor,2.88,-0.18
July,2017,NGPL-Nipsco,2.88,-0.18
July,2017,NGPL-STX,3.01,-0.05
July,2017,NGPL-TXOK East,2.9,-0.16
July,2017,NGPL-TXOK East Stor,2.9,-0.16
July,2017,NGPL-TXOK West,2.9,-0.16
July,2017,NNG-Demarc,2.77,-0.29
July,2017,NNG-Mid 13-16A,,
July,2017,NNG-Mid 1-7,,
July,2017,NNG-Mid 8-12,,
July,2017,NNG-Ventura,2.76,-0.3
July,2017,Nortex-Tolar Hub,,
July,2017,NWP-Rocky Mtn,2.63,-0.43
July,2017,NWP-Sumas,2.29,-0.77
July,2017,NWP-Wyoming,,
July,2017,Oasis - Waha Pool,,
July,2017,OGT,,
July,2017,ONEOK Westex,2.61,-0.45
July,2017,Opal,,
July,2017,Panhandle,2.68,-0.38
July,2017,PG&E-Citygate,3.25,0.19
July,2017,PG&E-Daggett,,
July,2017,PG&E-KRS,,
July,2017,PG&E-Topock,,
July,2017,PGLC,2.88,-0.18
July,2017,Pine Prairie,,
July,2017,Pioneer,,
July,2017,PNGTS,,
July,2017,Questar-North,,
July,2017,Questar-South,,
July,2017,REX Cheyenne Comp Pool,,
July,2017,REX E-ANR,,
July,2017,REX E-MidW,,
July,2017,REX E-NGPL,,
July,2017,REX E-PEPL,,
July,2017,REX E-Trunk,,
July,2017,REX W-ANR,,
July,2017,REX W-NGPL,,
July,2017,REX W-NNG,,
July,2017,REX W-PEPL,,
July,2017,REX-Z3 (receipt) ,,
July,2017,REX-Z3 Del Pool,2.91,-0.15
July,2017,Rover (receipt),,
July,2017,Rover-ANR,,
July,2017,Rover-PEPL,,
July,2017,Ruby-Onyx Hill,,
July,2017,Ruby-Rec Pool,,
July,2017,Ryckman Creek Stor,,
July,2017,Salt Plains Inter,,
July,2017,Salt Plains Stor,,
July,2017,Socal-Blythe,,
July,2017,Socal-Border,2.86,-0.2
July,2017,Socal-Citygate,3.19,0.13
July,2017,Socal-Ehrenberg,,
July,2017,Socal-Firm Stor,,
July,2017,Socal-IT Stor,,
July,2017,Socal-Kramer,,
July,2017,Socal-KRS,,
July,2017,Socal-Needles,,
July,2017,Socal-Storage,,
July,2017,Socal-Topock (EP),,
July,2017,Socal-Topock (TW),,
July,2017,Socal-WR,,
July,2017,Sonat-Z0 South,2.99,-0.07
July,2017,Sonat-Z1 North,,
July,2017,Southern Pines Hub,,
July,2017,Southern Star,2.66,-0.4
July,2017,Spectra - Hunt,,
July,2017,Stagecoach ,,
July,2017,Stingray,,
July,2017,TCO,2.87,-0.19
July,2017,TCO-A04 Pool,,
July,2017,TCO-A06 Pool,,
July,2017,TCO-A08 Pool,,
July,2017,TCO-Seg Pool,1.82,-1.24
July,2017,TETCO-ELA,2.96,-0.1
July,2017,TETCO-ETX,2.96,-0.1
July,2017,TETCO-M1 24,,
July,2017,TETCO-M1 30,2.94,-0.12
July,2017,TETCO-M2,,
July,2017,TETCO-M2 (receipt),1.8,-1.26
July,2017,TETCO-M3,1.91,-1.15
July,2017,TETCO-Manhattan,,
July,2017,TETCO-STX,3.07,0.01
July,2017,TETCO-WLA,2.97,-0.09
July,2017,TGP-500L,2.97,-0.09
July,2017,TGP-800L,2.97,-0.09
July,2017,TGP-Mahwah,,
July,2017,TGP-Niagara,,
July,2017,TGP-Z0 Border Pool,,
July,2017,TGP-Z0 North,,
July,2017,TGP-Z0 South,,
July,2017,TGP-Z1 100L,,
July,2017,TGP-Z1 800L Pool,,
July,2017,TGP-Z1 Sta-87,,
July,2017,TGP-Z4 300L,1.69,-1.37
July,2017,TGP-Z4 Marcellus,1.69,-1.37
July,2017,TGP-Z4 Sta-219,,
July,2017,TGP-Z4 Sta-313,1.95,-1.11
July,2017,TGP-Z5 200L,1.98,-1.08
July,2017,TGP-Z6 200L,2.67,-0.39
July,2017,TGP-Z6 200L North,,
July,2017,TGP-Z6 200L South,,
July,2017,TGP-Z6 300L,,
July,2017,TGT-Mainline,2.93,-0.13
July,2017,TGT-North LA,,
July,2017,TGT-SL,2.97,-0.09
July,2017,Transco Zn3,3.0,-0.06
July,2017,Transco-165,,
July,2017,Transco-30,2.99,-0.07
July,2017,Transco-45,2.99,-0.07
July,2017,Transco-65,,
July,2017,Transco-85,3.01,-0.05
July,2017,Transco-River Road,,
July,2017,Transco-Z5,3.02,-0.04
July,2017,Transco-Z5 North,,
July,2017,Transco-Z5 South,3.09,0.03
July,2017,Transco-Z6 (non-NY north ML),,
July,2017,Transco-Z6 (non-NY north),2.42,-0.64
July,2017,Transco-Z6 (non-NY south),,
July,2017,Transco-Z6 (non-NY),2.42,-0.64
July,2017,Transco-Z6 (NY),2.37,-0.69
July,2017,Transco-Z6 Sta-210,,
July,2017,Tres Palacios (inj),,
July,2017,Tres Palacios (w/d),,
July,2017,Trunkline-ELA,3.0,-0.06
July,2017,Trunkline-WLA,3.0,-0.06
July,2017,Trunkline-Z1A,2.94,-0.12
July,2017,TW-Blanco,2.69,-0.37
July,2017,TW-Central,,
July,2017,TW-Panhandle,2.66,-0.4
July,2017,TW-WTX,,
July,2017,Union-Dawn,2.99,-0.07
July,2017,Waha,2.68,-0.38
July,2017,White River Hub,,
July,2017,WIC,,
July,2017,0,,
July,2017,0,,
July,2017,0,,
July,2017,0,,
August,2017,AB Pool (inter),,
August,2017,AB Pool (intra),,
August,2017,AGT-CG,,
August,2017,AGT-CG (non-G),2.45,-0.52
August,2017,Agua Dulce Hub,,
August,2017,ANR-Joliet Hub,,
August,2017,ANR-SE,,
August,2017,ANR-SE-T,2.88,-0.09
August,2017,ANR-SW,2.63,-0.34
August,2017,APC-ACE,,
August,2017,APC-ANR,,
August,2017,APC-MGTC,,
August,2017,APC-NGPL,,
August,2017,APC-Nicor,,
August,2017,APC-VPC,,
August,2017,Arena WTX Pool,,
August,2017,Atmos Zone 3,,
August,2017,Banquete Hub,,
August,2017,Bay Gas Storage,,
August,2017,Bennington,,
August,2017,Beverly Salem,,
August,2017,Bluewater Hub,,
August,2017,Bobcat Inter,,
August,2017,Bobcat Stor,,
August,2017,Carthage,,
August,2017,CG-Mainline,2.85,-0.12
August,2017,CG-Onshore,2.87,-0.1
August,2017,Cheyenne,2.59,-0.38
August,2017,Chicago,2.83,-0.14
August,2017,CIG-Mainline,2.57,-0.4
August,2017,CIG-Mainline Pool,,
August,2017,CIG-Mainline South,,
August,2017,Clarington,,
August,2017,Clarington-Tenn,,
August,2017,Consumers,2.88,-0.09
August,2017,Cove Point,,
August,2017,Dracut,,
August,2017,Eastern Gas-North,,
August,2017,Eastern Gas-South,,
August,2017,Egan Inter,,
August,2017,Egan Stor,,
August,2017,EGT-Flex,,
August,2017,EGT-North,,
August,2017,EGT-Perryville Hub,2.8,-0.17
August,2017,EGT-South,,
August,2017,EGT-West,,
August,2017,Enable East Pool,,
August,2017,Enable West Pool ,,
August,2017,ENT-STX Map,,
August,2017,EP-Anadarko,,
August,2017,EP-Keystone,,
August,2017,EP-Plains Pool,,
August,2017,EP-S.Mainline,,
August,2017,EP-SJ Blanco Pool,2.61,-0.36
August,2017,EP-SJ Bondad Stn,,
August,2017,EP-Waha Pool,,
August,2017,ETC-Cleburne,,
August,2017,ETC-Maypearl,,
August,2017,ETC-Tiger Gas (receipt),,
August,2017,FGT-CG,,
August,2017,FGT-Z1,2.93,-0.04
August,2017,FGT-Z2,2.92,-0.05
August,2017,FGT-Z3,2.93,-0.04
August,2017,GCX Waha Hub,,
August,2017,Gillis Hub,,
August,2017,GLGT-St.Clair,,
August,2017,Golden Triangle,,
August,2017,GTN-Kingsgate,,
August,2017,GTN-Malin,,
August,2017,GTN-Stanfield,,
August,2017,Guardian Hub,,
August,2017,Gulf S. Pool 16,,
August,2017,Gulf South - Perryville,,
August,2017,Henry,2.97,0.0
August,2017,HPL-ETX Pool,,
August,2017,HSC-HPL Pool,2.92,-0.05
August,2017,HSC-Kinder Morgan,,
August,2017,Iroquois (into),2.86,-0.11
August,2017,Iroquois-Z1,,
August,2017,Iroquois-Z2,2.85,-0.12
August,2017,Iroquois-Z2 Hunts Pt,,
August,2017,Jefferson Island,,
August,2017,Katy-Enstor Pool,2.92,-0.05
August,2017,Katy-Lonestar Inter,,
August,2017,Katy-Lonestar Intra,,
August,2017,Katy-Oasis,,
August,2017,KRGT-Del Pool,,
August,2017,KRGT-Rec Pool,,
August,2017,Lebanon,2.8,-0.17
August,2017,Leidy,,
August,2017,Leidy-Transco,1.72,-1.25
August,2017,M&N US,,
August,2017,MEP-Lamar,,
August,2017,Michcon,2.85,-0.12
August,2017,Midship (receipt),,
August,2017,Millennium,,
August,2017,Millennium East Pool,1.75,-1.22
August,2017,Millennium-Ramapo,,
August,2017,Moss Bluff Inter,,
August,2017,Moss Bluff Stor,,
August,2017,MS Hub,,
August,2017,NBPL-Bakken (receipt),,
August,2017,NBPL-Harper,,
August,2017,NBPL-Nicor,2.76,-0.21
August,2017,NBPL-Vector,,
August,2017,NBPL-Ventura,2.75,-0.22
August,2017,NBPL-Will County,,
August,2017,NGPL-AM Pool,,
August,2017,NGPL-AM Stor,,
August,2017,NGPL-GC Mainline,,
August,2017,NGPL-IA/IL AM Pool,,
August,2017,NGPL-IA/IL AM Stor,,
August,2017,NGPL-IA/IL GC Pool,,
August,2017,NGPL-IA/IL GC Stor,,
August,2017,NGPL-LA Pool,,
August,2017,NGPL-LA Stor,,
August,2017,NGPL-MidAm,,
August,2017,NGPL-Midcont Pool,2.66,-0.31
August,2017,NGPL-Midcont Stor,,
August,2017,NGPL-Nicor,2.76,-0.21
August,2017,NGPL-Nipsco,2.83,-0.14
August,2017,NGPL-STX,2.9,-0.07
August,2017,NGPL-TXOK East,2.81,-0.16
August,2017,NGPL-TXOK East Stor,2.81,-0.16
August,2017,NGPL-TXOK West,2.81,-0.16
August,2017,NNG-Demarc,2.73,-0.24
August,2017,NNG-Mid 13-16A,,
August,2017,NNG-Mid 1-7,,
August,2017,NNG-Mid 8-12,,
August,2017,NNG-Ventura,2.73,-0.24
August,2017,Nortex-Tolar Hub,,
August,2017,NWP-Rocky Mtn,2.59,-0.38
August,2017,NWP-Sumas,2.48,-0.49
August,2017,NWP-Wyoming,,
August,2017,Oasis - Waha Pool,,
August,2017,OGT,,
August,2017,ONEOK Westex,2.36,-0.61
August,2017,Opal,,
August,2017,Panhandle,2.57,-0.4
August,2017,PG&E-Citygate,3.28,0.31
August,2017,PG&E-Daggett,,
August,2017,PG&E-KRS,,
August,2017,PG&E-Topock,,
August,2017,PGLC,2.81,-0.16
August,2017,Pine Prairie,,
August,2017,Pioneer,,
August,2017,PNGTS,,
August,2017,Questar-North,,
August,2017,Questar-South,,
August,2017,REX Cheyenne Comp Pool,,
August,2017,REX E-ANR,,
August,2017,REX E-MidW,,
August,2017,REX E-NGPL,,
August,2017,REX E-PEPL,,
August,2017,REX E-Trunk,,
August,2017,REX W-ANR,,
August,2017,REX W-NGPL,,
August,2017,REX W-NNG,,
August,2017,REX W-PEPL,,
August,2017,REX-Z3 (receipt) ,,
August,2017,REX-Z3 Del Pool,2.82,-0.15
August,2017,Rover (receipt),,
August,2017,Rover-ANR,,
August,2017,Rover-PEPL,,
August,2017,Ruby-Onyx Hill,,
August,2017,Ruby-Rec Pool,,
August,2017,Ryckman Creek Stor,,
August,2017,Salt Plains Inter,,
August,2017,Salt Plains Stor,,
August,2017,Socal-Blythe,,
August,2017,Socal-Border,2.88,-0.09
August,2017,Socal-Citygate,3.21,0.24
August,2017,Socal-Ehrenberg,,
August,2017,Socal-Firm Stor,,
August,2017,Socal-IT Stor,,
August,2017,Socal-Kramer,,
August,2017,Socal-KRS,,
August,2017,Socal-Needles,,
August,2017,Socal-Storage,,
August,2017,Socal-Topock (EP),,
August,2017,Socal-Topock (TW),,
August,2017,Socal-WR,,
August,2017,Sonat-Z0 South,2.88,-0.09
August,2017,Sonat-Z1 North,,
August,2017,Southern Pines Hub,,
August,2017,Southern Star,2.58,-0.39
August,2017,Spectra - Hunt,,
August,2017,Stagecoach ,,
August,2017,Stingray,,
August,2017,TCO,2.78,-0.19
August,2017,TCO-A04 Pool,,
August,2017,TCO-A06 Pool,,
August,2017,TCO-A08 Pool,,
August,2017,TCO-Seg Pool,1.69,-1.28
August,2017,TETCO-ELA,2.85,-0.12
August,2017,TETCO-ETX,2.84,-0.13
August,2017,TETCO-M1 24,,
August,2017,TETCO-M1 30,2.85,-0.12
August,2017,TETCO-M2,,
August,2017,TETCO-M2 (receipt),1.7,-1.27
August,2017,TETCO-M3,1.8,-1.17
August,2017,TETCO-Manhattan,,
August,2017,TETCO-STX,2.89,-0.08
August,2017,TETCO-WLA,2.85,-0.12
August,2017,TGP-500L,2.88,-0.09
August,2017,TGP-800L,2.88,-0.09
August,2017,TGP-Mahwah,,
August,2017,TGP-Niagara,2.06,-0.91
August,2017,TGP-Z0 Border Pool,,
August,2017,TGP-Z0 North,,
August,2017,TGP-Z0 South,,
August,2017,TGP-Z1 100L,,
August,2017,TGP-Z1 800L Pool,,
August,2017,TGP-Z1 Sta-87,,
August,2017,TGP-Z4 300L,1.65,-1.32
August,2017,TGP-Z4 Marcellus,1.65,-1.32
August,2017,TGP-Z4 Sta-219,,
August,2017,TGP-Z4 Sta-313,1.87,-1.1
August,2017,TGP-Z5 200L,1.93,-1.04
August,2017,TGP-Z6 200L,2.45,-0.52
August,2017,TGP-Z6 200L North,,
August,2017,TGP-Z6 200L South,,
August,2017,TGP-Z6 300L,,
August,2017,TGT-Mainline,2.84,-0.13
August,2017,TGT-North LA,,
August,2017,TGT-SL,2.85,-0.12
August,2017,Transco Zn3,2.92,-0.05
August,2017,Transco-165,,
August,2017,Transco-30,2.88,-0.09
August,2017,Transco-45,2.9,-0.07
August,2017,Transco-65,,
August,2017,Transco-85,2.92,-0.05
August,2017,Transco-River Road,,
August,2017,Transco-Z5,3.01,0.04
August,2017,Transco-Z5 North,,
August,2017,Transco-Z5 South,3.01,0.04
August,2017,Transco-Z6 (non-NY north ML),,
August,2017,Transco-Z6 (non-NY north),2.3,-0.67
August,2017,Transco-Z6 (non-NY south),,
August,2017,Transco-Z6 (non-NY),2.3,-0.67
August,2017,Transco-Z6 (NY),2.3,-0.67
August,2017,Transco-Z6 Sta-210,,
August,2017,Tres Palacios (inj),,
August,2017,Tres Palacios (w/d),,
August,2017,Trunkline-ELA,2.89,-0.08
August,2017,Trunkline-WLA,2.89,-0.08
August,2017,Trunkline-Z1A,2.85,-0.12
August,2017,TW-Blanco,2.66,-0.31
August,2017,TW-Central,,
August,2017,TW-Panhandle,2.62,-0.35
August,2017,TW-WTX,,
August,2017,Union-Dawn,2.89,-0.08
August,2017,Waha,2.6,-0.37
August,2017,White River Hub,,
August,2017,WIC,,
August,2017,0,,
August,2017,0,,
August,2017,0,,
August,2017,0,,
September,2017,AB Pool (inter),,
September,2017,AB Pool (intra),,
September,2017,AGT-CG,,
September,2017,AGT-CG (non-G),2.3,-0.65
September,2017,Agua Dulce Hub,,
September,2017,ANR-Joliet Hub,,
September,2017,ANR-SE,,
September,2017,ANR-SE-T,2.87,-0.08
September,2017,ANR-SW,2.63,-0.32
September,2017,APC-ACE,,
September,2017,APC-ANR,,
September,2017,APC-MGTC,,
September,2017,APC-NGPL,,
September,2017,APC-Nicor,,
September,2017,APC-VPC,,
September,2017,Arena WTX Pool,,
September,2017,Atmos Zone 3,,
September,2017,Banquete Hub,,
September,2017,Bay Gas Storage,,
September,2017,Bennington,,
September,2017,Beverly Salem,,
September,2017,Bluewater Hub,,
September,2017,Bobcat Inter,,
September,2017,Bobcat Stor,,
September,2017,Carthage,,
September,2017,CG-Mainline,2.85,-0.1
September,2017,CG-Onshore,2.89,-0.06
September,2017,Cheyenne,2.57,-0.38
September,2017,Chicago,2.79,-0.16
September,2017,CIG-Mainline,2.56,-0.39
September,2017,CIG-Mainline Pool,,
September,2017,CIG-Mainline South,,
September,2017,Clarington,,
September,2017,Clarington-Tenn,,
September,2017,Consumers,2.92,-0.03
September,2017,Cove Point,,
September,2017,Dracut,,
September,2017,Eastern Gas-North,,
September,2017,Eastern Gas-South,,
September,2017,Egan Inter,,
September,2017,Egan Stor,,
September,2017,EGT-Flex,,
September,2017,EGT-North,,
September,2017,EGT-Perryville Hub,2.7,-0.25
September,2017,EGT-South,,
September,2017,EGT-West,,
September,2017,Enable East Pool,,
September,2017,Enable West Pool ,,
September,2017,ENT-STX Map,,
September,2017,EP-Anadarko,,
September,2017,EP-Keystone,,
September,2017,EP-Plains Pool,,
September,2017,EP-S.Mainline,,
September,2017,EP-SJ Blanco Pool,2.55,-0.4
September,2017,EP-SJ Bondad Stn,,
September,2017,EP-Waha Pool,,
September,2017,ETC-Cleburne,,
September,2017,ETC-Maypearl,,
September,2017,ETC-Tiger Gas (receipt),,
September,2017,FGT-CG,,
September,2017,FGT-Z1,2.92,-0.03
September,2017,FGT-Z2,2.92,-0.03
September,2017,FGT-Z3,2.94,-0.01
September,2017,GCX Waha Hub,,
September,2017,Gillis Hub,,
September,2017,GLGT-St.Clair,,
September,2017,Golden Triangle,,
September,2017,GTN-Kingsgate,,
September,2017,GTN-Malin,,
September,2017,GTN-Stanfield,,
September,2017,Guardian Hub,,
September,2017,Gulf S. Pool 16,,
September,2017,Gulf South - Perryville,,
September,2017,Henry,2.95,0.0
September,2017,HPL-ETX Pool,,
September,2017,HSC-HPL Pool,2.92,-0.03
September,2017,HSC-Kinder Morgan,,
September,2017,Iroquois (into),2.63,-0.32
September,2017,Iroquois-Z1,,
September,2017,Iroquois-Z2,2.54,-0.41
September,2017,Iroquois-Z2 Hunts Pt,,
September,2017,Jefferson Island,,
September,2017,Katy-Enstor Pool,2.93,-0.02
September,2017,Katy-Lonestar Inter,,
September,2017,Katy-Lonestar Intra,,
September,2017,Katy-Oasis,,
September,2017,KRGT-Del Pool,,
September,2017,KRGT-Rec Pool,,
September,2017,Lebanon,2.81,-0.14
September,2017,Leidy,,
September,2017,Leidy-Transco,1.66,-1.29
September,2017,M&N US,,
September,2017,MEP-Lamar,,
September,2017,Michcon,2.88,-0.07
September,2017,Midship (receipt),,
September,2017,Millennium,,
September,2017,Millennium East Pool,1.65,-1.3
September,2017,Millennium-Ramapo,,
September,2017,Moss Bluff Inter,,
September,2017,Moss Bluff Stor,,
September,2017,MS Hub,,
September,2017,NBPL-Bakken (receipt),,
September,2017,NBPL-Harper,,
September,2017,NBPL-Nicor,2.77,-0.18
September,2017,NBPL-Vector,,
September,2017,NBPL-Ventura,2.74,-0.21
September,2017,NBPL-Will County,,
September,2017,NGPL-AM Pool,,
September,2017,NGPL-AM Stor,,
September,2017,NGPL-GC Mainline,,
September,2017,NGPL-IA/IL AM Pool,,
September,2017,NGPL-IA/IL AM Stor,,
September,2017,NGPL-IA/IL GC Pool,,
September,2017,NGPL-IA/IL GC Stor,,
September,2017,NGPL-LA Pool,,
September,2017,NGPL-LA Stor,,
September,2017,NGPL-MidAm,,
September,2017,NGPL-Midcont Pool,2.65,-0.3
September,2017,NGPL-Midcont Stor,,
September,2017,NGPL-Nicor,2.77,-0.18
September,2017,NGPL-Nipsco,2.81,-0.14
September,2017,NGPL-STX,2.88,-0.07
September,2017,NGPL-TXOK East,2.81,-0.14
September,2017,NGPL-TXOK East Stor,2.81,-0.14
September,2017,NGPL-TXOK West,2.81,-0.14
September,2017,NNG-Demarc,2.78,-0.17
September,2017,NNG-Mid 13-16A,,
September,2017,NNG-Mid 1-7,,
September,2017,NNG-Mid 8-12,,
September,2017,NNG-Ventura,2.74,-0.21
September,2017,Nortex-Tolar Hub,,
September,2017,NWP-Rocky Mtn,2.59,-0.36
September,2017,NWP-Sumas,2.56,-0.39
September,2017,NWP-Wyoming,,
September,2017,Oasis - Waha Pool,,
September,2017,OGT,,
September,2017,ONEOK Westex,2.33,-0.62
September,2017,Opal,,
September,2017,Panhandle,2.56,-0.39
September,2017,PG&E-Citygate,3.34,0.39
September,2017,PG&E-Daggett,,
September,2017,PG&E-KRS,,
September,2017,PG&E-Topock,,
September,2017,PGLC,2.79,-0.16
September,2017,Pine Prairie,,
September,2017,Pioneer,,
September,2017,PNGTS,,
September,2017,Questar-North,,
September,2017,Questar-South,,
September,2017,REX Cheyenne Comp Pool,,
September,2017,REX E-ANR,,
September,2017,REX E-MidW,,
September,2017,REX E-NGPL,,
September,2017,REX E-PEPL,,
September,2017,REX E-Trunk,,
September,2017,REX W-ANR,,
September,2017,REX W-NGPL,,
September,2017,REX W-NNG,,
September,2017,REX W-PEPL,,
September,2017,REX-Z3 (receipt) ,,
September,2017,REX-Z3 Del Pool,2.81,-0.14
September,2017,Rover (receipt),,
September,2017,Rover-ANR,,
September,2017,Rover-PEPL,,
September,2017,Ruby-Onyx Hill,,
September,2017,Ruby-Rec Pool,,
September,2017,Ryckman Creek Stor,,
September,2017,Salt Plains Inter,,
September,2017,Salt Plains Stor,,
September,2017,Socal-Blythe,,
September,2017,Socal-Border,2.89,-0.06
September,2017,Socal-Citygate,3.24,0.29
September,2017,Socal-Ehrenberg,,
September,2017,Socal-Firm Stor,,
September,2017,Socal-IT Stor,,
September,2017,Socal-Kramer,,
September,2017,Socal-KRS,,
September,2017,Socal-Needles,,
September,2017,Socal-Storage,,
September,2017,Socal-Topock (EP),,
September,2017,Socal-Topock (TW),,
September,2017,Socal-WR,,
September,2017,Sonat-Z0 South,2.88,-0.07
September,2017,Sonat-Z1 North,,
September,2017,Southern Pines Hub,,
September,2017,Southern Star,2.54,-0.41
September,2017,Spectra - Hunt,,
September,2017,Stagecoach ,,
September,2017,Stingray,,
September,2017,TCO,2.78,-0.17
September,2017,TCO-A04 Pool,,
September,2017,TCO-A06 Pool,,
September,2017,TCO-A08 Pool,,
September,2017,TCO-Seg Pool,1.63,-1.32
September,2017,TETCO-ELA,2.86,-0.09
September,2017,TETCO-ETX,2.85,-0.1
September,2017,TETCO-M1 24,,
September,2017,TETCO-M1 30,2.86,-0.09
September,2017,TETCO-M2,,
September,2017,TETCO-M2 (receipt),1.63,-1.32
September,2017,TETCO-M3,1.75,-1.2
September,2017,TETCO-Manhattan,,
September,2017,TETCO-STX,2.91,-0.04
September,2017,TETCO-WLA,2.87,-0.08
September,2017,TGP-500L,2.89,-0.06
September,2017,TGP-800L,2.87,-0.08
September,2017,TGP-Mahwah,,
September,2017,TGP-Niagara,,
September,2017,TGP-Z0 Border Pool,,
September,2017,TGP-Z0 North,,
September,2017,TGP-Z0 South,,
September,2017,TGP-Z1 100L,,
September,2017,TGP-Z1 800L Pool,,
September,2017,TGP-Z1 Sta-87,,
September,2017,TGP-Z4 300L,1.58,-1.37
September,2017,TGP-Z4 Marcellus,1.58,-1.37
September,2017,TGP-Z4 Sta-219,,
September,2017,TGP-Z4 Sta-313,1.95,-1.0
September,2017,TGP-Z5 200L,2.04,-0.91
September,2017,TGP-Z6 200L,2.29,-0.66
September,2017,TGP-Z6 200L North,,
September,2017,TGP-Z6 200L South,,
September,2017,TGP-Z6 300L,,
September,2017,TGT-Mainline,2.85,-0.1
September,2017,TGT-North LA,,
September,2017,TGT-SL,2.86,-0.09
September,2017,Transco Zn3,2.91,-0.04
September,2017,Transco-165,,
September,2017,Transco-30,2.88,-0.07
September,2017,Transco-45,2.89,-0.06
September,2017,Transco-65,,
September,2017,Transco-85,2.91,-0.04
September,2017,Transco-River Road,,
September,2017,Transco-Z5,2.98,0.03
September,2017,Transco-Z5 North,,
September,2017,Transco-Z5 South,2.98,0.03
September,2017,Transco-Z6 (non-NY north ML),,
September,2017,Transco-Z6 (non-NY north),2.5,-0.45
September,2017,Transco-Z6 (non-NY south),,
September,2017,Transco-Z6 (non-NY),2.5,-0.45
September,2017,Transco-Z6 (NY),2.5,-0.45
September,2017,Transco-Z6 Sta-210,,
September,2017,Tres Palacios (inj),,
September,2017,Tres Palacios (w/d),,
September,2017,Trunkline-ELA,2.86,-0.09
September,2017,Trunkline-WLA,2.86,-0.09
September,2017,Trunkline-Z1A,2.84,-0.11
September,2017,TW-Blanco,2.63,-0.32
September,2017,TW-Central,,
September,2017,TW-Panhandle,2.55,-0.4
September,2017,TW-WTX,,
September,2017,Union-Dawn,2.92,-0.03
September,2017,Waha,2.55,-0.4
September,2017,White River Hub,,
September,2017,WIC,,
September,2017,0,,
September,2017,0,,
September,2017,0,,
September,2017,0,,
October,2017,AB Pool (inter),,
October,2017,AB Pool (intra),,
October,2017,AGT-CG,,
October,2017,AGT-CG (non-G),2.55,-0.42
October,2017,Agua Dulce Hub,,
October,2017,ANR-Joliet Hub,,
October,2017,ANR-SE,,
October,2017,ANR-SE-T,2.84,-0.13
October,2017,ANR-SW,2.58,-0.39
October,2017,APC-ACE,,
October,2017,APC-ANR,,
October,2017,APC-MGTC,,
October,2017,APC-NGPL,,
October,2017,APC-Nicor,,
October,2017,APC-VPC,,
October,2017,Arena WTX Pool,,
October,2017,Atmos Zone 3,,
October,2017,Banquete Hub,,
October,2017,Bay Gas Storage,,
October,2017,Bennington,,
October,2017,Beverly Salem,,
October,2017,Bluewater Hub,,
October,2017,Bobcat Inter,,
October,2017,Bobcat Stor,,
October,2017,Carthage,,
October,2017,CG-Mainline,2.84,-0.13
October,2017,CG-Onshore,2.88,-0.09
October,2017,Cheyenne,2.46,-0.51
October,2017,Chicago,2.82,-0.15
October,2017,CIG-Mainline,2.48,-0.49
October,2017,CIG-Mainline Pool,,
October,2017,CIG-Mainline South,,
October,2017,Clarington,,
October,2017,Clarington-Tenn,,
October,2017,Consumers,2.85,-0.12
October,2017,Cove Point,,
October,2017,Dracut,,
October,2017,Eastern Gas-North,,
October,2017,Eastern Gas-South,,
October,2017,Egan Inter,,
October,2017,Egan Stor,,
October,2017,EGT-Flex,,
October,2017,EGT-North,,
October,2017,EGT-Perryville Hub,2.76,-0.21
October,2017,EGT-South,,
October,2017,EGT-West,,
October,2017,Enable East Pool,,
October,2017,Enable West Pool ,,
October,2017,ENT-STX Map,,
October,2017,EP-Anadarko,,
October,2017,EP-Keystone,,
October,2017,EP-Plains Pool,,
October,2017,EP-S.Mainline,,
October,2017,EP-SJ Blanco Pool,2.4,-0.57
October,2017,EP-SJ Bondad Stn,,
October,2017,EP-Waha Pool,,
October,2017,ETC-Cleburne,,
October,2017,ETC-Maypearl,,
October,2017,ETC-Tiger Gas (receipt),,
October,2017,FGT-CG,,
October,2017,FGT-Z1,2.95,-0.02
October,2017,FGT-Z2,2.92,-0.05
October,2017,FGT-Z3,2.84,-0.13
October,2017,GCX Waha Hub,,
October,2017,Gillis Hub,,
October,2017,GLGT-St.Clair,,
October,2017,Golden Triangle,,
October,2017,GTN-Kingsgate,,
October,2017,GTN-Malin,,
October,2017,GTN-Stanfield,,
October,2017,Guardian Hub,,
October,2017,Gulf S. Pool 16,,
October,2017,Gulf South - Perryville,,
October,2017,Henry,2.97,0.0
October,2017,HPL-ETX Pool,,
October,2017,HSC-HPL Pool,2.88,-0.09
October,2017,HSC-Kinder Morgan,,
October,2017,Iroquois (into),2.73,-0.24
October,2017,Iroquois-Z1,,
October,2017,Iroquois-Z2,2.65,-0.32
October,2017,Iroquois-Z2 Hunts Pt,,
October,2017,Jefferson Island,,
October,2017,Katy-Enstor Pool,2.88,-0.09
October,2017,Katy-Lonestar Inter,,
October,2017,Katy-Lonestar Intra,,
October,2017,Katy-Oasis,,
October,2017,KRGT-Del Pool,,
October,2017,KRGT-Rec Pool,,
October,2017,Lebanon,2.77,-0.2
October,2017,Leidy,,
October,2017,Leidy-Transco,1.07,-1.9
October,2017,M&N US,,
October,2017,MEP-Lamar,,
October,2017,Michcon,2.82,-0.15
October,2017,Midship (receipt),,
October,2017,Millennium,,
October,2017,Millennium East Pool,1.05,-1.92
October,2017,Millennium-Ramapo,,
October,2017,Moss Bluff Inter,,
October,2017,Moss Bluff Stor,,
October,2017,MS Hub,,
October,2017,NBPL-Bakken (receipt),,
October,2017,NBPL-Harper,,
October,2017,NBPL-Nicor,2.82,-0.15
October,2017,NBPL-Vector,,
October,2017,NBPL-Ventura,2.7,-0.27
October,2017,NBPL-Will County,,
October,2017,NGPL-AM Pool,,
October,2017,NGPL-AM Stor,,
October,2017,NGPL-GC Mainline,,
October,2017,NGPL-IA/IL AM Pool,,
October,2017,NGPL-IA/IL AM Stor,,
October,2017,NGPL-IA/IL GC Pool,,
October,2017,NGPL-IA/IL GC Stor,,
October,2017,NGPL-LA Pool,,
October,2017,NGPL-LA Stor,,
October,2017,NGPL-MidAm,,
October,2017,NGPL-Midcont Pool,2.62,-0.35
October,2017,NGPL-Midcont Stor,,
October,2017,NGPL-Nicor,2.82,-0.15
October,2017,NGPL-Nipsco,2.82,-0.15
October,2017,NGPL-STX,2.88,-0.09
October,2017,NGPL-TXOK East,2.8,-0.17
October,2017,NGPL-TXOK East Stor,2.8,-0.17
October,2017,NGPL-TXOK West,2.8,-0.17
October,2017,NNG-Demarc,2.68,-0.29
October,2017,NNG-Mid 13-16A,,
October,2017,NNG-Mid 1-7,,
October,2017,NNG-Mid 8-12,,
October,2017,NNG-Ventura,2.69,-0.28
October,2017,Nortex-Tolar Hub,,
October,2017,NWP-Rocky Mtn,2.48,-0.49
October,2017,NWP-Sumas,2.35,-0.62
October,2017,NWP-Wyoming,,
October,2017,Oasis - Waha Pool,,
October,2017,OGT,,
October,2017,ONEOK Westex,2.35,-0.62
October,2017,Opal,,
October,2017,Panhandle,2.5,-0.47
October,2017,PG&E-Citygate,3.17,0.2
October,2017,PG&E-Daggett,,
October,2017,PG&E-KRS,,
October,2017,PG&E-Topock,,
October,2017,PGLC,2.82,-0.15
October,2017,Pine Prairie,,
October,2017,Pioneer,,
October,2017,PNGTS,,
October,2017,Questar-North,,
October,2017,Questar-South,,
October,2017,REX Cheyenne Comp Pool,,
October,2017,REX E-ANR,,
October,2017,REX E-MidW,,
October,2017,REX E-NGPL,,
October,2017,REX E-PEPL,,
October,2017,REX E-Trunk,,
October,2017,REX W-ANR,,
October,2017,REX W-NGPL,,
October,2017,REX W-NNG,,
October,2017,REX W-PEPL,,
October,2017,REX-Z3 (receipt) ,,
October,2017,REX-Z3 Del Pool,2.78,-0.19
October,2017,Rover (receipt),,
October,2017,Rover-ANR,,
October,2017,Rover-PEPL,,
October,2017,Ruby-Onyx Hill,,
October,2017,Ruby-Rec Pool,,
October,2017,Ryckman Creek Stor,,
October,2017,Salt Plains Inter,,
October,2017,Salt Plains Stor,,
October,2017,Socal-Blythe,,
October,2017,Socal-Border,2.59,-0.38
October,2017,Socal-Citygate,2.97,0.0
October,2017,Socal-Ehrenberg,,
October,2017,Socal-Firm Stor,,
October,2017,Socal-IT Stor,,
October,2017,Socal-Kramer,,
October,2017,Socal-KRS,,
October,2017,Socal-Needles,,
October,2017,Socal-Storage,,
October,2017,Socal-Topock (EP),,
October,2017,Socal-Topock (TW),,
October,2017,Socal-WR,,
October,2017,Sonat-Z0 South,2.88,-0.09
October,2017,Sonat-Z1 North,,
October,2017,Southern Pines Hub,,
October,2017,Southern Star,2.51,-0.46
October,2017,Spectra - Hunt,,
October,2017,Stagecoach ,,
October,2017,Stingray,,
October,2017,TCO,2.76,-0.21
October,2017,TCO-A04 Pool,,
October,2017,TCO-A06 Pool,,
October,2017,TCO-A08 Pool,,
October,2017,TCO-Seg Pool,1.12,-1.85
October,2017,TETCO-ELA,2.87,-0.1
October,2017,TETCO-ETX,2.84,-0.13
October,2017,TETCO-M1 24,,
October,2017,TETCO-M1 30,2.85,-0.12
October,2017,TETCO-M2,,
October,2017,TETCO-M2 (receipt),1.06,-1.91
October,2017,TETCO-M3,1.18,-1.79
October,2017,TETCO-Manhattan,,
October,2017,TETCO-STX,2.87,-0.1
October,2017,TETCO-WLA,2.88,-0.09
October,2017,TGP-500L,2.88,-0.09
October,2017,TGP-800L,2.87,-0.1
October,2017,TGP-Mahwah,,
October,2017,TGP-Niagara,1.47,-1.5
October,2017,TGP-Z0 Border Pool,,
October,2017,TGP-Z0 North,,
October,2017,TGP-Z0 South,,
October,2017,TGP-Z1 100L,,
October,2017,TGP-Z1 800L Pool,,
October,2017,TGP-Z1 Sta-87,,
October,2017,TGP-Z4 300L,0.98,-1.99
October,2017,TGP-Z4 Marcellus,0.98,-1.99
October,2017,TGP-Z4 Sta-219,,
October,2017,TGP-Z4 Sta-313,1.37,-1.6
October,2017,TGP-Z5 200L,1.47,-1.5
October,2017,TGP-Z6 200L,2.63,-0.34
October,2017,TGP-Z6 200L North,,
October,2017,TGP-Z6 200L South,,
October,2017,TGP-Z6 300L,,
October,2017,TGT-Mainline,2.84,-0.13
October,2017,TGT-North LA,,
October,2017,TGT-SL,2.86,-0.11
October,2017,Transco Zn3,2.91,-0.06
October,2017,Transco-165,,
October,2017,Transco-30,2.88,-0.09
October,2017,Transco-45,2.91,-0.06
October,2017,Transco-65,,
October,2017,Transco-85,2.92,-0.05
October,2017,Transco-River Road,,
October,2017,Transco-Z5,2.99,0.02
October,2017,Transco-Z5 North,,
October,2017,Transco-Z5 South,2.99,0.02
October,2017,Transco-Z6 (non-NY north ML),,
October,2017,Transco-Z6 (non-NY north),2.42,-0.55
October,2017,Transco-Z6 (non-NY south),,
October,2017,Transco-Z6 (non-NY),2.42,-0.55
October,2017,Transco-Z6 (NY),2.39,-0.58
October,2017,Transco-Z6 Sta-210,,
October,2017,Tres Palacios (inj),,
October,2017,Tres Palacios (w/d),,
October,2017,Trunkline-ELA,2.85,-0.12
October,2017,Trunkline-WLA,2.85,-0.12
October,2017,Trunkline-Z1A,2.83,-0.14
October,2017,TW-Blanco,2.41,-0.56
October,2017,TW-Central,,
October,2017,TW-Panhandle,2.4,-0.57
October,2017,TW-WTX,,
October,2017,Union-Dawn,2.89,-0.08
October,2017,Waha,2.44,-0.53
October,2017,White River Hub,,
October,2017,WIC,,
October,2017,0,,
October,2017,0,,
October,2017,0,,
October,2017,0,,
November,2017,AB Pool (inter),,
November,2017,AB Pool (intra),,
November,2017,AGT-CG,,
November,2017,AGT-CG (non-G),2.65,-0.09
November,2017,Agua Dulce Hub,,
November,2017,ANR-Joliet Hub,,
November,2017,ANR-SE,,
November,2017,ANR-SE-T,2.62,-0.12
November,2017,ANR-SW,2.41,-0.33
November,2017,APC-ACE,,
November,2017,APC-ANR,,
November,2017,APC-MGTC,,
November,2017,APC-NGPL,,
November,2017,APC-Nicor,,
November,2017,APC-VPC,,
November,2017,Arena WTX Pool,,
November,2017,Atmos Zone 3,,
November,2017,Banquete Hub,,
November,2017,Bay Gas Storage,,
November,2017,Bennington,,
November,2017,Beverly Salem,,
November,2017,Bluewater Hub,,
November,2017,Bobcat Inter,,
November,2017,Bobcat Stor,,
November,2017,Carthage,,
November,2017,CG-Mainline,2.6,-0.14
November,2017,CG-Onshore,2.64,-0.1
November,2017,Cheyenne,2.55,-0.19
November,2017,Chicago,2.83,0.09
November,2017,CIG-Mainline,2.553,-0.19
November,2017,CIG-Mainline Pool,,
November,2017,CIG-Mainline South,,
November,2017,Clarington,,
November,2017,Clarington-Tenn,,
November,2017,Consumers,2.69,-0.05
November,2017,Cove Point,,
November,2017,Dracut,,
November,2017,Eastern Gas-North,,
November,2017,Eastern Gas-South,,
November,2017,Egan Inter,,
November,2017,Egan Stor,,
November,2017,EGT-Flex,,
November,2017,EGT-North,,
November,2017,EGT-Perryville Hub,2.49,-0.25
November,2017,EGT-South,,
November,2017,EGT-West,,
November,2017,Enable East Pool,,
November,2017,Enable West Pool ,,
November,2017,ENT-STX Map,,
November,2017,EP-Anadarko,,
November,2017,EP-Keystone,,
November,2017,EP-Plains Pool,,
November,2017,EP-S.Mainline,,
November,2017,EP-SJ Blanco Pool,2.43,-0.31
November,2017,EP-SJ Bondad Stn,,
November,2017,EP-Waha Pool,,
November,2017,ETC-Cleburne,,
November,2017,ETC-Maypearl,,
November,2017,ETC-Tiger Gas (receipt),,
November,2017,FGT-CG,,
November,2017,FGT-Z1,2.73,-0.01
November,2017,FGT-Z2,2.73,-0.01
November,2017,FGT-Z3,2.72,-0.02
November,2017,GCX Waha Hub,,
November,2017,Gillis Hub,,
November,2017,GLGT-St.Clair,,
November,2017,Golden Triangle,,
November,2017,GTN-Kingsgate,,
November,2017,GTN-Malin,,
November,2017,GTN-Stanfield,,
November,2017,Guardian Hub,,
November,2017,Gulf S. Pool 16,,
November,2017,Gulf South - Perryville,,
November,2017,Henry,2.74,0.0
November,2017,HPL-ETX Pool,,
November,2017,HSC-HPL Pool,2.76,0.02
November,2017,HSC-Kinder Morgan,,
November,2017,Iroquois (into),2.79,0.05
November,2017,Iroquois-Z1,,
November,2017,Iroquois-Z2,2.78,0.04
November,2017,Iroquois-Z2 Hunts Pt,,
November,2017,Jefferson Island,,
November,2017,Katy-Enstor Pool,2.81,0.07
November,2017,Katy-Lonestar Inter,,
November,2017,Katy-Lonestar Intra,,
November,2017,Katy-Oasis,,
November,2017,KRGT-Del Pool,,
November,2017,KRGT-Rec Pool,,
November,2017,Lebanon,2.55,-0.19
November,2017,Leidy,,
November,2017,Leidy-Transco,1.39,-1.35
November,2017,M&N US,,
November,2017,MEP-Lamar,,
November,2017,Michcon,2.66,-0.08
November,2017,Midship (receipt),,
November,2017,Millennium,,
November,2017,Millennium East Pool,1.4,-1.34
November,2017,Millennium-Ramapo,,
November,2017,Moss Bluff Inter,,
November,2017,Moss Bluff Stor,,
November,2017,MS Hub,,
November,2017,NBPL-Bakken (receipt),,
November,2017,NBPL-Harper,,
November,2017,NBPL-Nicor,2.85,0.11
November,2017,NBPL-Vector,,
November,2017,NBPL-Ventura,2.72,-0.02
November,2017,NBPL-Will County,,
November,2017,NGPL-AM Pool,,
November,2017,NGPL-AM Stor,,
November,2017,NGPL-GC Mainline,,
November,2017,NGPL-IA/IL AM Pool,,
November,2017,NGPL-IA/IL AM Stor,,
November,2017,NGPL-IA/IL GC Pool,,
November,2017,NGPL-IA/IL GC Stor,,
November,2017,NGPL-LA Pool,,
November,2017,NGPL-LA Stor,,
November,2017,NGPL-MidAm,,
November,2017,NGPL-Midcont Pool,2.5,-0.24
November,2017,NGPL-Midcont Stor,,
November,2017,NGPL-Nicor,2.85,0.11
November,2017,NGPL-Nipsco,2.82,0.08
November,2017,NGPL-STX,2.68,-0.06
November,2017,NGPL-TXOK East,2.6,-0.14
November,2017,NGPL-TXOK East Stor,2.6,-0.14
November,2017,NGPL-TXOK West,2.6,-0.14
November,2017,NNG-Demarc,2.72,-0.02
November,2017,NNG-Mid 13-16A,,
November,2017,NNG-Mid 1-7,,
November,2017,NNG-Mid 8-12,,
November,2017,NNG-Ventura,2.71,-0.03
November,2017,Nortex-Tolar Hub,,
November,2017,NWP-Rocky Mtn,2.63,-0.11
November,2017,NWP-Sumas,2.65,-0.09
November,2017,NWP-Wyoming,,
November,2017,Oasis - Waha Pool,,
November,2017,OGT,,
November,2017,ONEOK Westex,2.32,-0.42
November,2017,Opal,,
November,2017,Panhandle,2.37,-0.37
November,2017,PG&E-Citygate,3.21,0.47
November,2017,PG&E-Daggett,,
November,2017,PG&E-KRS,,
November,2017,PG&E-Topock,,
November,2017,PGLC,2.78,0.04
November,2017,Pine Prairie,,
November,2017,Pioneer,,
November,2017,PNGTS,,
November,2017,Questar-North,,
November,2017,Questar-South,,
November,2017,REX Cheyenne Comp Pool,,
November,2017,REX E-ANR,,
November,2017,REX E-MidW,,
November,2017,REX E-NGPL,,
November,2017,REX E-PEPL,,
November,2017,REX E-Trunk,,
November,2017,REX W-ANR,,
November,2017,REX W-NGPL,,
November,2017,REX W-NNG,,
November,2017,REX W-PEPL,,
November,2017,REX-Z3 (receipt) ,,
November,2017,REX-Z3 Del Pool,2.56,-0.18
November,2017,Rover (receipt),,
November,2017,Rover-ANR,,
November,2017,Rover-PEPL,,
November,2017,Ruby-Onyx Hill,,
November,2017,Ruby-Rec Pool,,
November,2017,Ryckman Creek Stor,,
November,2017,Salt Plains Inter,,
November,2017,Salt Plains Stor,,
November,2017,Socal-Blythe,,
November,2017,Socal-Border,2.87,0.13
November,2017,Socal-Citygate,3.63,0.89
November,2017,Socal-Ehrenberg,,
November,2017,Socal-Firm Stor,,
November,2017,Socal-IT Stor,,
November,2017,Socal-Kramer,,
November,2017,Socal-KRS,,
November,2017,Socal-Needles,,
November,2017,Socal-Storage,,
November,2017,Socal-Topock (EP),,
November,2017,Socal-Topock (TW),,
November,2017,Socal-WR,,
November,2017,Sonat-Z0 South,2.66,-0.08
November,2017,Sonat-Z1 North,,
November,2017,Southern Pines Hub,,
November,2017,Southern Star,2.37,-0.37
November,2017,Spectra - Hunt,,
November,2017,Stagecoach ,,
November,2017,Stingray,,
November,2017,TCO,2.44,-0.3
November,2017,TCO-A04 Pool,,
November,2017,TCO-A06 Pool,,
November,2017,TCO-A08 Pool,,
November,2017,TCO-Seg Pool,2.37,-0.37
November,2017,TETCO-ELA,2.64,-0.1
November,2017,TETCO-ETX,2.65,-0.09
November,2017,TETCO-M1 24,,
November,2017,TETCO-M1 30,2.62,-0.12
November,2017,TETCO-M2,,
November,2017,TETCO-M2 (receipt),1.51,-1.23
November,2017,TETCO-M3,1.8,-0.94
November,2017,TETCO-Manhattan,,
November,2017,TETCO-STX,2.68,-0.06
November,2017,TETCO-WLA,2.67,-0.07
November,2017,TGP-500L,2.66,-0.08
November,2017,TGP-800L,2.65,-0.09
November,2017,TGP-Mahwah,,
November,2017,TGP-Niagara,2.18,-0.56
November,2017,TGP-Z0 Border Pool,,
November,2017,TGP-Z0 North,,
November,2017,TGP-Z0 South,,
November,2017,TGP-Z1 100L,,
November,2017,TGP-Z1 800L Pool,,
November,2017,TGP-Z1 Sta-87,,
November,2017,TGP-Z4 300L,1.35,-1.39
November,2017,TGP-Z4 Marcellus,1.35,-1.39
November,2017,TGP-Z4 Sta-219,,
November,2017,TGP-Z4 Sta-313,1.85,-0.89
November,2017,TGP-Z5 200L,1.96,-0.78
November,2017,TGP-Z6 200L,2.7,-0.04
November,2017,TGP-Z6 200L North,,
November,2017,TGP-Z6 200L South,,
November,2017,TGP-Z6 300L,,
November,2017,TGT-Mainline,2.6,-0.14
November,2017,TGT-North LA,,
November,2017,TGT-SL,2.62,-0.12
November,2017,Transco Zn3,2.7,-0.04
November,2017,Transco-165,,
November,2017,Transco-30,2.67,-0.07
November,2017,Transco-45,2.69,-0.05
November,2017,Transco-65,,
November,2017,Transco-85,2.7,-0.04
November,2017,Transco-River Road,,
November,2017,Transco-Z5,2.82,0.08
November,2017,Transco-Z5 North,,
November,2017,Transco-Z5 South,2.83,0.09
November,2017,Transco-Z6 (non-NY north ML),,
November,2017,Transco-Z6 (non-NY north),2.59,-0.15
November,2017,Transco-Z6 (non-NY south),,
November,2017,Transco-Z6 (non-NY),2.59,-0.15
November,2017,Transco-Z6 (NY),2.63,-0.11
November,2017,Transco-Z6 Sta-210,,
November,2017,Tres Palacios (inj),,
November,2017,Tres Palacios (w/d),,
November,2017,Trunkline-ELA,2.61,-0.13
November,2017,Trunkline-WLA,2.61,-0.13
November,2017,Trunkline-Z1A,2.6,-0.14
November,2017,TW-Blanco,2.44,-0.3
November,2017,TW-Central,,
November,2017,TW-Panhandle,2.4,-0.34
November,2017,TW-WTX,,
November,2017,Union-Dawn,2.73,-0.01
November,2017,Waha,2.44,-0.3
November,2017,White River Hub,,
November,2017,WIC,,
November,2017,0,,
November,2017,0,,
November,2017,0,,
November,2017,0,,
December,2017,AB Pool (inter),,
December,2017,AB Pool (intra),,
December,2017,AGT-CG,,
December,2017,AGT-CG (non-G),5.8,2.72
December,2017,Agua Dulce Hub,,
December,2017,ANR-Joliet Hub,,
December,2017,ANR-SE,,
December,2017,ANR-SE-T,2.99,-0.09
December,2017,ANR-SW,2.74,-0.34
December,2017,APC-ACE,,
December,2017,APC-ANR,,
December,2017,APC-MGTC,,
December,2017,APC-NGPL,,
December,2017,APC-Nicor,,
December,2017,APC-VPC,,
December,2017,Arena WTX Pool,,
December,2017,Atmos Zone 3,,
December,2017,Banquete Hub,,
December,2017,Bay Gas Storage,,
December,2017,Bennington,,
December,2017,Beverly Salem,,
December,2017,Bluewater Hub,,
December,2017,Bobcat Inter,,
December,2017,Bobcat Stor,,
December,2017,Carthage,,
December,2017,CG-Mainline,2.96,-0.12
December,2017,CG-Onshore,3.0,-0.08
December,2017,Cheyenne,2.69,-0.39
December,2017,Chicago,3.1,0.02
December,2017,CIG-Mainline,2.66,-0.42
December,2017,CIG-Mainline Pool,,
December,2017,CIG-Mainline South,,
December,2017,Clarington,,
December,2017,Clarington-Tenn,,
December,2017,Consumers,3.08,0.0
December,2017,Cove Point,,
December,2017,Dracut,,
December,2017,Eastern Gas-North,,
December,2017,Eastern Gas-South,,
December,2017,Egan Inter,,
December,2017,Egan Stor,,
December,2017,EGT-Flex,,
December,2017,EGT-North,,
December,2017,EGT-Perryville Hub,2.82,-0.26
December,2017,EGT-South,,
December,2017,EGT-West,,
December,2017,Enable East Pool,,
December,2017,Enable West Pool ,,
December,2017,ENT-STX Map,,
December,2017,EP-Anadarko,,
December,2017,EP-Keystone,,
December,2017,EP-Plains Pool,,
December,2017,EP-S.Mainline,,
December,2017,EP-SJ Blanco Pool,2.54,-0.54
December,2017,EP-SJ Bondad Stn,,
December,2017,EP-Waha Pool,,
December,2017,ETC-Cleburne,,
December,2017,ETC-Maypearl,,
December,2017,ETC-Tiger Gas (receipt),,
December,2017,FGT-CG,,
December,2017,FGT-Z1,3.02,-0.06
December,2017,FGT-Z2,3.04,-0.04
December,2017,FGT-Z3,3.05,-0.03
December,2017,GCX Waha Hub,,
December,2017,Gillis Hub,,
December,2017,GLGT-St.Clair,,
December,2017,Golden Triangle,,
December,2017,GTN-Kingsgate,,
December,2017,GTN-Malin,,
December,2017,GTN-Stanfield,,
December,2017,Guardian Hub,,
December,2017,Gulf S. Pool 16,,
December,2017,Gulf South - Perryville,,
December,2017,Henry,3.08,0.0
December,2017,HPL-ETX Pool,,
December,2017,HSC-HPL Pool,3.0,-0.08
December,2017,HSC-Kinder Morgan,,
December,2017,Iroquois (into),3.95,0.87
December,2017,Iroquois-Z1,,
December,2017,Iroquois-Z2,4.39,1.31
December,2017,Iroquois-Z2 Hunts Pt,,
December,2017,Jefferson Island,,
December,2017,Katy-Enstor Pool,2.98,-0.1
December,2017,Katy-Lonestar Inter,,
December,2017,Katy-Lonestar Intra,,
December,2017,Katy-Oasis,,
December,2017,KRGT-Del Pool,,
December,2017,KRGT-Rec Pool,,
December,2017,Lebanon,2.97,-0.11
December,2017,Leidy,,
December,2017,Leidy-Transco,2.39,-0.69
December,2017,M&N US,,
December,2017,MEP-Lamar,,
December,2017,Michcon,3.02,-0.06
December,2017,Midship (receipt),,
December,2017,Millennium,,
December,2017,Millennium East Pool,2.44,-0.64
December,2017,Millennium-Ramapo,,
December,2017,Moss Bluff Inter,,
December,2017,Moss Bluff Stor,,
December,2017,MS Hub,,
December,2017,NBPL-Bakken (receipt),,
December,2017,NBPL-Harper,,
December,2017,NBPL-Nicor,3.1,0.02
December,2017,NBPL-Vector,,
December,2017,NBPL-Ventura,3.1,0.02
December,2017,NBPL-Will County,,
December,2017,NGPL-AM Pool,,
December,2017,NGPL-AM Stor,,
December,2017,NGPL-GC Mainline,,
December,2017,NGPL-IA/IL AM Pool,,
December,2017,NGPL-IA/IL AM Stor,,
December,2017,NGPL-IA/IL GC Pool,,
December,2017,NGPL-IA/IL GC Stor,,
December,2017,NGPL-LA Pool,,
December,2017,NGPL-LA Stor,,
December,2017,NGPL-MidAm,,
December,2017,NGPL-Midcont Pool,2.74,-0.34
December,2017,NGPL-Midcont Stor,,
December,2017,NGPL-Nicor,3.1,0.02
December,2017,NGPL-Nipsco,3.1,0.02
December,2017,NGPL-STX,2.96,-0.12
December,2017,NGPL-TXOK East,2.9,-0.18
December,2017,NGPL-TXOK East Stor,2.9,-0.18
December,2017,NGPL-TXOK West,2.9,-0.18
December,2017,NNG-Demarc,3.03,-0.05
December,2017,NNG-Mid 13-16A,,
December,2017,NNG-Mid 1-7,,
December,2017,NNG-Mid 8-12,,
December,2017,NNG-Ventura,3.08,0.0
December,2017,Nortex-Tolar Hub,,
December,2017,NWP-Rocky Mtn,2.73,-0.35
December,2017,NWP-Sumas,3.15,0.07
December,2017,NWP-Wyoming,,
December,2017,Oasis - Waha Pool,,
December,2017,OGT,,
December,2017,ONEOK Westex,2.58,-0.5
December,2017,Opal,,
December,2017,Panhandle,2.67,-0.41
December,2017,PG&E-Citygate,3.11,0.03
December,2017,PG&E-Daggett,,
December,2017,PG&E-KRS,,
December,2017,PG&E-Topock,,
December,2017,PGLC,3.04,-0.04
December,2017,Pine Prairie,,
December,2017,Pioneer,,
December,2017,PNGTS,,
December,2017,Questar-North,,
December,2017,Questar-South,,
December,2017,REX Cheyenne Comp Pool,,
December,2017,REX E-ANR,,
December,2017,REX E-MidW,,
December,2017,REX E-NGPL,,
December,2017,REX E-PEPL,,
December,2017,REX E-Trunk,,
December,2017,REX W-ANR,,
December,2017,REX W-NGPL,,
December,2017,REX W-NNG,,
December,2017,REX W-PEPL,,
December,2017,REX-Z3 (receipt) ,,
December,2017,REX-Z3 Del Pool,2.97,-0.11
December,2017,Rover (receipt),,
December,2017,Rover-ANR,,
December,2017,Rover-PEPL,,
December,2017,Ruby-Onyx Hill,,
December,2017,Ruby-Rec Pool,,
December,2017,Ryckman Creek Stor,,
December,2017,Salt Plains Inter,,
December,2017,Salt Plains Stor,,
December,2017,Socal-Blythe,,
December,2017,Socal-Border,3.35,0.27
December,2017,Socal-Citygate,6.4,3.32
December,2017,Socal-Ehrenberg,,
December,2017,Socal-Firm Stor,,
December,2017,Socal-IT Stor,,
December,2017,Socal-Kramer,,
December,2017,Socal-KRS,,
December,2017,Socal-Needles,,
December,2017,Socal-Storage,,
December,2017,Socal-Topock (EP),,
December,2017,Socal-Topock (TW),,
December,2017,Socal-WR,,
December,2017,Sonat-Z0 South,3.02,-0.06
December,2017,Sonat-Z1 North,,
December,2017,Southern Pines Hub,,
December,2017,Southern Star,2.64,-0.44
December,2017,Spectra - Hunt,,
December,2017,Stagecoach ,,
December,2017,Stingray,,
December,2017,TCO,2.91,-0.17
December,2017,TCO-A04 Pool,,
December,2017,TCO-A06 Pool,,
December,2017,TCO-A08 Pool,,
December,2017,TCO-Seg Pool,2.84,-0.24
December,2017,TETCO-ELA,2.97,-0.11
December,2017,TETCO-ETX,2.95,-0.13
December,2017,TETCO-M1 24,,
December,2017,TETCO-M1 30,2.96,-0.12
December,2017,TETCO-M2,,
December,2017,TETCO-M2 (receipt),2.51,-0.57
December,2017,TETCO-M3,3.2,0.12
December,2017,TETCO-Manhattan,,
December,2017,TETCO-STX,2.97,-0.11
December,2017,TETCO-WLA,2.97,-0.11
December,2017,TGP-500L,3.01,-0.07
December,2017,TGP-800L,2.98,-0.1
December,2017,TGP-Mahwah,,
December,2017,TGP-Niagara,2.97,-0.11
December,2017,TGP-Z0 Border Pool,,
December,2017,TGP-Z0 North,,
December,2017,TGP-Z0 South,,
December,2017,TGP-Z1 100L,,
December,2017,TGP-Z1 800L Pool,,
December,2017,TGP-Z1 Sta-87,,
December,2017,TGP-Z4 300L,2.29,-0.79
December,2017,TGP-Z4 Marcellus,2.29,-0.79
December,2017,TGP-Z4 Sta-219,,
December,2017,TGP-Z4 Sta-313,2.51,-0.57
December,2017,TGP-Z5 200L,2.75,-0.33
December,2017,TGP-Z6 200L,6.41,3.33
December,2017,TGP-Z6 200L North,,
December,2017,TGP-Z6 200L South,,
December,2017,TGP-Z6 300L,,
December,2017,TGT-Mainline,2.96,-0.12
December,2017,TGT-North LA,,
December,2017,TGT-SL,2.97,-0.11
December,2017,Transco Zn3,3.05,-0.03
December,2017,Transco-165,,
December,2017,Transco-30,2.99,-0.09
December,2017,Transco-45,3.01,-0.07
December,2017,Transco-65,,
December,2017,Transco-85,3.06,-0.02
December,2017,Transco-River Road,,
December,2017,Transco-Z5,3.67,0.59
December,2017,Transco-Z5 North,,
December,2017,Transco-Z5 South,3.67,0.59
December,2017,Transco-Z6 (non-NY north ML),,
December,2017,Transco-Z6 (non-NY north),3.73,0.65
December,2017,Transco-Z6 (non-NY south),,
December,2017,Transco-Z6 (non-NY),3.73,0.65
December,2017,Transco-Z6 (NY),4.34,1.26
December,2017,Transco-Z6 Sta-210,,
December,2017,Tres Palacios (inj),,
December,2017,Tres Palacios (w/d),,
December,2017,Trunkline-ELA,3.0,-0.08
December,2017,Trunkline-WLA,3.0,-0.08
December,2017,Trunkline-Z1A,2.96,-0.12
December,2017,TW-Blanco,2.55,-0.53
December,2017,TW-Central,,
December,2017,TW-Panhandle,2.5,-0.58
December,2017,TW-WTX,,
December,2017,Union-Dawn,3.25,0.17
December,2017,Waha,2.47,-0.61
December,2017,White River Hub,,
December,2017,WIC,,
December,2017,0,,
December,2017,0,,
December,2017,0,,
December,2017,0,,
January,2018,AB Pool (inter),,
January,2018,AB Pool (intra),,
January,2018,AGT-CG,,
January,2018,AGT-CG (non-G),12.25,9.51
January,2018,Agua Dulce Hub,,
January,2018,ANR-Joliet Hub,,
January,2018,ANR-SE,,
January,2018,ANR-SE-T,2.66,-0.08
January,2018,ANR-SW,2.58,-0.16
January,2018,APC-ACE,,
January,2018,APC-ANR,,
January,2018,APC-MGTC,,
January,2018,APC-NGPL,,
January,2018,APC-Nicor,,
January,2018,APC-VPC,,
January,2018,Arena WTX Pool,,
January,2018,Atmos Zone 3,,
January,2018,Banquete Hub,,
January,2018,Bay Gas Storage,,
January,2018,Bennington,,
January,2018,Beverly Salem,,
January,2018,Bluewater Hub,,
January,2018,Bobcat Inter,,
January,2018,Bobcat Stor,,
January,2018,Carthage,,
January,2018,CG-Mainline,2.61,-0.13
January,2018,CG-Onshore,2.67,-0.07
January,2018,Cheyenne,2.52,-0.22
January,2018,Chicago,3.07,0.33
January,2018,CIG-Mainline,2.4,-0.34
January,2018,CIG-Mainline Pool,,
January,2018,CIG-Mainline South,,
January,2018,Clarington,,
January,2018,Clarington-Tenn,,
January,2018,Consumers,2.78,0.04
January,2018,Cove Point,,
January,2018,Dracut,,
January,2018,Eastern Gas-North,,
January,2018,Eastern Gas-South,,
January,2018,Egan Inter,,
January,2018,Egan Stor,,
January,2018,EGT-Flex,,
January,2018,EGT-North,,
January,2018,EGT-Perryville Hub,2.6,-0.14
January,2018,EGT-South,,
January,2018,EGT-West,,
January,2018,Enable East Pool,,
January,2018,Enable West Pool ,,
January,2018,ENT-STX Map,,
January,2018,EP-Anadarko,,
January,2018,EP-Keystone,,
January,2018,EP-Plains Pool,,
January,2018,EP-S.Mainline,,
January,2018,EP-SJ Blanco Pool,2.43,-0.31
January,2018,EP-SJ Bondad Stn,,
January,2018,EP-Waha Pool,,
January,2018,ETC-Cleburne,,
January,2018,ETC-Maypearl,,
January,2018,ETC-Tiger Gas (receipt),,
January,2018,FGT-CG,,
January,2018,FGT-Z1,2.72,-0.02
January,2018,FGT-Z2,2.73,-0.01
January,2018,FGT-Z3,2.72,-0.02
January,2018,GCX Waha Hub,,
January,2018,Gillis Hub,,
January,2018,GLGT-St.Clair,,
January,2018,Golden Triangle,,
January,2018,GTN-Kingsgate,,
January,2018,GTN-Malin,,
January,2018,GTN-Stanfield,,
January,2018,Guardian Hub,,
January,2018,Gulf S. Pool 16,,
January,2018,Gulf South - Perryville,,
January,2018,Henry,2.74,0.0
January,2018,HPL-ETX Pool,,
January,2018,HSC-HPL Pool,2.66,-0.08
January,2018,HSC-Kinder Morgan,,
January,2018,Iroquois (into),5.39,2.65
January,2018,Iroquois-Z1,,
January,2018,Iroquois-Z2,7.03,4.29
January,2018,Iroquois-Z2 Hunts Pt,,
January,2018,Jefferson Island,,
January,2018,Katy-Enstor Pool,2.68,-0.06
January,2018,Katy-Lonestar Inter,,
January,2018,Katy-Lonestar Intra,,
January,2018,Katy-Oasis,,
January,2018,KRGT-Del Pool,,
January,2018,KRGT-Rec Pool,,
January,2018,Lebanon,2.64,-0.1
January,2018,Leidy,,
January,2018,Leidy-Transco,2.24,-0.5
January,2018,M&N US,,
January,2018,MEP-Lamar,,
January,2018,Michcon,2.69,-0.05
January,2018,Midship (receipt),,
January,2018,Millennium,,
January,2018,Millennium East Pool,2.26,-0.48
January,2018,Millennium-Ramapo,,
January,2018,Moss Bluff Inter,,
January,2018,Moss Bluff Stor,,
January,2018,MS Hub,,
January,2018,NBPL-Bakken (receipt),,
January,2018,NBPL-Harper,,
January,2018,NBPL-Nicor,2.98,0.24
January,2018,NBPL-Vector,,
January,2018,NBPL-Ventura,4.38,1.64
January,2018,NBPL-Will County,,
January,2018,NGPL-AM Pool,,
January,2018,NGPL-AM Stor,,
January,2018,NGPL-GC Mainline,,
January,2018,NGPL-IA/IL AM Pool,,
January,2018,NGPL-IA/IL AM Stor,,
January,2018,NGPL-IA/IL GC Pool,,
January,2018,NGPL-IA/IL GC Stor,,
January,2018,NGPL-LA Pool,,
January,2018,NGPL-LA Stor,,
January,2018,NGPL-MidAm,,
January,2018,NGPL-Midcont Pool,2.38,-0.36
January,2018,NGPL-Midcont Stor,,
January,2018,NGPL-Nicor,2.98,0.24
January,2018,NGPL-Nipsco,3.09,0.35
January,2018,NGPL-STX,2.67,-0.07
January,2018,NGPL-TXOK East,2.57,-0.17
January,2018,NGPL-TXOK East Stor,2.57,-0.17
January,2018,NGPL-TXOK West,2.57,-0.17
January,2018,NNG-Demarc,2.93,0.19
January,2018,NNG-Mid 13-16A,,
January,2018,NNG-Mid 1-7,,
January,2018,NNG-Mid 8-12,,
January,2018,NNG-Ventura,3.56,0.82
January,2018,Nortex-Tolar Hub,,
January,2018,NWP-Rocky Mtn,2.5,-0.24
January,2018,NWP-Sumas,2.9,0.16
January,2018,NWP-Wyoming,,
January,2018,Oasis - Waha Pool,,
January,2018,OGT,,
January,2018,ONEOK Westex,2.33,-0.41
January,2018,Opal,,
January,2018,Panhandle,2.4,-0.34
January,2018,PG&E-Citygate,2.87,0.13
January,2018,PG&E-Daggett,,
January,2018,PG&E-KRS,,
January,2018,PG&E-Topock,,
January,2018,PGLC,3.37,0.63
January,2018,Pine Prairie,,
January,2018,Pioneer,,
January,2018,PNGTS,,
January,2018,Questar-North,,
January,2018,Questar-South,,
January,2018,REX Cheyenne Comp Pool,,
January,2018,REX E-ANR,,
January,2018,REX E-MidW,,
January,2018,REX E-NGPL,,
January,2018,REX E-PEPL,,
January,2018,REX E-Trunk,,
January,2018,REX W-ANR,,
January,2018,REX W-NGPL,,
January,2018,REX W-NNG,,
January,2018,REX W-PEPL,,
January,2018,REX-Z3 (receipt) ,,
January,2018,REX-Z3 Del Pool,2.65,-0.09
January,2018,Rover (receipt),,
January,2018,Rover-ANR,,
January,2018,Rover-PEPL,,
January,2018,Ruby-Onyx Hill,,
January,2018,Ruby-Rec Pool,,
January,2018,Ryckman Creek Stor,,
January,2018,Salt Plains Inter,,
January,2018,Salt Plains Stor,,
January,2018,Socal-Blythe,,
January,2018,Socal-Border,2.96,0.22
January,2018,Socal-Citygate,3.88,1.14
January,2018,Socal-Ehrenberg,,
January,2018,Socal-Firm Stor,,
January,2018,Socal-IT Stor,,
January,2018,Socal-Kramer,,
January,2018,Socal-KRS,,
January,2018,Socal-Needles,,
January,2018,Socal-Storage,,
January,2018,Socal-Topock (EP),,
January,2018,Socal-Topock (TW),,
January,2018,Socal-WR,,
January,2018,Sonat-Z0 South,2.68,-0.06
January,2018,Sonat-Z1 North,,
January,2018,Southern Pines Hub,,
January,2018,Southern Star,2.6,-0.14
January,2018,Spectra - Hunt,,
January,2018,Stagecoach ,,
January,2018,Stingray,,
January,2018,TCO,2.52,-0.22
January,2018,TCO-A04 Pool,,
January,2018,TCO-A06 Pool,,
January,2018,TCO-A08 Pool,,
January,2018,TCO-Seg Pool,2.51,-0.23
January,2018,TETCO-ELA,2.65,-0.09
January,2018,TETCO-ETX,2.63,-0.11
January,2018,TETCO-M1 24,,
January,2018,TETCO-M1 30,2.65,-0.09
January,2018,TETCO-M2,,
January,2018,TETCO-M2 (receipt),2.27,-0.47
January,2018,TETCO-M3,5.18,2.44
January,2018,TETCO-Manhattan,,
January,2018,TETCO-STX,2.66,-0.08
January,2018,TETCO-WLA,2.66,-0.08
January,2018,TGP-500L,2.67,-0.07
January,2018,TGP-800L,2.65,-0.09
January,2018,TGP-Mahwah,,
January,2018,TGP-Niagara,3.33,0.59
January,2018,TGP-Z0 Border Pool,2.62,-0.12
January,2018,TGP-Z0 North,2.62,-0.12
January,2018,TGP-Z0 South,2.62,-0.12
January,2018,TGP-Z1 100L,,
January,2018,TGP-Z1 800L Pool,,
January,2018,TGP-Z1 Sta-87,,
January,2018,TGP-Z4 300L,2.15,-0.59
January,2018,TGP-Z4 Marcellus,2.15,-0.59
January,2018,TGP-Z4 Sta-219,,
January,2018,TGP-Z4 Sta-313,2.28,-0.46
January,2018,TGP-Z5 200L,2.54,-0.2
January,2018,TGP-Z6 200L,12.24,9.5
January,2018,TGP-Z6 200L North,,
January,2018,TGP-Z6 200L South,,
January,2018,TGP-Z6 300L,,
January,2018,TGT-Mainline,2.62,-0.12
January,2018,TGT-North LA,,
January,2018,TGT-SL,2.64,-0.1
January,2018,Transco Zn3,2.72,-0.02
January,2018,Transco-165,,
January,2018,Transco-30,2.68,-0.06
January,2018,Transco-45,2.7,-0.04
January,2018,Transco-65,,
January,2018,Transco-85,2.72,-0.02
January,2018,Transco-River Road,,
January,2018,Transco-Z5,5.63,2.89
January,2018,Transco-Z5 North,,
January,2018,Transco-Z5 South,5.58,2.84
January,2018,Transco-Z6 (non-NY north ML),,
January,2018,Transco-Z6 (non-NY north),5.58,2.84
January,2018,Transco-Z6 (non-NY south),,
January,2018,Transco-Z6 (non-NY),5.58,2.84
January,2018,Transco-Z6 (NY),7.81,5.07
January,2018,Transco-Z6 Sta-210,,
January,2018,Tres Palacios (inj),,
January,2018,Tres Palacios (w/d),,
January,2018,Trunkline-ELA,2.71,-0.03
January,2018,Trunkline-WLA,2.71,-0.03
January,2018,Trunkline-Z1A,2.61,-0.13
January,2018,TW-Blanco,2.46,-0.28
January,2018,TW-Central,,
January,2018,TW-Panhandle,2.29,-0.45
January,2018,TW-WTX,,
January,2018,Union-Dawn,3.0,0.26
January,2018,Waha,2.33,-0.41
January,2018,White River Hub,,
January,2018,WIC,,
January,2018,0,,
January,2018,0,,
January,2018,0,,
January,2018,0,,
February,2018,AB Pool (inter),,
February,2018,AB Pool (intra),,
February,2018,AGT-CG,,
February,2018,AGT-CG (non-G),13.34,9.7
February,2018,Agua Dulce Hub,,
February,2018,ANR-Joliet Hub,,
February,2018,ANR-SE,,
February,2018,ANR-SE-T,3.53,-0.11
February,2018,ANR-SW,2.85,-0.79
February,2018,APC-ACE,,
February,2018,APC-ANR,,
February,2018,APC-MGTC,,
February,2018,APC-NGPL,,
February,2018,APC-Nicor,,
February,2018,APC-VPC,,
February,2018,Arena WTX Pool,,
February,2018,Atmos Zone 3,,
February,2018,Banquete Hub,,
February,2018,Bay Gas Storage,,
February,2018,Bennington,,
February,2018,Beverly Salem,,
February,2018,Bluewater Hub,,
February,2018,Bobcat Inter,,
February,2018,Bobcat Stor,,
February,2018,Carthage,,
February,2018,CG-Mainline,3.49,-0.15
February,2018,CG-Onshore,3.51,-0.13
February,2018,Cheyenne,2.7,-0.94
February,2018,Chicago,4.02,0.38
February,2018,CIG-Mainline,2.73,-0.91
February,2018,CIG-Mainline Pool,,
February,2018,CIG-Mainline South,,
February,2018,Clarington,,
February,2018,Clarington-Tenn,,
February,2018,Consumers,4.02,0.38
February,2018,Cove Point,,
February,2018,Dracut,,
February,2018,Eastern Gas-North,,
February,2018,Eastern Gas-South,,
February,2018,Egan Inter,,
February,2018,Egan Stor,,
February,2018,EGT-Flex,,
February,2018,EGT-North,,
February,2018,EGT-Perryville Hub,3.42,-0.22
February,2018,EGT-South,,
February,2018,EGT-West,,
February,2018,Enable East Pool,,
February,2018,Enable West Pool ,,
February,2018,ENT-STX Map,,
February,2018,EP-Anadarko,,
February,2018,EP-Keystone,,
February,2018,EP-Plains Pool,,
February,2018,EP-S.Mainline,,
February,2018,EP-SJ Blanco Pool,2.7,-0.94
February,2018,EP-SJ Bondad Stn,,
February,2018,EP-Waha Pool,,
February,2018,ETC-Cleburne,,
February,2018,ETC-Maypearl,,
February,2018,ETC-Tiger Gas (receipt),,
February,2018,FGT-CG,,
February,2018,FGT-Z1,3.59,-0.05
February,2018,FGT-Z2,3.61,-0.03
February,2018,FGT-Z3,3.75,0.11
February,2018,GCX Waha Hub,,
February,2018,Gillis Hub,,
February,2018,GLGT-St.Clair,,
February,2018,Golden Triangle,,
February,2018,GTN-Kingsgate,,
February,2018,GTN-Malin,,
February,2018,GTN-Stanfield,,
February,2018,Guardian Hub,,
February,2018,Gulf S. Pool 16,,
February,2018,Gulf South - Perryville,,
February,2018,Henry,3.64,0.0
February,2018,HPL-ETX Pool,,
February,2018,HSC-HPL Pool,3.73,0.09
February,2018,HSC-Kinder Morgan,,
February,2018,Iroquois (into),6.63,2.99
February,2018,Iroquois-Z1,,
February,2018,Iroquois-Z2,11.09,7.45
February,2018,Iroquois-Z2 Hunts Pt,,
February,2018,Jefferson Island,,
February,2018,Katy-Enstor Pool,3.76,0.12
February,2018,Katy-Lonestar Inter,,
February,2018,Katy-Lonestar Intra,,
February,2018,Katy-Oasis,,
February,2018,KRGT-Del Pool,,
February,2018,KRGT-Rec Pool,,
February,2018,Lebanon,3.39,-0.25
February,2018,Leidy,,
February,2018,Leidy-Transco,2.79,-0.85
February,2018,M&N US,,
February,2018,MEP-Lamar,,
February,2018,Michcon,3.42,-0.22
February,2018,Midship (receipt),,
February,2018,Millennium,,
February,2018,Millennium East Pool,2.83,-0.81
February,2018,Millennium-Ramapo,,
February,2018,Moss Bluff Inter,,
February,2018,Moss Bluff Stor,,
February,2018,MS Hub,,
February,2018,NBPL-Bakken (receipt),,
February,2018,NBPL-Harper,,
February,2018,NBPL-Nicor,4.14,0.5
February,2018,NBPL-Vector,,
February,2018,NBPL-Ventura,4.83,1.19
February,2018,NBPL-Will County,,
February,2018,NGPL-AM Pool,,
February,2018,NGPL-AM Stor,,
February,2018,NGPL-GC Mainline,,
February,2018,NGPL-IA/IL AM Pool,,
February,2018,NGPL-IA/IL AM Stor,,
February,2018,NGPL-IA/IL GC Pool,,
February,2018,NGPL-IA/IL GC Stor,,
February,2018,NGPL-LA Pool,,
February,2018,NGPL-LA Stor,,
February,2018,NGPL-MidAm,,
February,2018,NGPL-Midcont Pool,2.98,-0.66
February,2018,NGPL-Midcont Stor,,
February,2018,NGPL-Nicor,4.14,0.5
February,2018,NGPL-Nipsco,4.31,0.67
February,2018,NGPL-STX,3.71,0.07
February,2018,NGPL-TXOK East,3.34,-0.3
February,2018,NGPL-TXOK East Stor,3.34,-0.3
February,2018,NGPL-TXOK West,3.34,-0.3
February,2018,NNG-Demarc,3.32,-0.32
February,2018,NNG-Mid 13-16A,,
February,2018,NNG-Mid 1-7,,
February,2018,NNG-Mid 8-12,,
February,2018,NNG-Ventura,4.9,1.26
February,2018,Nortex-Tolar Hub,,
February,2018,NWP-Rocky Mtn,2.8,-0.84
February,2018,NWP-Sumas,2.53,-1.11
February,2018,NWP-Wyoming,,
February,2018,Oasis - Waha Pool,,
February,2018,OGT,,
February,2018,ONEOK Westex,2.56,-1.08
February,2018,Opal,,
February,2018,Panhandle,2.81,-0.83
February,2018,PG&E-Citygate,2.97,-0.67
February,2018,PG&E-Daggett,,
February,2018,PG&E-KRS,,
February,2018,PG&E-Topock,,
February,2018,PGLC,4.19,0.55
February,2018,Pine Prairie,,
February,2018,Pioneer,,
February,2018,PNGTS,,
February,2018,Questar-North,,
February,2018,Questar-South,,
February,2018,REX Cheyenne Comp Pool,,
February,2018,REX E-ANR,,
February,2018,REX E-MidW,,
February,2018,REX E-NGPL,,
February,2018,REX E-PEPL,,
February,2018,REX E-Trunk,,
February,2018,REX W-ANR,,
February,2018,REX W-NGPL,,
February,2018,REX W-NNG,,
February,2018,REX W-PEPL,,
February,2018,REX-Z3 (receipt) ,,
February,2018,REX-Z3 Del Pool,3.44,-0.2
February,2018,Rover (receipt),,
February,2018,Rover-ANR,,
February,2018,Rover-PEPL,,
February,2018,Ruby-Onyx Hill,,
February,2018,Ruby-Rec Pool,,
February,2018,Ryckman Creek Stor,,
February,2018,Salt Plains Inter,,
February,2018,Salt Plains Stor,,
February,2018,Socal-Blythe,,
February,2018,Socal-Border,2.87,-0.77
February,2018,Socal-Citygate,3.31,-0.33
February,2018,Socal-Ehrenberg,,
February,2018,Socal-Firm Stor,,
February,2018,Socal-IT Stor,,
February,2018,Socal-Kramer,,
February,2018,Socal-KRS,,
February,2018,Socal-Needles,,
February,2018,Socal-Storage,,
February,2018,Socal-Topock (EP),,
February,2018,Socal-Topock (TW),,
February,2018,Socal-WR,,
February,2018,Sonat-Z0 South,3.58,-0.06
February,2018,Sonat-Z1 North,,
February,2018,Southern Pines Hub,,
February,2018,Southern Star,2.89,-0.75
February,2018,Spectra - Hunt,,
February,2018,Stagecoach ,,
February,2018,Stingray,,
February,2018,TCO,3.34,-0.3
February,2018,TCO-A04 Pool,,
February,2018,TCO-A06 Pool,,
February,2018,TCO-A08 Pool,,
February,2018,TCO-Seg Pool,3.34,-0.3
February,2018,TETCO-ELA,3.53,-0.11
February,2018,TETCO-ETX,3.55,-0.09
February,2018,TETCO-M1 24,,
February,2018,TETCO-M1 30,3.58,-0.06
February,2018,TETCO-M2,,
February,2018,TETCO-M2 (receipt),3.02,-0.62
February,2018,TETCO-M3,8.33,4.69
February,2018,TETCO-Manhattan,,
February,2018,TETCO-STX,3.64,0.0
February,2018,TETCO-WLA,3.59,-0.05
February,2018,TGP-500L,3.59,-0.05
February,2018,TGP-800L,2.54,-1.1
February,2018,TGP-Mahwah,,
February,2018,TGP-Niagara,4.58,0.94
February,2018,TGP-Z0 Border Pool,3.51,-0.13
February,2018,TGP-Z0 North,3.51,-0.13
February,2018,TGP-Z0 South,3.51,-0.13
February,2018,TGP-Z1 100L,,
February,2018,TGP-Z1 800L Pool,,
February,2018,TGP-Z1 Sta-87,,
February,2018,TGP-Z4 300L,2.72,-0.92
February,2018,TGP-Z4 Marcellus,2.72,-0.92
February,2018,TGP-Z4 Sta-219,,
February,2018,TGP-Z4 Sta-313,2.84,-0.8
February,2018,TGP-Z5 200L,3.46,-0.18
February,2018,TGP-Z6 200L,13.52,9.88
February,2018,TGP-Z6 200L North,,
February,2018,TGP-Z6 200L South,,
February,2018,TGP-Z6 300L,,
February,2018,TGT-Mainline,3.53,-0.11
February,2018,TGT-North LA,,
February,2018,TGT-SL,3.58,-0.06
February,2018,Transco Zn3,3.69,0.05
February,2018,Transco-165,,
February,2018,Transco-30,3.63,-0.01
February,2018,Transco-45,3.65,0.01
February,2018,Transco-65,,
February,2018,Transco-85,3.72,0.08
February,2018,Transco-River Road,,
February,2018,Transco-Z5,9.98,6.34
February,2018,Transco-Z5 North,,
February,2018,Transco-Z5 South,9.98,6.34
February,2018,Transco-Z6 (non-NY north ML),,
February,2018,Transco-Z6 (non-NY north),9.82,6.18
February,2018,Transco-Z6 (non-NY south),,
February,2018,Transco-Z6 (non-NY),9.82,6.18
February,2018,Transco-Z6 (NY),11.86,8.22
February,2018,Transco-Z6 Sta-210,,
February,2018,Tres Palacios (inj),,
February,2018,Tres Palacios (w/d),,
February,2018,Trunkline-ELA,3.6,-0.04
February,2018,Trunkline-WLA,3.6,-0.04
February,2018,Trunkline-Z1A,3.54,-0.1
February,2018,TW-Blanco,2.82,-0.82
February,2018,TW-Central,,
February,2018,TW-Panhandle,2.64,-1.0
February,2018,TW-WTX,,
February,2018,Union-Dawn,4.13,0.49
February,2018,Waha,2.78,-0.86
February,2018,White River Hub,,
February,2018,WIC,,
February,2018,0,,
February,2018,0,,
February,2018,0,,
February,2018,0,,
March,2018,AB Pool (inter),,
March,2018,AB Pool (intra),,
March,2018,AGT-CG,,
March,2018,AGT-CG (non-G),3.42,0.78
March,2018,Agua Dulce Hub,,
March,2018,ANR-Joliet Hub,,
March,2018,ANR-SE,,
March,2018,ANR-SE-T,2.52,-0.12
March,2018,ANR-SW,2.16,-0.48
March,2018,APC-ACE,,
March,2018,APC-ANR,,
March,2018,APC-MGTC,,
March,2018,APC-NGPL,,
March,2018,APC-Nicor,,
March,2018,APC-VPC,,
March,2018,Arena WTX Pool,,
March,2018,Atmos Zone 3,,
March,2018,Banquete Hub,,
March,2018,Bay Gas Storage,,
March,2018,Bennington,,
March,2018,Beverly Salem,,
March,2018,Bluewater Hub,,
March,2018,Bobcat Inter,,
March,2018,Bobcat Stor,,
March,2018,Carthage,,
March,2018,CG-Mainline,2.49,-0.15
March,2018,CG-Onshore,2.5,-0.14
March,2018,Cheyenne,2.15,-0.49
March,2018,Chicago,2.56,-0.08
March,2018,CIG-Mainline,2.13,-0.51
March,2018,CIG-Mainline Pool,,
March,2018,CIG-Mainline South,,
March,2018,Clarington,,
March,2018,Clarington-Tenn,,
March,2018,Consumers,2.56,-0.08
March,2018,Cove Point,,
March,2018,Dracut,,
March,2018,Eastern Gas-North,,
March,2018,Eastern Gas-South,,
March,2018,Egan Inter,,
March,2018,Egan Stor,,
March,2018,EGT-Flex,,
March,2018,EGT-North,,
March,2018,EGT-Perryville Hub,2.37,-0.27
March,2018,EGT-South,,
March,2018,EGT-West,,
March,2018,Enable East Pool,,
March,2018,Enable West Pool ,,
March,2018,ENT-STX Map,,
March,2018,EP-Anadarko,,
March,2018,EP-Keystone,,
March,2018,EP-Plains Pool,,
March,2018,EP-S.Mainline,,
March,2018,EP-SJ Blanco Pool,2.05,-0.59
March,2018,EP-SJ Bondad Stn,,
March,2018,EP-Waha Pool,,
March,2018,ETC-Cleburne,,
March,2018,ETC-Maypearl,,
March,2018,ETC-Tiger Gas (receipt),,
March,2018,FGT-CG,,
March,2018,FGT-Z1,2.58,-0.06
March,2018,FGT-Z2,2.59,-0.05
March,2018,FGT-Z3,2.66,0.02
March,2018,GCX Waha Hub,,
March,2018,Gillis Hub,,
March,2018,GLGT-St.Clair,,
March,2018,Golden Triangle,,
March,2018,GTN-Kingsgate,,
March,2018,GTN-Malin,,
March,2018,GTN-Stanfield,,
March,2018,Guardian Hub,,
March,2018,Gulf S. Pool 16,,
March,2018,Gulf South - Perryville,,
March,2018,Henry,2.64,0.0
March,2018,HPL-ETX Pool,,
March,2018,HSC-HPL Pool,2.61,-0.03
March,2018,HSC-Kinder Morgan,,
March,2018,Iroquois (into),2.86,0.22
March,2018,Iroquois-Z1,,
March,2018,Iroquois-Z2,3.01,0.37
March,2018,Iroquois-Z2 Hunts Pt,,
March,2018,Jefferson Island,,
March,2018,Katy-Enstor Pool,2.6,-0.04
March,2018,Katy-Lonestar Inter,,
March,2018,Katy-Lonestar Intra,,
March,2018,Katy-Oasis,,
March,2018,KRGT-Del Pool,,
March,2018,KRGT-Rec Pool,,
March,2018,Lebanon,2.45,-0.19
March,2018,Leidy,,
March,2018,Leidy-Transco,1.97,-0.67
March,2018,M&N US,,
March,2018,MEP-Lamar,,
March,2018,Michcon,2.49,-0.15
March,2018,Midship (receipt),,
March,2018,Millennium,,
March,2018,Millennium East Pool,1.99,-0.65
March,2018,Millennium-Ramapo,,
March,2018,Moss Bluff Inter,,
March,2018,Moss Bluff Stor,,
March,2018,MS Hub,,
March,2018,NBPL-Bakken (receipt),,
March,2018,NBPL-Harper,,
March,2018,NBPL-Nicor,2.52,-0.12
March,2018,NBPL-Vector,,
March,2018,NBPL-Ventura,2.37,-0.27
March,2018,NBPL-Will County,,
March,2018,NGPL-AM Pool,,
March,2018,NGPL-AM Stor,,
March,2018,NGPL-GC Mainline,,
March,2018,NGPL-IA/IL AM Pool,,
March,2018,NGPL-IA/IL AM Stor,,
March,2018,NGPL-IA/IL GC Pool,,
March,2018,NGPL-IA/IL GC Stor,,
March,2018,NGPL-LA Pool,,
March,2018,NGPL-LA Stor,,
March,2018,NGPL-MidAm,,
March,2018,NGPL-Midcont Pool,2.2,-0.44
March,2018,NGPL-Midcont Stor,,
March,2018,NGPL-Nicor,2.52,-0.12
March,2018,NGPL-Nipsco,2.52,-0.12
March,2018,NGPL-STX,2.59,-0.05
March,2018,NGPL-TXOK East,2.48,-0.16
March,2018,NGPL-TXOK East Stor,2.48,-0.16
March,2018,NGPL-TXOK West,2.48,-0.16
March,2018,NNG-Demarc,2.47,-0.17
March,2018,NNG-Mid 13-16A,,
March,2018,NNG-Mid 1-7,,
March,2018,NNG-Mid 8-12,,
March,2018,NNG-Ventura,2.4,-0.24
March,2018,Nortex-Tolar Hub,,
March,2018,NWP-Rocky Mtn,2.17,-0.47
March,2018,NWP-Sumas,1.96,-0.68
March,2018,NWP-Wyoming,,
March,2018,Oasis - Waha Pool,,
March,2018,OGT,,
March,2018,ONEOK Westex,1.67,-0.97
March,2018,Opal,,
March,2018,Panhandle,2.07,-0.57
March,2018,PG&E-Citygate,2.76,0.12
March,2018,PG&E-Daggett,,
March,2018,PG&E-KRS,,
March,2018,PG&E-Topock,,
March,2018,PGLC,2.48,-0.16
March,2018,Pine Prairie,,
March,2018,Pioneer,,
March,2018,PNGTS,,
March,2018,Questar-North,,
March,2018,Questar-South,,
March,2018,REX Cheyenne Comp Pool,,
March,2018,REX E-ANR,,
March,2018,REX E-MidW,,
March,2018,REX E-NGPL,,
March,2018,REX E-PEPL,,
March,2018,REX E-Trunk,,
March,2018,REX W-ANR,,
March,2018,REX W-NGPL,,
March,2018,REX W-NNG,,
March,2018,REX W-PEPL,,
March,2018,REX-Z3 (receipt) ,,
March,2018,REX-Z3 Del Pool,2.45,-0.19
March,2018,Rover (receipt),,
March,2018,Rover-ANR,,
March,2018,Rover-PEPL,,
March,2018,Ruby-Onyx Hill,,
March,2018,Ruby-Rec Pool,,
March,2018,Ryckman Creek Stor,,
March,2018,Salt Plains Inter,,
March,2018,Salt Plains Stor,,
March,2018,Socal-Blythe,,
March,2018,Socal-Border,2.31,-0.33
March,2018,Socal-Citygate,3.11,0.47
March,2018,Socal-Ehrenberg,,
March,2018,Socal-Firm Stor,,
March,2018,Socal-IT Stor,,
March,2018,Socal-Kramer,,
March,2018,Socal-KRS,,
March,2018,Socal-Needles,,
March,2018,Socal-Storage,,
March,2018,Socal-Topock (EP),,
March,2018,Socal-Topock (TW),,
March,2018,Socal-WR,,
March,2018,Sonat-Z0 South,2.57,-0.07
March,2018,Sonat-Z1 North,,
March,2018,Southern Pines Hub,,
March,2018,Southern Star,2.11,-0.53
March,2018,Spectra - Hunt,,
March,2018,Stagecoach ,,
March,2018,Stingray,,
March,2018,TCO,2.37,-0.27
March,2018,TCO-A04 Pool,,
March,2018,TCO-A06 Pool,,
March,2018,TCO-A08 Pool,,
March,2018,TCO-Seg Pool,2.35,-0.29
March,2018,TETCO-ELA,2.52,-0.12
March,2018,TETCO-ETX,2.53,-0.11
March,2018,TETCO-M1 24,,
March,2018,TETCO-M1 30,2.52,-0.12
March,2018,TETCO-M2,,
March,2018,TETCO-M2 (receipt),2.11,-0.53
March,2018,TETCO-M3,2.44,-0.2
March,2018,TETCO-Manhattan,,
March,2018,TETCO-STX,2.56,-0.08
March,2018,TETCO-WLA,2.56,-0.08
March,2018,TGP-500L,2.57,-0.07
March,2018,TGP-800L,2.55,-0.09
March,2018,TGP-Mahwah,,
March,2018,TGP-Niagara,2.61,-0.03
March,2018,TGP-Z0 Border Pool,2.5,-0.14
March,2018,TGP-Z0 North,2.5,-0.14
March,2018,TGP-Z0 South,2.5,-0.14
March,2018,TGP-Z1 100L,,
March,2018,TGP-Z1 800L Pool,,
March,2018,TGP-Z1 Sta-87,,
March,2018,TGP-Z4 300L,1.86,-0.78
March,2018,TGP-Z4 Marcellus,1.86,-0.78
March,2018,TGP-Z4 Sta-219,,
March,2018,TGP-Z4 Sta-313,2.09,-0.55
March,2018,TGP-Z5 200L,2.45,-0.19
March,2018,TGP-Z6 200L,,
March,2018,TGP-Z6 200L North,,
March,2018,TGP-Z6 200L South,,
March,2018,TGP-Z6 300L,,
March,2018,TGT-Mainline,2.5,-0.14
March,2018,TGT-North LA,,
March,2018,TGT-SL,2.56,-0.08
March,2018,Transco Zn3,2.61,-0.03
March,2018,Transco-165,,
March,2018,Transco-30,2.58,-0.06
March,2018,Transco-45,2.6,-0.04
March,2018,Transco-65,,
March,2018,Transco-85,2.62,-0.02
March,2018,Transco-River Road,,
March,2018,Transco-Z5,2.99,0.35
March,2018,Transco-Z5 North,,
March,2018,Transco-Z5 South,2.99,0.35
March,2018,Transco-Z6 (non-NY north ML),,
March,2018,Transco-Z6 (non-NY north),2.89,0.25
March,2018,Transco-Z6 (non-NY south),,
March,2018,Transco-Z6 (non-NY),2.89,0.25
March,2018,Transco-Z6 (NY),2.98,0.34
March,2018,Transco-Z6 Sta-210,,
March,2018,Tres Palacios (inj),,
March,2018,Tres Palacios (w/d),,
March,2018,Trunkline-ELA,2.61,-0.03
March,2018,Trunkline-WLA,2.61,-0.03
March,2018,Trunkline-Z1A,2.51,-0.13
March,2018,TW-Blanco,2.07,-0.57
March,2018,TW-Central,,
March,2018,TW-Panhandle,1.92,-0.72
March,2018,TW-WTX,,
March,2018,Union-Dawn,2.6,-0.04
March,2018,Waha,1.93,-0.71
March,2018,White River Hub,,
March,2018,WIC,,
March,2018,0,,
March,2018,0,,
March,2018,0,,
March,2018,0,,
April,2018,AB Pool (inter),,
April,2018,AB Pool (intra),,
April,2018,AGT-CG,,
April,2018,AGT-CG (non-G),4.14,1.45
April,2018,Agua Dulce Hub,,
April,2018,ANR-Joliet Hub,,
April,2018,ANR-SE,,
April,2018,ANR-SE-T,2.57,-0.12
April,2018,ANR-SW,1.95,-0.74
April,2018,APC-ACE,,
April,2018,APC-ANR,,
April,2018,APC-MGTC,,
April,2018,APC-NGPL,,
April,2018,APC-Nicor,,
April,2018,APC-VPC,,
April,2018,Arena WTX Pool,,
April,2018,Atmos Zone 3,,
April,2018,Banquete Hub,,
April,2018,Bay Gas Storage,,
April,2018,Bennington,,
April,2018,Beverly Salem,,
April,2018,Bluewater Hub,,
April,2018,Bobcat Inter,,
April,2018,Bobcat Stor,,
April,2018,Carthage,,
April,2018,CG-Mainline,2.55,-0.14
April,2018,CG-Onshore,2.57,-0.12
April,2018,Cheyenne,1.89,-0.8
April,2018,Chicago,2.46,-0.23
April,2018,CIG-Mainline,1.74,-0.95
April,2018,CIG-Mainline Pool,,
April,2018,CIG-Mainline South,,
April,2018,Clarington,,
April,2018,Clarington-Tenn,,
April,2018,Consumers,2.59,-0.1
April,2018,Cove Point,,
April,2018,Dracut,,
April,2018,Eastern Gas-North,,
April,2018,Eastern Gas-South,,
April,2018,Egan Inter,,
April,2018,Egan Stor,,
April,2018,EGT-Flex,,
April,2018,EGT-North,,
April,2018,EGT-Perryville Hub,2.34,-0.35
April,2018,EGT-South,,
April,2018,EGT-West,,
April,2018,Enable East Pool,,
April,2018,Enable West Pool ,,
April,2018,ENT-STX Map,,
April,2018,EP-Anadarko,,
April,2018,EP-Keystone,,
April,2018,EP-Plains Pool,,
April,2018,EP-S.Mainline,,
April,2018,EP-SJ Blanco Pool,1.52,-1.17
April,2018,EP-SJ Bondad Stn,,
April,2018,EP-Waha Pool,,
April,2018,ETC-Cleburne,,
April,2018,ETC-Maypearl,,
April,2018,ETC-Tiger Gas (receipt),,
April,2018,FGT-CG,,
April,2018,FGT-Z1,2.64,-0.05
April,2018,FGT-Z2,2.65,-0.04
April,2018,FGT-Z3,2.71,0.02
April,2018,GCX Waha Hub,,
April,2018,Gillis Hub,,
April,2018,GLGT-St.Clair,,
April,2018,Golden Triangle,,
April,2018,GTN-Kingsgate,,
April,2018,GTN-Malin,,
April,2018,GTN-Stanfield,,
April,2018,Guardian Hub,,
April,2018,Gulf S. Pool 16,,
April,2018,Gulf South - Perryville,,
April,2018,Henry,2.69,0.0
April,2018,HPL-ETX Pool,,
April,2018,HSC-HPL Pool,2.77,0.08
April,2018,HSC-Kinder Morgan,,
April,2018,Iroquois (into),2.73,0.04
April,2018,Iroquois-Z1,,
April,2018,Iroquois-Z2,2.86,0.17
April,2018,Iroquois-Z2 Hunts Pt,,
April,2018,Jefferson Island,,
April,2018,Katy-Enstor Pool,2.74,0.05
April,2018,Katy-Lonestar Inter,,
April,2018,Katy-Lonestar Intra,,
April,2018,Katy-Oasis,,
April,2018,KRGT-Del Pool,,
April,2018,KRGT-Rec Pool,,
April,2018,Lebanon,2.44,-0.25
April,2018,Leidy,,
April,2018,Leidy-Transco,2.17,-0.52
April,2018,M&N US,,
April,2018,MEP-Lamar,,
April,2018,Michcon,2.54,-0.15
April,2018,Midship (receipt),,
April,2018,Millennium,,
April,2018,Millennium East Pool,2.15,-0.54
April,2018,Millennium-Ramapo,,
April,2018,Moss Bluff Inter,,
April,2018,Moss Bluff Stor,,
April,2018,MS Hub,,
April,2018,NBPL-Bakken (receipt),,
April,2018,NBPL-Harper,,
April,2018,NBPL-Nicor,2.46,-0.23
April,2018,NBPL-Vector,,
April,2018,NBPL-Ventura,2.35,-0.34
April,2018,NBPL-Will County,,
April,2018,NGPL-AM Pool,,
April,2018,NGPL-AM Stor,,
April,2018,NGPL-GC Mainline,,
April,2018,NGPL-IA/IL AM Pool,,
April,2018,NGPL-IA/IL AM Stor,,
April,2018,NGPL-IA/IL GC Pool,,
April,2018,NGPL-IA/IL GC Stor,,
April,2018,NGPL-LA Pool,,
April,2018,NGPL-LA Stor,,
April,2018,NGPL-MidAm,,
April,2018,NGPL-Midcont Pool,2.11,-0.58
April,2018,NGPL-Midcont Stor,,
April,2018,NGPL-Nicor,2.46,-0.23
April,2018,NGPL-Nipsco,2.46,-0.23
April,2018,NGPL-STX,2.64,-0.05
April,2018,NGPL-TXOK East,2.53,-0.16
April,2018,NGPL-TXOK East Stor,2.53,-0.16
April,2018,NGPL-TXOK West,2.53,-0.16
April,2018,NNG-Demarc,2.31,-0.38
April,2018,NNG-Mid 13-16A,,
April,2018,NNG-Mid 1-7,,
April,2018,NNG-Mid 8-12,,
April,2018,NNG-Ventura,2.36,-0.33
April,2018,Nortex-Tolar Hub,,
April,2018,NWP-Rocky Mtn,1.85,-0.84
April,2018,NWP-Sumas,1.75,-0.94
April,2018,NWP-Wyoming,,
April,2018,Oasis - Waha Pool,,
April,2018,OGT,,
April,2018,ONEOK Westex,1.05,-1.64
April,2018,Opal,,
April,2018,Panhandle,1.96,-0.73
April,2018,PG&E-Citygate,2.59,-0.1
April,2018,PG&E-Daggett,,
April,2018,PG&E-KRS,,
April,2018,PG&E-Topock,,
April,2018,PGLC,2.44,-0.25
April,2018,Pine Prairie,,
April,2018,Pioneer,,
April,2018,PNGTS,,
April,2018,Questar-North,,
April,2018,Questar-South,,
April,2018,REX Cheyenne Comp Pool,,
April,2018,REX E-ANR,,
April,2018,REX E-MidW,,
April,2018,REX E-NGPL,,
April,2018,REX E-PEPL,,
April,2018,REX E-Trunk,,
April,2018,REX W-ANR,,
April,2018,REX W-NGPL,,
April,2018,REX W-NNG,,
April,2018,REX W-PEPL,,
April,2018,REX-Z3 (receipt) ,,
April,2018,REX-Z3 Del Pool,2.44,-0.25
April,2018,Rover (receipt),,
April,2018,Rover-ANR,,
April,2018,Rover-PEPL,,
April,2018,Ruby-Onyx Hill,,
April,2018,Ruby-Rec Pool,,
April,2018,Ryckman Creek Stor,,
April,2018,Salt Plains Inter,,
April,2018,Salt Plains Stor,,
April,2018,Socal-Blythe,,
April,2018,Socal-Border,1.99,-0.7
April,2018,Socal-Citygate,2.7,0.01
April,2018,Socal-Ehrenberg,,
April,2018,Socal-Firm Stor,,
April,2018,Socal-IT Stor,,
April,2018,Socal-Kramer,,
April,2018,Socal-KRS,,
April,2018,Socal-Needles,,
April,2018,Socal-Storage,,
April,2018,Socal-Topock (EP),,
April,2018,Socal-Topock (TW),,
April,2018,Socal-WR,,
April,2018,Sonat-Z0 South,2.63,-0.06
April,2018,Sonat-Z1 North,,
April,2018,Southern Pines Hub,,
April,2018,Southern Star,1.94,-0.75
April,2018,Spectra - Hunt,,
April,2018,Stagecoach ,,
April,2018,Stingray,,
April,2018,TCO,2.5,-0.19
April,2018,TCO-A04 Pool,,
April,2018,TCO-A06 Pool,,
April,2018,TCO-A08 Pool,,
April,2018,TCO-Seg Pool,2.3,-0.39
April,2018,TETCO-ELA,2.59,-0.1
April,2018,TETCO-ETX,2.6,-0.09
April,2018,TETCO-M1 24,,
April,2018,TETCO-M1 30,2.58,-0.11
April,2018,TETCO-M2,,
April,2018,TETCO-M2 (receipt),2.22,-0.47
April,2018,TETCO-M3,2.32,-0.37
April,2018,TETCO-Manhattan,,
April,2018,TETCO-STX,2.65,-0.04
April,2018,TETCO-WLA,2.62,-0.07
April,2018,TGP-500L,2.62,-0.07
April,2018,TGP-800L,2.6,-0.09
April,2018,TGP-Mahwah,,
April,2018,TGP-Niagara,2.59,-0.1
April,2018,TGP-Z0 Border Pool,2.57,-0.12
April,2018,TGP-Z0 North,2.57,-0.12
April,2018,TGP-Z0 South,2.57,-0.12
April,2018,TGP-Z1 100L,,
April,2018,TGP-Z1 800L Pool,,
April,2018,TGP-Z1 Sta-87,,
April,2018,TGP-Z4 300L,2.05,-0.64
April,2018,TGP-Z4 Marcellus,2.05,-0.64
April,2018,TGP-Z4 Sta-219,,
April,2018,TGP-Z4 Sta-313,2.35,-0.34
April,2018,TGP-Z5 200L,2.42,-0.27
April,2018,TGP-Z6 200L,4.21,1.52
April,2018,TGP-Z6 200L North,,
April,2018,TGP-Z6 200L South,,
April,2018,TGP-Z6 300L,,
April,2018,TGT-Mainline,2.55,-0.14
April,2018,TGT-North LA,,
April,2018,TGT-SL,2.59,-0.1
April,2018,Transco Zn3,2.64,-0.05
April,2018,Transco-165,,
April,2018,Transco-30,2.63,-0.06
April,2018,Transco-45,2.64,-0.05
April,2018,Transco-65,,
April,2018,Transco-85,2.65,-0.04
April,2018,Transco-River Road,,
April,2018,Transco-Z5,2.76,0.07
April,2018,Transco-Z5 North,,
April,2018,Transco-Z5 South,2.76,0.07
April,2018,Transco-Z6 (non-NY north ML),,
April,2018,Transco-Z6 (non-NY north),2.6,-0.09
April,2018,Transco-Z6 (non-NY south),,
April,2018,Transco-Z6 (non-NY),2.6,-0.09
April,2018,Transco-Z6 (NY),2.63,-0.06
April,2018,Transco-Z6 Sta-210,,
April,2018,Tres Palacios (inj),,
April,2018,Tres Palacios (w/d),,
April,2018,Trunkline-ELA,2.6,-0.09
April,2018,Trunkline-WLA,2.6,-0.09
April,2018,Trunkline-Z1A,2.52,-0.17
April,2018,TW-Blanco,1.64,-1.05
April,2018,TW-Central,,
April,2018,TW-Panhandle,1.29,-1.4
April,2018,TW-WTX,,
April,2018,Union-Dawn,2.6,-0.09
April,2018,Waha,1.32,-1.37
April,2018,White River Hub,,
April,2018,WIC,,
April,2018,0,,
April,2018,0,,
April,2018,0,,
April,2018,0,,
May,2018,AB Pool (inter),,
May,2018,AB Pool (intra),,
May,2018,AGT-CG,,
May,2018,AGT-CG (non-G),2.65,-0.17
May,2018,Agua Dulce Hub,,
May,2018,ANR-Joliet Hub,,
May,2018,ANR-SE,,
May,2018,ANR-SE-T,2.69,-0.13
May,2018,ANR-SW,2.03,-0.79
May,2018,APC-ACE,,
May,2018,APC-ANR,,
May,2018,APC-MGTC,,
May,2018,APC-NGPL,,
May,2018,APC-Nicor,,
May,2018,APC-VPC,,
May,2018,Arena WTX Pool,,
May,2018,Atmos Zone 3,,
May,2018,Banquete Hub,,
May,2018,Bay Gas Storage,,
May,2018,Bennington,,
May,2018,Beverly Salem,,
May,2018,Bluewater Hub,,
May,2018,Bobcat Inter,,
May,2018,Bobcat Stor,,
May,2018,Carthage,,
May,2018,CG-Mainline,2.67,-0.15
May,2018,CG-Onshore,2.72,-0.1
May,2018,Cheyenne,1.91,-0.91
May,2018,Chicago,2.58,-0.24
May,2018,CIG-Mainline,1.8,-1.02
May,2018,CIG-Mainline Pool,,
May,2018,CIG-Mainline South,,
May,2018,Clarington,,
May,2018,Clarington-Tenn,,
May,2018,Consumers,2.74,-0.08
May,2018,Cove Point,,
May,2018,Dracut,,
May,2018,Eastern Gas-North,,
May,2018,Eastern Gas-South,,
May,2018,Egan Inter,,
May,2018,Egan Stor,,
May,2018,EGT-Flex,,
May,2018,EGT-North,,
May,2018,EGT-Perryville Hub,2.48,-0.34
May,2018,EGT-South,,
May,2018,EGT-West,,
May,2018,Enable East Pool,,
May,2018,Enable West Pool ,,
May,2018,ENT-STX Map,,
May,2018,EP-Anadarko,,
May,2018,EP-Keystone,,
May,2018,EP-Plains Pool,,
May,2018,EP-S.Mainline,,
May,2018,EP-SJ Blanco Pool,1.71,-1.11
May,2018,EP-SJ Bondad Stn,,
May,2018,EP-Waha Pool,,
May,2018,ETC-Cleburne,,
May,2018,ETC-Maypearl,,
May,2018,ETC-Tiger Gas (receipt),,
May,2018,FGT-CG,,
May,2018,FGT-Z1,2.79,-0.03
May,2018,FGT-Z2,2.78,-0.04
May,2018,FGT-Z3,2.83,0.01
May,2018,GCX Waha Hub,,
May,2018,Gillis Hub,,
May,2018,GLGT-St.Clair,,
May,2018,Golden Triangle,,
May,2018,GTN-Kingsgate,,
May,2018,GTN-Malin,,
May,2018,GTN-Stanfield,,
May,2018,Guardian Hub,,
May,2018,Gulf S. Pool 16,,
May,2018,Gulf South - Perryville,,
May,2018,Henry,2.82,0.0
May,2018,HPL-ETX Pool,,
May,2018,HSC-HPL Pool,2.91,0.09
May,2018,HSC-Kinder Morgan,,
May,2018,Iroquois (into),2.69,-0.13
May,2018,Iroquois-Z1,,
May,2018,Iroquois-Z2,2.67,-0.15
May,2018,Iroquois-Z2 Hunts Pt,,
May,2018,Jefferson Island,,
May,2018,Katy-Enstor Pool,2.87,0.05
May,2018,Katy-Lonestar Inter,,
May,2018,Katy-Lonestar Intra,,
May,2018,Katy-Oasis,,
May,2018,KRGT-Del Pool,,
May,2018,KRGT-Rec Pool,,
May,2018,Lebanon,2.55,-0.27
May,2018,Leidy,,
May,2018,Leidy-Transco,1.99,-0.83
May,2018,M&N US,,
May,2018,MEP-Lamar,,
May,2018,Michcon,2.7,-0.12
May,2018,Midship (receipt),,
May,2018,Millennium,,
May,2018,Millennium East Pool,2.0,-0.82
May,2018,Millennium-Ramapo,,
May,2018,Moss Bluff Inter,,
May,2018,Moss Bluff Stor,,
May,2018,MS Hub,,
May,2018,NBPL-Bakken (receipt),,
May,2018,NBPL-Harper,,
May,2018,NBPL-Nicor,2.59,-0.23
May,2018,NBPL-Vector,,
May,2018,NBPL-Ventura,2.38,-0.44
May,2018,NBPL-Will County,,
May,2018,NGPL-AM Pool,,
May,2018,NGPL-AM Stor,,
May,2018,NGPL-GC Mainline,,
May,2018,NGPL-IA/IL AM Pool,,
May,2018,NGPL-IA/IL AM Stor,,
May,2018,NGPL-IA/IL GC Pool,,
May,2018,NGPL-IA/IL GC Stor,,
May,2018,NGPL-LA Pool,,
May,2018,NGPL-LA Stor,,
May,2018,NGPL-MidAm,,
May,2018,NGPL-Midcont Pool,2.05,-0.77
May,2018,NGPL-Midcont Stor,,
May,2018,NGPL-Nicor,2.59,-0.23
May,2018,NGPL-Nipsco,2.59,-0.23
May,2018,NGPL-STX,2.79,-0.03
May,2018,NGPL-TXOK East,2.63,-0.19
May,2018,NGPL-TXOK East Stor,2.63,-0.19
May,2018,NGPL-TXOK West,2.63,-0.19
May,2018,NNG-Demarc,2.16,-0.66
May,2018,NNG-Mid 13-16A,,
May,2018,NNG-Mid 1-7,,
May,2018,NNG-Mid 8-12,,
May,2018,NNG-Ventura,2.39,-0.43
May,2018,Nortex-Tolar Hub,,
May,2018,NWP-Rocky Mtn,1.9,-0.92
May,2018,NWP-Sumas,1.69,-1.13
May,2018,NWP-Wyoming,,
May,2018,Oasis - Waha Pool,,
May,2018,OGT,,
May,2018,ONEOK Westex,1.46,-1.36
May,2018,Opal,,
May,2018,Panhandle,2.05,-0.77
May,2018,PG&E-Citygate,2.65,-0.17
May,2018,PG&E-Daggett,,
May,2018,PG&E-KRS,,
May,2018,PG&E-Topock,,
May,2018,PGLC,2.57,-0.25
May,2018,Pine Prairie,,
May,2018,Pioneer,,
May,2018,PNGTS,,
May,2018,Questar-North,,
May,2018,Questar-South,,
May,2018,REX Cheyenne Comp Pool,,
May,2018,REX E-ANR,,
May,2018,REX E-MidW,,
May,2018,REX E-NGPL,,
May,2018,REX E-PEPL,,
May,2018,REX E-Trunk,,
May,2018,REX W-ANR,,
May,2018,REX W-NGPL,,
May,2018,REX W-NNG,,
May,2018,REX W-PEPL,,
May,2018,REX-Z3 (receipt) ,,
May,2018,REX-Z3 Del Pool,2.57,-0.25
May,2018,Rover (receipt),,
May,2018,Rover-ANR,,
May,2018,Rover-PEPL,,
May,2018,Ruby-Onyx Hill,,
May,2018,Ruby-Rec Pool,,
May,2018,Ryckman Creek Stor,,
May,2018,Salt Plains Inter,,
May,2018,Salt Plains Stor,,
May,2018,Socal-Blythe,,
May,2018,Socal-Border,1.99,-0.83
May,2018,Socal-Citygate,3.01,0.19
May,2018,Socal-Ehrenberg,,
May,2018,Socal-Firm Stor,,
May,2018,Socal-IT Stor,,
May,2018,Socal-Kramer,,
May,2018,Socal-KRS,,
May,2018,Socal-Needles,,
May,2018,Socal-Storage,,
May,2018,Socal-Topock (EP),,
May,2018,Socal-Topock (TW),,
May,2018,Socal-WR,,
May,2018,Sonat-Z0 South,2.76,-0.06
May,2018,Sonat-Z1 North,,
May,2018,Southern Pines Hub,,
May,2018,Southern Star,2.05,-0.77
May,2018,Spectra - Hunt,,
May,2018,Stagecoach ,,
May,2018,Stingray,,
May,2018,TCO,2.61,-0.21
May,2018,TCO-A04 Pool,,
May,2018,TCO-A06 Pool,,
May,2018,TCO-A08 Pool,,
May,2018,TCO-Seg Pool,2.6,-0.22
May,2018,TETCO-ELA,2.74,-0.08
May,2018,TETCO-ETX,2.72,-0.1
May,2018,TETCO-M1 24,,
May,2018,TETCO-M1 30,2.71,-0.11
May,2018,TETCO-M2,,
May,2018,TETCO-M2 (receipt),2.27,-0.55
May,2018,TETCO-M3,2.37,-0.45
May,2018,TETCO-Manhattan,,
May,2018,TETCO-STX,2.8,-0.02
May,2018,TETCO-WLA,2.76,-0.06
May,2018,TGP-500L,2.76,-0.06
May,2018,TGP-800L,2.75,-0.07
May,2018,TGP-Mahwah,,
May,2018,TGP-Niagara,2.6,-0.22
May,2018,TGP-Z0 Border Pool,2.7,-0.12
May,2018,TGP-Z0 North,2.7,-0.12
May,2018,TGP-Z0 South,2.7,-0.12
May,2018,TGP-Z1 100L,,
May,2018,TGP-Z1 800L Pool,,
May,2018,TGP-Z1 Sta-87,,
May,2018,TGP-Z4 300L,1.9,-0.92
May,2018,TGP-Z4 Marcellus,1.9,-0.92
May,2018,TGP-Z4 Sta-219,,
May,2018,TGP-Z4 Sta-313,2.42,-0.4
May,2018,TGP-Z5 200L,2.51,-0.31
May,2018,TGP-Z6 200L,2.7,-0.12
May,2018,TGP-Z6 200L North,,
May,2018,TGP-Z6 200L South,,
May,2018,TGP-Z6 300L,,
May,2018,TGT-Mainline,2.67,-0.15
May,2018,TGT-North LA,,
May,2018,TGT-SL,2.72,-0.1
May,2018,Transco Zn3,2.77,-0.05
May,2018,Transco-165,,
May,2018,Transco-30,2.76,-0.06
May,2018,Transco-45,2.77,-0.05
May,2018,Transco-65,,
May,2018,Transco-85,2.79,-0.03
May,2018,Transco-River Road,,
May,2018,Transco-Z5,2.87,0.05
May,2018,Transco-Z5 North,,
May,2018,Transco-Z5 South,2.87,0.05
May,2018,Transco-Z6 (non-NY north ML),,
May,2018,Transco-Z6 (non-NY north),2.59,-0.23
May,2018,Transco-Z6 (non-NY south),,
May,2018,Transco-Z6 (non-NY),2.59,-0.23
May,2018,Transco-Z6 (NY),2.61,-0.21
May,2018,Transco-Z6 Sta-210,,
May,2018,Tres Palacios (inj),,
May,2018,Tres Palacios (w/d),,
May,2018,Trunkline-ELA,2.73,-0.09
May,2018,Trunkline-WLA,2.73,-0.09
May,2018,Trunkline-Z1A,2.64,-0.18
May,2018,TW-Blanco,1.77,-1.05
May,2018,TW-Central,,
May,2018,TW-Panhandle,1.49,-1.33
May,2018,TW-WTX,,
May,2018,Union-Dawn,2.71,-0.11
May,2018,Waha,1.41,-1.41
May,2018,White River Hub,,
May,2018,WIC,,
May,2018,0,,
May,2018,0,,
May,2018,0,,
May,2018,0,,
June,2018,AB Pool (inter),,
June,2018,AB Pool (intra),,
June,2018,AGT-CG,,
June,2018,AGT-CG (non-G),2.49,-0.39
June,2018,Agua Dulce Hub,,
June,2018,ANR-Joliet Hub,,
June,2018,ANR-SE,,
June,2018,ANR-SE-T,2.7,-0.18
June,2018,ANR-SW,2.22,-0.66
June,2018,APC-ACE,,
June,2018,APC-ANR,,
June,2018,APC-MGTC,,
June,2018,APC-NGPL,,
June,2018,APC-Nicor,,
June,2018,APC-VPC,,
June,2018,Arena WTX Pool,,
June,2018,Atmos Zone 3,,
June,2018,Banquete Hub,,
June,2018,Bay Gas Storage,,
June,2018,Bennington,,
June,2018,Beverly Salem,,
June,2018,Bluewater Hub,,
June,2018,Bobcat Inter,,
June,2018,Bobcat Stor,,
June,2018,Carthage,,
June,2018,CG-Mainline,2.72,-0.16
June,2018,CG-Onshore,2.76,-0.12
June,2018,Cheyenne,2.08,-0.8
June,2018,Chicago,2.7,-0.18
June,2018,CIG-Mainline,1.96,-0.92
June,2018,CIG-Mainline Pool,,
June,2018,CIG-Mainline South,,
June,2018,Clarington,,
June,2018,Clarington-Tenn,,
June,2018,Consumers,2.71,-0.17
June,2018,Cove Point,,
June,2018,Dracut,,
June,2018,Eastern Gas-North,,
June,2018,Eastern Gas-South,,
June,2018,Egan Inter,,
June,2018,Egan Stor,,
June,2018,EGT-Flex,,
June,2018,EGT-North,,
June,2018,EGT-Perryville Hub,2.6,-0.28
June,2018,EGT-South,,
June,2018,EGT-West,,
June,2018,Enable East Pool,,
June,2018,Enable West Pool ,,
June,2018,ENT-STX Map,,
June,2018,EP-Anadarko,,
June,2018,EP-Keystone,,
June,2018,EP-Plains Pool,,
June,2018,EP-S.Mainline,,
June,2018,EP-SJ Blanco Pool,1.97,-0.91
June,2018,EP-SJ Bondad Stn,,
June,2018,EP-Waha Pool,,
June,2018,ETC-Cleburne,,
June,2018,ETC-Maypearl,,
June,2018,ETC-Tiger Gas (receipt),,
June,2018,FGT-CG,,
June,2018,FGT-Z1,2.83,-0.05
June,2018,FGT-Z2,2.83,-0.05
June,2018,FGT-Z3,2.9,0.02
June,2018,GCX Waha Hub,,
June,2018,Gillis Hub,,
June,2018,GLGT-St.Clair,,
June,2018,Golden Triangle,,
June,2018,GTN-Kingsgate,,
June,2018,GTN-Malin,,
June,2018,GTN-Stanfield,,
June,2018,Guardian Hub,,
June,2018,Gulf S. Pool 16,,
June,2018,Gulf South - Perryville,,
June,2018,Henry,2.88,0.0
June,2018,HPL-ETX Pool,,
June,2018,HSC-HPL Pool,3.03,0.15
June,2018,HSC-Kinder Morgan,,
June,2018,Iroquois (into),2.6,-0.28
June,2018,Iroquois-Z1,,
June,2018,Iroquois-Z2,2.59,-0.29
June,2018,Iroquois-Z2 Hunts Pt,,
June,2018,Jefferson Island,,
June,2018,Katy-Enstor Pool,3.05,0.17
June,2018,Katy-Lonestar Inter,,
June,2018,Katy-Lonestar Intra,,
June,2018,Katy-Oasis,,
June,2018,KRGT-Del Pool,,
June,2018,KRGT-Rec Pool,,
June,2018,Lebanon,2.58,-0.3
June,2018,Leidy,,
June,2018,Leidy-Transco,1.5,-1.38
June,2018,M&N US,,
June,2018,MEP-Lamar,,
June,2018,Michcon,2.66,-0.22
June,2018,Midship (receipt),,
June,2018,Millennium,,
June,2018,Millennium East Pool,1.52,-1.36
June,2018,Millennium-Ramapo,,
June,2018,Moss Bluff Inter,,
June,2018,Moss Bluff Stor,,
June,2018,MS Hub,,
June,2018,NBPL-Bakken (receipt),,
June,2018,NBPL-Harper,,
June,2018,NBPL-Nicor,2.59,-0.29
June,2018,NBPL-Vector,,
June,2018,NBPL-Ventura,2.6,-0.28
June,2018,NBPL-Will County,,
June,2018,NGPL-AM Pool,,
June,2018,NGPL-AM Stor,,
June,2018,NGPL-GC Mainline,,
June,2018,NGPL-IA/IL AM Pool,,
June,2018,NGPL-IA/IL AM Stor,,
June,2018,NGPL-IA/IL GC Pool,,
June,2018,NGPL-IA/IL GC Stor,,
June,2018,NGPL-LA Pool,,
June,2018,NGPL-LA Stor,,
June,2018,NGPL-MidAm,,
June,2018,NGPL-Midcont Pool,2.31,-0.57
June,2018,NGPL-Midcont Stor,,
June,2018,NGPL-Nicor,2.59,-0.29
June,2018,NGPL-Nipsco,2.71,-0.17
June,2018,NGPL-STX,2.91,0.03
June,2018,NGPL-TXOK East,2.71,-0.17
June,2018,NGPL-TXOK East Stor,2.71,-0.17
June,2018,NGPL-TXOK West,2.71,-0.17
June,2018,NNG-Demarc,2.51,-0.37
June,2018,NNG-Mid 13-16A,,
June,2018,NNG-Mid 1-7,,
June,2018,NNG-Mid 8-12,,
June,2018,NNG-Ventura,2.51,-0.37
June,2018,Nortex-Tolar Hub,,
June,2018,NWP-Rocky Mtn,2.09,-0.79
June,2018,NWP-Sumas,1.48,-1.4
June,2018,NWP-Wyoming,,
June,2018,Oasis - Waha Pool,,
June,2018,OGT,,
June,2018,ONEOK Westex,1.81,-1.07
June,2018,Opal,,
June,2018,Panhandle,2.21,-0.67
June,2018,PG&E-Citygate,3.1,0.22
June,2018,PG&E-Daggett,,
June,2018,PG&E-KRS,,
June,2018,PG&E-Topock,,
June,2018,PGLC,2.66,-0.22
June,2018,Pine Prairie,,
June,2018,Pioneer,,
June,2018,PNGTS,,
June,2018,Questar-North,,
June,2018,Questar-South,,
June,2018,REX Cheyenne Comp Pool,,
June,2018,REX E-ANR,,
June,2018,REX E-MidW,,
June,2018,REX E-NGPL,,
June,2018,REX E-PEPL,,
June,2018,REX E-Trunk,,
June,2018,REX W-ANR,,
June,2018,REX W-NGPL,,
June,2018,REX W-NNG,,
June,2018,REX W-PEPL,,
June,2018,REX-Z3 (receipt) ,,
June,2018,REX-Z3 Del Pool,2.58,-0.3
June,2018,Rover (receipt),,
June,2018,Rover-ANR,,
June,2018,Rover-PEPL,,
June,2018,Ruby-Onyx Hill,,
June,2018,Ruby-Rec Pool,,
June,2018,Ryckman Creek Stor,,
June,2018,Salt Plains Inter,,
June,2018,Salt Plains Stor,,
June,2018,Socal-Blythe,,
June,2018,Socal-Border,2.33,-0.55
June,2018,Socal-Citygate,3.53,0.65
June,2018,Socal-Ehrenberg,,
June,2018,Socal-Firm Stor,,
June,2018,Socal-IT Stor,,
June,2018,Socal-Kramer,,
June,2018,Socal-KRS,,
June,2018,Socal-Needles,,
June,2018,Socal-Storage,,
June,2018,Socal-Topock (EP),,
June,2018,Socal-Topock (TW),,
June,2018,Socal-WR,,
June,2018,Sonat-Z0 South,2.82,-0.06
June,2018,Sonat-Z1 North,,
June,2018,Southern Pines Hub,,
June,2018,Southern Star,2.23,-0.65
June,2018,Spectra - Hunt,,
June,2018,Stagecoach ,,
June,2018,Stingray,,
June,2018,TCO,2.65,-0.23
June,2018,TCO-A04 Pool,,
June,2018,TCO-A06 Pool,,
June,2018,TCO-A08 Pool,,
June,2018,TCO-Seg Pool,2.32,-0.56
June,2018,TETCO-ELA,2.8,-0.08
June,2018,TETCO-ETX,2.76,-0.12
June,2018,TETCO-M1 24,,
June,2018,TETCO-M1 30,2.74,-0.14
June,2018,TETCO-M2,,
June,2018,TETCO-M2 (receipt),2.19,-0.69
June,2018,TETCO-M3,2.29,-0.59
June,2018,TETCO-Manhattan,,
June,2018,TETCO-STX,2.92,0.04
June,2018,TETCO-WLA,2.8,-0.08
June,2018,TGP-500L,2.81,-0.07
June,2018,TGP-800L,2.79,-0.09
June,2018,TGP-Mahwah,,
June,2018,TGP-Niagara,2.49,-0.39
June,2018,TGP-Z0 Border Pool,2.76,-0.12
June,2018,TGP-Z0 North,2.76,-0.12
June,2018,TGP-Z0 South,2.76,-0.12
June,2018,TGP-Z1 100L,,
June,2018,TGP-Z1 800L Pool,,
June,2018,TGP-Z1 Sta-87,,
June,2018,TGP-Z4 300L,1.48,-1.4
June,2018,TGP-Z4 Marcellus,1.48,-1.4
June,2018,TGP-Z4 Sta-219,,
June,2018,TGP-Z4 Sta-313,2.37,-0.51
June,2018,TGP-Z5 200L,2.43,-0.45
June,2018,TGP-Z6 200L,2.58,-0.3
June,2018,TGP-Z6 200L North,,
June,2018,TGP-Z6 200L South,,
June,2018,TGP-Z6 300L,,
June,2018,TGT-Mainline,2.71,-0.17
June,2018,TGT-North LA,,
June,2018,TGT-SL,2.76,-0.12
June,2018,Transco Zn3,2.83,-0.05
June,2018,Transco-165,,
June,2018,Transco-30,2.8,-0.08
June,2018,Transco-45,2.84,-0.04
June,2018,Transco-65,,
June,2018,Transco-85,2.84,-0.04
June,2018,Transco-River Road,,
June,2018,Transco-Z5,2.94,0.06
June,2018,Transco-Z5 North,,
June,2018,Transco-Z5 South,2.94,0.06
June,2018,Transco-Z6 (non-NY north ML),,
June,2018,Transco-Z6 (non-NY north),2.67,-0.21
June,2018,Transco-Z6 (non-NY south),,
June,2018,Transco-Z6 (non-NY),2.67,-0.21
June,2018,Transco-Z6 (NY),2.69,-0.19
June,2018,Transco-Z6 Sta-210,,
June,2018,Tres Palacios (inj),,
June,2018,Tres Palacios (w/d),,
June,2018,Trunkline-ELA,2.75,-0.13
June,2018,Trunkline-WLA,2.75,-0.13
June,2018,Trunkline-Z1A,2.66,-0.22
June,2018,TW-Blanco,2.11,-0.77
June,2018,TW-Central,,
June,2018,TW-Panhandle,2.01,-0.87
June,2018,TW-WTX,,
June,2018,Union-Dawn,2.68,-0.2
June,2018,Waha,1.97,-0.91
June,2018,White River Hub,,
June,2018,WIC,,
June,2018,0,,
June,2018,0,,
June,2018,0,,
June,2018,0,,
July,2018,AB Pool (inter),,
July,2018,AB Pool (intra),,
July,2018,AGT-CG,,
July,2018,AGT-CG (non-G),2.79,-0.21
July,2018,Agua Dulce Hub,,
July,2018,ANR-Joliet Hub,,
July,2018,ANR-SE,,
July,2018,ANR-SE-T,2.81,-0.19
July,2018,ANR-SW,2.26,-0.74
July,2018,APC-ACE,,
July,2018,APC-ANR,,
July,2018,APC-MGTC,,
July,2018,APC-NGPL,,
July,2018,APC-Nicor,,
July,2018,APC-VPC,,
July,2018,Arena WTX Pool,,
July,2018,Atmos Zone 3,,
July,2018,Banquete Hub,,
July,2018,Bay Gas Storage,,
July,2018,Bennington,,
July,2018,Beverly Salem,,
July,2018,Bluewater Hub,,
July,2018,Bobcat Inter,,
July,2018,Bobcat Stor,,
July,2018,Carthage,,
July,2018,CG-Mainline,2.84,-0.16
July,2018,CG-Onshore,2.88,-0.12
July,2018,Cheyenne,2.2,-0.8
July,2018,Chicago,2.78,-0.22
July,2018,CIG-Mainline,2.08,-0.92
July,2018,CIG-Mainline Pool,,
July,2018,CIG-Mainline South,,
July,2018,Clarington,,
July,2018,Clarington-Tenn,,
July,2018,Consumers,2.83,-0.17
July,2018,Cove Point,,
July,2018,Dracut,,
July,2018,Eastern Gas-North,,
July,2018,Eastern Gas-South,,
July,2018,Egan Inter,,
July,2018,Egan Stor,,
July,2018,EGT-Flex,,
July,2018,EGT-North,,
July,2018,EGT-Perryville Hub,2.74,-0.26
July,2018,EGT-South,,
July,2018,EGT-West,,
July,2018,Enable East Pool,,
July,2018,Enable West Pool ,,
July,2018,ENT-STX Map,,
July,2018,EP-Anadarko,,
July,2018,EP-Keystone,,
July,2018,EP-Plains Pool,,
July,2018,EP-S.Mainline,,
July,2018,EP-SJ Blanco Pool,2.13,-0.87
July,2018,EP-SJ Bondad Stn,,
July,2018,EP-Waha Pool,,
July,2018,ETC-Cleburne,,
July,2018,ETC-Maypearl,,
July,2018,ETC-Tiger Gas (receipt),,
July,2018,FGT-CG,,
July,2018,FGT-Z1,2.95,-0.05
July,2018,FGT-Z2,2.96,-0.04
July,2018,FGT-Z3,3.02,0.02
July,2018,GCX Waha Hub,,
July,2018,Gillis Hub,,
July,2018,GLGT-St.Clair,,
July,2018,Golden Triangle,,
July,2018,GTN-Kingsgate,,
July,2018,GTN-Malin,,
July,2018,GTN-Stanfield,,
July,2018,Guardian Hub,,
July,2018,Gulf S. Pool 16,,
July,2018,Gulf South - Perryville,,
July,2018,Henry,3.0,0.0
July,2018,HPL-ETX Pool,,
July,2018,HSC-HPL Pool,3.01,0.01
July,2018,HSC-Kinder Morgan,,
July,2018,Iroquois (into),2.86,-0.14
July,2018,Iroquois-Z1,,
July,2018,Iroquois-Z2,2.88,-0.12
July,2018,Iroquois-Z2 Hunts Pt,,
July,2018,Jefferson Island,,
July,2018,Katy-Enstor Pool,3.0,0.0
July,2018,Katy-Lonestar Inter,,
July,2018,Katy-Lonestar Intra,,
July,2018,Katy-Oasis,,
July,2018,KRGT-Del Pool,,
July,2018,KRGT-Rec Pool,,
July,2018,Lebanon,2.74,-0.26
July,2018,Leidy,,
July,2018,Leidy-Transco,2.17,-0.83
July,2018,M&N US,,
July,2018,MEP-Lamar,,
July,2018,Michcon,2.82,-0.18
July,2018,Midship (receipt),,
July,2018,Millennium,,
July,2018,Millennium East Pool,2.16,-0.84
July,2018,Millennium-Ramapo,,
July,2018,Moss Bluff Inter,,
July,2018,Moss Bluff Stor,,
July,2018,MS Hub,,
July,2018,NBPL-Bakken (receipt),,
July,2018,NBPL-Harper,,
July,2018,NBPL-Nicor,2.78,-0.22
July,2018,NBPL-Vector,,
July,2018,NBPL-Ventura,2.67,-0.33
July,2018,NBPL-Will County,,
July,2018,NGPL-AM Pool,,
July,2018,NGPL-AM Stor,,
July,2018,NGPL-GC Mainline,,
July,2018,NGPL-IA/IL AM Pool,,
July,2018,NGPL-IA/IL AM Stor,,
July,2018,NGPL-IA/IL GC Pool,,
July,2018,NGPL-IA/IL GC Stor,,
July,2018,NGPL-LA Pool,,
July,2018,NGPL-LA Stor,,
July,2018,NGPL-MidAm,,
July,2018,NGPL-Midcont Pool,2.29,-0.71
July,2018,NGPL-Midcont Stor,,
July,2018,NGPL-Nicor,2.78,-0.22
July,2018,NGPL-Nipsco,2.78,-0.22
July,2018,NGPL-STX,3.0,0.0
July,2018,NGPL-TXOK East,2.82,-0.18
July,2018,NGPL-TXOK East Stor,2.82,-0.18
July,2018,NGPL-TXOK West,2.82,-0.18
July,2018,NNG-Demarc,2.64,-0.36
July,2018,NNG-Mid 13-16A,,
July,2018,NNG-Mid 1-7,,
July,2018,NNG-Mid 8-12,,
July,2018,NNG-Ventura,2.65,-0.35
July,2018,Nortex-Tolar Hub,,
July,2018,NWP-Rocky Mtn,2.24,-0.76
July,2018,NWP-Sumas,1.75,-1.25
July,2018,NWP-Wyoming,,
July,2018,Oasis - Waha Pool,,
July,2018,OGT,,
July,2018,ONEOK Westex,1.8,-1.2
July,2018,Opal,,
July,2018,Panhandle,2.24,-0.76
July,2018,PG&E-Citygate,2.98,-0.02
July,2018,PG&E-Daggett,,
July,2018,PG&E-KRS,,
July,2018,PG&E-Topock,,
July,2018,PGLC,2.74,-0.26
July,2018,Pine Prairie,,
July,2018,Pioneer,,
July,2018,PNGTS,,
July,2018,Questar-North,,
July,2018,Questar-South,,
July,2018,REX Cheyenne Comp Pool,,
July,2018,REX E-ANR,,
July,2018,REX E-MidW,,
July,2018,REX E-NGPL,,
July,2018,REX E-PEPL,,
July,2018,REX E-Trunk,,
July,2018,REX W-ANR,,
July,2018,REX W-NGPL,,
July,2018,REX W-NNG,,
July,2018,REX W-PEPL,,
July,2018,REX-Z3 (receipt) ,,
July,2018,REX-Z3 Del Pool,2.74,-0.26
July,2018,Rover (receipt),,
July,2018,Rover-ANR,,
July,2018,Rover-PEPL,,
July,2018,Ruby-Onyx Hill,,
July,2018,Ruby-Rec Pool,,
July,2018,Ryckman Creek Stor,,
July,2018,Salt Plains Inter,,
July,2018,Salt Plains Stor,,
July,2018,Socal-Blythe,,
July,2018,Socal-Border,2.71,-0.29
July,2018,Socal-Citygate,3.92,0.92
July,2018,Socal-Ehrenberg,,
July,2018,Socal-Firm Stor,,
July,2018,Socal-IT Stor,,
July,2018,Socal-Kramer,,
July,2018,Socal-KRS,,
July,2018,Socal-Needles,,
July,2018,Socal-Storage,,
July,2018,Socal-Topock (EP),,
July,2018,Socal-Topock (TW),,
July,2018,Socal-WR,,
July,2018,Sonat-Z0 South,2.94,-0.06
July,2018,Sonat-Z1 North,,
July,2018,Southern Pines Hub,,
July,2018,Southern Star,2.24,-0.76
July,2018,Spectra - Hunt,,
July,2018,Stagecoach ,,
July,2018,Stingray,,
July,2018,TCO,2.81,-0.19
July,2018,TCO-A04 Pool,,
July,2018,TCO-A06 Pool,,
July,2018,TCO-A08 Pool,,
July,2018,TCO-Seg Pool,2.4,-0.6
July,2018,TETCO-ELA,2.89,-0.11
July,2018,TETCO-ETX,2.9,-0.1
July,2018,TETCO-M1 24,,
July,2018,TETCO-M1 30,2.87,-0.13
July,2018,TETCO-M2,,
July,2018,TETCO-M2 (receipt),2.32,-0.68
July,2018,TETCO-M3,2.44,-0.56
July,2018,TETCO-Manhattan,,
July,2018,TETCO-STX,3.01,0.01
July,2018,TETCO-WLA,2.92,-0.08
July,2018,TGP-500L,2.92,-0.08
July,2018,TGP-800L,2.9,-0.1
July,2018,TGP-Mahwah,,
July,2018,TGP-Niagara,2.7,-0.3
July,2018,TGP-Z0 Border Pool,2.83,-0.17
July,2018,TGP-Z0 North,2.83,-0.17
July,2018,TGP-Z0 South,2.83,-0.17
July,2018,TGP-Z1 100L,,
July,2018,TGP-Z1 800L Pool,,
July,2018,TGP-Z1 Sta-87,,
July,2018,TGP-Z4 300L,2.12,-0.88
July,2018,TGP-Z4 Marcellus,1.12,-1.88
July,2018,TGP-Z4 Sta-219,,
July,2018,TGP-Z4 Sta-313,2.55,-0.45
July,2018,TGP-Z5 200L,2.64,-0.36
July,2018,TGP-Z6 200L,2.83,-0.17
July,2018,TGP-Z6 200L North,,
July,2018,TGP-Z6 200L South,,
July,2018,TGP-Z6 300L,,
July,2018,TGT-Mainline,2.82,-0.18
July,2018,TGT-North LA,,
July,2018,TGT-SL,2.88,-0.12
July,2018,Transco Zn3,2.95,-0.05
July,2018,Transco-165,,
July,2018,Transco-30,2.92,-0.08
July,2018,Transco-45,2.96,-0.04
July,2018,Transco-65,,
July,2018,Transco-85,2.96,-0.04
July,2018,Transco-River Road,,
July,2018,Transco-Z5,3.07,0.07
July,2018,Transco-Z5 North,,
July,2018,Transco-Z5 South,3.07,0.07
July,2018,Transco-Z6 (non-NY north ML),,
July,2018,Transco-Z6 (non-NY north),2.86,-0.14
July,2018,Transco-Z6 (non-NY south),,
July,2018,Transco-Z6 (non-NY),2.86,-0.14
July,2018,Transco-Z6 (NY),2.88,-0.12
July,2018,Transco-Z6 Sta-210,,
July,2018,Tres Palacios (inj),,
July,2018,Tres Palacios (w/d),,
July,2018,Trunkline-ELA,2.85,-0.15
July,2018,Trunkline-WLA,2.85,-0.15
July,2018,Trunkline-Z1A,2.76,-0.24
July,2018,TW-Blanco,2.14,-0.86
July,2018,TW-Central,,
July,2018,TW-Panhandle,1.8,-1.2
July,2018,TW-WTX,,
July,2018,Union-Dawn,2.82,-0.18
July,2018,Waha,1.78,-1.22
July,2018,White River Hub,,
July,2018,WIC,,
July,2018,0,,
July,2018,0,,
July,2018,0,,
July,2018,0,,
August,2018,AB Pool (inter),,
August,2018,AB Pool (intra),,
August,2018,AGT-CG,,
August,2018,AGT-CG (non-G),2.89,0.07
August,2018,Agua Dulce Hub,,
August,2018,ANR-Joliet Hub,,
August,2018,ANR-SE,,
August,2018,ANR-SE-T,2.71,-0.11
August,2018,ANR-SW,2.34,-0.48
August,2018,APC-ACE,,
August,2018,APC-ANR,,
August,2018,APC-MGTC,,
August,2018,APC-NGPL,,
August,2018,APC-Nicor,,
August,2018,APC-VPC,,
August,2018,Arena WTX Pool,,
August,2018,Atmos Zone 3,,
August,2018,Banquete Hub,,
August,2018,Bay Gas Storage,,
August,2018,Bennington,,
August,2018,Beverly Salem,,
August,2018,Bluewater Hub,,
August,2018,Bobcat Inter,,
August,2018,Bobcat Stor,,
August,2018,Carthage,,
August,2018,CG-Mainline,2.68,-0.14
August,2018,CG-Onshore,2.72,-0.1
August,2018,Cheyenne,2.34,-0.48
August,2018,Chicago,2.73,-0.09
August,2018,CIG-Mainline,2.23,-0.59
August,2018,CIG-Mainline Pool,,
August,2018,CIG-Mainline South,,
August,2018,Clarington,,
August,2018,Clarington-Tenn,,
August,2018,Consumers,2.86,0.04
August,2018,Cove Point,,
August,2018,Dracut,,
August,2018,Eastern Gas-North,,
August,2018,Eastern Gas-South,,
August,2018,Egan Inter,,
August,2018,Egan Stor,,
August,2018,EGT-Flex,,
August,2018,EGT-North,,
August,2018,EGT-Perryville Hub,2.59,-0.23
August,2018,EGT-South,,
August,2018,EGT-West,,
August,2018,Enable East Pool,,
August,2018,Enable West Pool ,,
August,2018,ENT-STX Map,,
August,2018,EP-Anadarko,,
August,2018,EP-Keystone,,
August,2018,EP-Plains Pool,,
August,2018,EP-S.Mainline,,
August,2018,EP-SJ Blanco Pool,2.33,-0.49
August,2018,EP-SJ Bondad Stn,,
August,2018,EP-Waha Pool,,
August,2018,ETC-Cleburne,,
August,2018,ETC-Maypearl,,
August,2018,ETC-Tiger Gas (receipt),,
August,2018,FGT-CG,,
August,2018,FGT-Z1,2.79,-0.03
August,2018,FGT-Z2,2.77,-0.05
August,2018,FGT-Z3,2.84,0.02
August,2018,GCX Waha Hub,,
August,2018,Gillis Hub,,
August,2018,GLGT-St.Clair,,
August,2018,Golden Triangle,,
August,2018,GTN-Kingsgate,,
August,2018,GTN-Malin,,
August,2018,GTN-Stanfield,,
August,2018,Guardian Hub,,
August,2018,Gulf S. Pool 16,,
August,2018,Gulf South - Perryville,,
August,2018,Henry,2.82,0.0
August,2018,HPL-ETX Pool,,
August,2018,HSC-HPL Pool,2.85,0.03
August,2018,HSC-Kinder Morgan,,
August,2018,Iroquois (into),2.9,0.08
August,2018,Iroquois-Z1,,
August,2018,Iroquois-Z2,2.9,0.08
August,2018,Iroquois-Z2 Hunts Pt,,
August,2018,Jefferson Island,,
August,2018,Katy-Enstor Pool,2.88,0.06
August,2018,Katy-Lonestar Inter,,
August,2018,Katy-Lonestar Intra,,
August,2018,Katy-Oasis,,
August,2018,KRGT-Del Pool,,
August,2018,KRGT-Rec Pool,,
August,2018,Lebanon,2.69,-0.13
August,2018,Leidy,,
August,2018,Leidy-Transco,2.23,-0.59
August,2018,M&N US,,
August,2018,MEP-Lamar,,
August,2018,Michcon,2.83,0.01
August,2018,Midship (receipt),,
August,2018,Millennium,,
August,2018,Millennium East Pool,2.22,-0.6
August,2018,Millennium-Ramapo,,
August,2018,Moss Bluff Inter,,
August,2018,Moss Bluff Stor,,
August,2018,MS Hub,,
August,2018,NBPL-Bakken (receipt),,
August,2018,NBPL-Harper,,
August,2018,NBPL-Nicor,2.73,-0.09
August,2018,NBPL-Vector,,
August,2018,NBPL-Ventura,,
August,2018,NBPL-Will County,,
August,2018,NGPL-AM Pool,,
August,2018,NGPL-AM Stor,,
August,2018,NGPL-GC Mainline,,
August,2018,NGPL-IA/IL AM Pool,,
August,2018,NGPL-IA/IL AM Stor,,
August,2018,NGPL-IA/IL GC Pool,,
August,2018,NGPL-IA/IL GC Stor,,
August,2018,NGPL-LA Pool,,
August,2018,NGPL-LA Stor,,
August,2018,NGPL-MidAm,,
August,2018,NGPL-Midcont Pool,2.33,-0.49
August,2018,NGPL-Midcont Stor,,
August,2018,NGPL-Nicor,2.73,-0.09
August,2018,NGPL-Nipsco,2.73,-0.09
August,2018,NGPL-STX,2.82,0.0
August,2018,NGPL-TXOK East,2.67,-0.15
August,2018,NGPL-TXOK East Stor,2.67,-0.15
August,2018,NGPL-TXOK West,2.67,-0.15
August,2018,NNG-Demarc,2.61,-0.21
August,2018,NNG-Mid 13-16A,,
August,2018,NNG-Mid 1-7,,
August,2018,NNG-Mid 8-12,,
August,2018,NNG-Ventura,2.64,-0.18
August,2018,Nortex-Tolar Hub,,
August,2018,NWP-Rocky Mtn,2.41,-0.41
August,2018,NWP-Sumas,2.24,-0.58
August,2018,NWP-Wyoming,,
August,2018,Oasis - Waha Pool,,
August,2018,OGT,,
August,2018,ONEOK Westex,1.69,-1.13
August,2018,Opal,,
August,2018,Panhandle,2.34,-0.48
August,2018,PG&E-Citygate,3.08,0.26
August,2018,PG&E-Daggett,,
August,2018,PG&E-KRS,,
August,2018,PG&E-Topock,,
August,2018,PGLC,2.73,-0.09
August,2018,Pine Prairie,,
August,2018,Pioneer,,
August,2018,PNGTS,,
August,2018,Questar-North,,
August,2018,Questar-South,,
August,2018,REX Cheyenne Comp Pool,,
August,2018,REX E-ANR,,
August,2018,REX E-MidW,,
August,2018,REX E-NGPL,,
August,2018,REX E-PEPL,,
August,2018,REX E-Trunk,,
August,2018,REX W-ANR,,
August,2018,REX W-NGPL,,
August,2018,REX W-NNG,,
August,2018,REX W-PEPL,,
August,2018,REX-Z3 (receipt) ,,
August,2018,REX-Z3 Del Pool,2.7,-0.12
August,2018,Rover (receipt),,
August,2018,Rover-ANR,,
August,2018,Rover-PEPL,,
August,2018,Ruby-Onyx Hill,,
August,2018,Ruby-Rec Pool,,
August,2018,Ryckman Creek Stor,,
August,2018,Salt Plains Inter,,
August,2018,Salt Plains Stor,,
August,2018,Socal-Blythe,,
August,2018,Socal-Border,3.97,1.15
August,2018,Socal-Citygate,9.5,6.68
August,2018,Socal-Ehrenberg,,
August,2018,Socal-Firm Stor,,
August,2018,Socal-IT Stor,,
August,2018,Socal-Kramer,,
August,2018,Socal-KRS,,
August,2018,Socal-Needles,,
August,2018,Socal-Storage,,
August,2018,Socal-Topock (EP),,
August,2018,Socal-Topock (TW),,
August,2018,Socal-WR,,
August,2018,Sonat-Z0 South,2.76,-0.06
August,2018,Sonat-Z1 North,,
August,2018,Southern Pines Hub,,
August,2018,Southern Star,2.32,-0.5
August,2018,Spectra - Hunt,,
August,2018,Stagecoach ,,
August,2018,Stingray,,
August,2018,TCO,2.62,-0.2
August,2018,TCO-A04 Pool,,
August,2018,TCO-A06 Pool,,
August,2018,TCO-A08 Pool,,
August,2018,TCO-Seg Pool,2.5,-0.32
August,2018,TETCO-ELA,2.73,-0.09
August,2018,TETCO-ETX,2.72,-0.1
August,2018,TETCO-M1 24,,
August,2018,TETCO-M1 30,2.7,-0.12
August,2018,TETCO-M2,,
August,2018,TETCO-M2 (receipt),2.4,-0.42
August,2018,TETCO-M3,2.51,-0.31
August,2018,TETCO-Manhattan,,
August,2018,TETCO-STX,2.82,0.0
August,2018,TETCO-WLA,2.77,-0.05
August,2018,TGP-500L,2.75,-0.07
August,2018,TGP-800L,2.74,-0.08
August,2018,TGP-Mahwah,,
August,2018,TGP-Niagara,,
August,2018,TGP-Z0 Border Pool,2.66,-0.16
August,2018,TGP-Z0 North,2.66,-0.16
August,2018,TGP-Z0 South,2.66,-0.16
August,2018,TGP-Z1 100L,,
August,2018,TGP-Z1 800L Pool,,
August,2018,TGP-Z1 Sta-87,,
August,2018,TGP-Z4 300L,2.16,-0.66
August,2018,TGP-Z4 Marcellus,2.16,-0.66
August,2018,TGP-Z4 Sta-219,,
August,2018,TGP-Z4 Sta-313,2.53,-0.29
August,2018,TGP-Z5 200L,2.59,-0.23
August,2018,TGP-Z6 200L,2.84,0.02
August,2018,TGP-Z6 200L North,,
August,2018,TGP-Z6 200L South,,
August,2018,TGP-Z6 300L,,
August,2018,TGT-Mainline,2.68,-0.14
August,2018,TGT-North LA,,
August,2018,TGT-SL,2.72,-0.1
August,2018,Transco Zn3,2.77,-0.05
August,2018,Transco-165,,
August,2018,Transco-30,2.76,-0.06
August,2018,Transco-45,2.79,-0.03
August,2018,Transco-65,,
August,2018,Transco-85,2.79,-0.03
August,2018,Transco-River Road,,
August,2018,Transco-Z5,2.91,0.09
August,2018,Transco-Z5 North,,
August,2018,Transco-Z5 South,2.91,0.09
August,2018,Transco-Z6 (non-NY north ML),,
August,2018,Transco-Z6 (non-NY north),2.8,-0.02
August,2018,Transco-Z6 (non-NY south),,
August,2018,Transco-Z6 (non-NY),2.8,-0.02
August,2018,Transco-Z6 (NY),2.8,-0.02
August,2018,Transco-Z6 Sta-210,,
August,2018,Tres Palacios (inj),,
August,2018,Tres Palacios (w/d),,
August,2018,Trunkline-ELA,2.74,-0.08
August,2018,Trunkline-WLA,2.74,-0.08
August,2018,Trunkline-Z1A,2.67,-0.15
August,2018,TW-Blanco,2.4,-0.42
August,2018,TW-Central,,
August,2018,TW-Panhandle,1.86,-0.96
August,2018,TW-WTX,,
August,2018,Union-Dawn,2.86,0.04
August,2018,Waha,1.83,-0.99
August,2018,White River Hub,,
August,2018,WIC,,
August,2018,0,,
August,2018,0,,
August,2018,0,,
August,2018,0,,
September,2018,AB Pool (inter),,
September,2018,AB Pool (intra),,
September,2018,AGT-CG,,
September,2018,AGT-CG (non-G),2.96,0.06
September,2018,Agua Dulce Hub,,
September,2018,ANR-Joliet Hub,,
September,2018,ANR-SE,,
September,2018,ANR-SE-T,2.78,-0.12
September,2018,ANR-SW,2.24,-0.66
September,2018,APC-ACE,,
September,2018,APC-ANR,,
September,2018,APC-MGTC,,
September,2018,APC-NGPL,,
September,2018,APC-Nicor,,
September,2018,APC-VPC,,
September,2018,Arena WTX Pool,,
September,2018,Atmos Zone 3,,
September,2018,Banquete Hub,,
September,2018,Bay Gas Storage,,
September,2018,Bennington,,
September,2018,Beverly Salem,,
September,2018,Bluewater Hub,,
September,2018,Bobcat Inter,,
September,2018,Bobcat Stor,,
September,2018,Carthage,,
September,2018,CG-Mainline,2.76,-0.14
September,2018,CG-Onshore,2.79,-0.11
September,2018,Cheyenne,2.27,-0.63
September,2018,Chicago,2.75,-0.15
September,2018,CIG-Mainline,2.22,-0.68
September,2018,CIG-Mainline Pool,,
September,2018,CIG-Mainline South,,
September,2018,Clarington,,
September,2018,Clarington-Tenn,,
September,2018,Consumers,2.9,0.0
September,2018,Cove Point,,
September,2018,Dracut,,
September,2018,Eastern Gas-North,,
September,2018,Eastern Gas-South,,
September,2018,Egan Inter,,
September,2018,Egan Stor,,
September,2018,EGT-Flex,,
September,2018,EGT-North,,
September,2018,EGT-Perryville Hub,2.64,-0.26
September,2018,EGT-South,,
September,2018,EGT-West,,
September,2018,Enable East Pool,,
September,2018,Enable West Pool ,,
September,2018,ENT-STX Map,,
September,2018,EP-Anadarko,,
September,2018,EP-Keystone,,
September,2018,EP-Plains Pool,,
September,2018,EP-S.Mainline,,
September,2018,EP-SJ Blanco Pool,2.15,-0.75
September,2018,EP-SJ Bondad Stn,,
September,2018,EP-Waha Pool,,
September,2018,ETC-Cleburne,,
September,2018,ETC-Maypearl,,
September,2018,ETC-Tiger Gas (receipt),,
September,2018,FGT-CG,,
September,2018,FGT-Z1,2.87,-0.03
September,2018,FGT-Z2,2.86,-0.04
September,2018,FGT-Z3,2.94,0.04
September,2018,GCX Waha Hub,,
September,2018,Gillis Hub,,
September,2018,GLGT-St.Clair,,
September,2018,Golden Triangle,,
September,2018,GTN-Kingsgate,,
September,2018,GTN-Malin,,
September,2018,GTN-Stanfield,,
September,2018,Guardian Hub,,
September,2018,Gulf S. Pool 16,,
September,2018,Gulf South - Perryville,,
September,2018,Henry,2.9,0.0
September,2018,HPL-ETX Pool,,
September,2018,HSC-HPL Pool,2.95,0.05
September,2018,HSC-Kinder Morgan,,
September,2018,Iroquois (into),2.91,0.01
September,2018,Iroquois-Z1,,
September,2018,Iroquois-Z2,2.93,0.03
September,2018,Iroquois-Z2 Hunts Pt,,
September,2018,Jefferson Island,,
September,2018,Katy-Enstor Pool,2.97,0.07
September,2018,Katy-Lonestar Inter,,
September,2018,Katy-Lonestar Intra,,
September,2018,Katy-Oasis,,
September,2018,KRGT-Del Pool,,
September,2018,KRGT-Rec Pool,,
September,2018,Lebanon,2.71,-0.19
September,2018,Leidy,,
September,2018,Leidy-Transco,2.47,-0.43
September,2018,M&N US,,
September,2018,MEP-Lamar,,
September,2018,Michcon,2.87,-0.03
September,2018,Midship (receipt),,
September,2018,Millennium,,
September,2018,Millennium East Pool,2.42,-0.48
September,2018,Millennium-Ramapo,,
September,2018,Moss Bluff Inter,,
September,2018,Moss Bluff Stor,,
September,2018,MS Hub,,
September,2018,NBPL-Bakken (receipt),,
September,2018,NBPL-Harper,,
September,2018,NBPL-Nicor,2.75,-0.15
September,2018,NBPL-Vector,,
September,2018,NBPL-Ventura,,
September,2018,NBPL-Will County,,
September,2018,NGPL-AM Pool,,
September,2018,NGPL-AM Stor,,
September,2018,NGPL-GC Mainline,,
September,2018,NGPL-IA/IL AM Pool,,
September,2018,NGPL-IA/IL AM Stor,,
September,2018,NGPL-IA/IL GC Pool,,
September,2018,NGPL-IA/IL GC Stor,,
September,2018,NGPL-LA Pool,,
September,2018,NGPL-LA Stor,,
September,2018,NGPL-MidAm,,
September,2018,NGPL-Midcont Pool,2.23,-0.67
September,2018,NGPL-Midcont Stor,,
September,2018,NGPL-Nicor,2.75,-0.15
September,2018,NGPL-Nipsco,2.79,-0.11
September,2018,NGPL-STX,2.9,0.0
September,2018,NGPL-TXOK East,2.74,-0.16
September,2018,NGPL-TXOK East Stor,2.74,-0.16
September,2018,NGPL-TXOK West,2.74,-0.16
September,2018,NNG-Demarc,2.71,-0.19
September,2018,NNG-Mid 13-16A,,
September,2018,NNG-Mid 1-7,,
September,2018,NNG-Mid 8-12,,
September,2018,NNG-Ventura,2.68,-0.22
September,2018,Nortex-Tolar Hub,,
September,2018,NWP-Rocky Mtn,2.32,-0.58
September,2018,NWP-Sumas,2.04,-0.86
September,2018,NWP-Wyoming,,
September,2018,Oasis - Waha Pool,,
September,2018,OGT,,
September,2018,ONEOK Westex,1.56,-1.34
September,2018,Opal,,
September,2018,Panhandle,2.22,-0.68
September,2018,PG&E-Citygate,3.19,0.29
September,2018,PG&E-Daggett,,
September,2018,PG&E-KRS,,
September,2018,PG&E-Topock,,
September,2018,PGLC,2.72,-0.18
September,2018,Pine Prairie,,
September,2018,Pioneer,,
September,2018,PNGTS,,
September,2018,Questar-North,,
September,2018,Questar-South,,
September,2018,REX Cheyenne Comp Pool,,
September,2018,REX E-ANR,,
September,2018,REX E-MidW,,
September,2018,REX E-NGPL,,
September,2018,REX E-PEPL,,
September,2018,REX E-Trunk,,
September,2018,REX W-ANR,,
September,2018,REX W-NGPL,,
September,2018,REX W-NNG,,
September,2018,REX W-PEPL,,
September,2018,REX-Z3 (receipt) ,,
September,2018,REX-Z3 Del Pool,2.73,-0.17
September,2018,Rover (receipt),,
September,2018,Rover-ANR,,
September,2018,Rover-PEPL,,
September,2018,Ruby-Onyx Hill,,
September,2018,Ruby-Rec Pool,,
September,2018,Ryckman Creek Stor,,
September,2018,Salt Plains Inter,,
September,2018,Salt Plains Stor,,
September,2018,Socal-Blythe,,
September,2018,Socal-Border,2.72,-0.18
September,2018,Socal-Citygate,4.92,2.02
September,2018,Socal-Ehrenberg,,
September,2018,Socal-Firm Stor,,
September,2018,Socal-IT Stor,,
September,2018,Socal-Kramer,,
September,2018,Socal-KRS,,
September,2018,Socal-Needles,,
September,2018,Socal-Storage,,
September,2018,Socal-Topock (EP),,
September,2018,Socal-Topock (TW),,
September,2018,Socal-WR,,
September,2018,Sonat-Z0 South,2.84,-0.06
September,2018,Sonat-Z1 North,,
September,2018,Southern Pines Hub,,
September,2018,Southern Star,2.2,-0.7
September,2018,Spectra - Hunt,,
September,2018,Stagecoach ,,
September,2018,Stingray,,
September,2018,TCO,2.67,-0.23
September,2018,TCO-A04 Pool,,
September,2018,TCO-A06 Pool,,
September,2018,TCO-A08 Pool,,
September,2018,TCO-Seg Pool,2.57,-0.33
September,2018,TETCO-ELA,2.82,-0.08
September,2018,TETCO-ETX,2.82,-0.08
September,2018,TETCO-M1 24,,
September,2018,TETCO-M1 30,2.81,-0.09
September,2018,TETCO-M2,,
September,2018,TETCO-M2 (receipt),2.46,-0.44
September,2018,TETCO-M3,2.56,-0.34
September,2018,TETCO-Manhattan,,
September,2018,TETCO-STX,2.91,0.01
September,2018,TETCO-WLA,2.87,-0.03
September,2018,TGP-500L,2.83,-0.07
September,2018,TGP-800L,2.82,-0.08
September,2018,TGP-Mahwah,,
September,2018,TGP-Niagara,,
September,2018,TGP-Z0 Border Pool,2.77,-0.13
September,2018,TGP-Z0 North,2.77,-0.13
September,2018,TGP-Z0 South,2.77,-0.13
September,2018,TGP-Z1 100L,,
September,2018,TGP-Z1 800L Pool,,
September,2018,TGP-Z1 Sta-87,,
September,2018,TGP-Z4 300L,2.39,-0.51
September,2018,TGP-Z4 Marcellus,2.39,-0.51
September,2018,TGP-Z4 Sta-219,,
September,2018,TGP-Z4 Sta-313,2.64,-0.26
September,2018,TGP-Z5 200L,2.69,-0.21
September,2018,TGP-Z6 200L,2.92,0.02
September,2018,TGP-Z6 200L North,,
September,2018,TGP-Z6 200L South,,
September,2018,TGP-Z6 300L,,
September,2018,TGT-Mainline,2.76,-0.14
September,2018,TGT-North LA,,
September,2018,TGT-SL,2.8,-0.1
September,2018,Transco Zn3,2.85,-0.05
September,2018,Transco-165,,
September,2018,Transco-30,2.85,-0.05
September,2018,Transco-45,2.87,-0.03
September,2018,Transco-65,,
September,2018,Transco-85,2.87,-0.03
September,2018,Transco-River Road,,
September,2018,Transco-Z5,2.94,0.04
September,2018,Transco-Z5 North,,
September,2018,Transco-Z5 South,2.94,0.04
September,2018,Transco-Z6 (non-NY north ML),,
September,2018,Transco-Z6 (non-NY north),2.68,-0.22
September,2018,Transco-Z6 (non-NY south),,
September,2018,Transco-Z6 (non-NY),2.68,-0.22
September,2018,Transco-Z6 (NY),2.62,-0.28
September,2018,Transco-Z6 Sta-210,,
September,2018,Tres Palacios (inj),,
September,2018,Tres Palacios (w/d),,
September,2018,Trunkline-ELA,2.79,-0.11
September,2018,Trunkline-WLA,2.79,-0.11
September,2018,Trunkline-Z1A,2.73,-0.17
September,2018,TW-Blanco,2.18,-0.72
September,2018,TW-Central,,
September,2018,TW-Panhandle,1.42,-1.48
September,2018,TW-WTX,,
September,2018,Union-Dawn,2.9,0.0
September,2018,Waha,1.33,-1.57
September,2018,White River Hub,,
September,2018,WIC,,
September,2018,0,,
September,2018,0,,
September,2018,0,,
September,2018,0,,
October,2018,AB Pool (inter),,
October,2018,AB Pool (intra),,
October,2018,AGT-CG,,
October,2018,AGT-CG (non-G),3.46,0.44
October,2018,Agua Dulce Hub,,
October,2018,ANR-Joliet Hub,,
October,2018,ANR-SE,,
October,2018,ANR-SE-T,2.84,-0.18
October,2018,ANR-SW,2.2,-0.82
October,2018,APC-ACE,,
October,2018,APC-ANR,,
October,2018,APC-MGTC,,
October,2018,APC-NGPL,,
October,2018,APC-Nicor,,
October,2018,APC-VPC,,
October,2018,Arena WTX Pool,,
October,2018,Atmos Zone 3,,
October,2018,Banquete Hub,,
October,2018,Bay Gas Storage,,
October,2018,Bennington,,
October,2018,Beverly Salem,,
October,2018,Bluewater Hub,,
October,2018,Bobcat Inter,,
October,2018,Bobcat Stor,,
October,2018,Carthage,,
October,2018,CG-Mainline,2.84,-0.18
October,2018,CG-Onshore,2.88,-0.14
October,2018,Cheyenne,2.14,-0.88
October,2018,Chicago,2.93,-0.09
October,2018,CIG-Mainline,2.04,-0.98
October,2018,CIG-Mainline Pool,,
October,2018,CIG-Mainline South,,
October,2018,Clarington,,
October,2018,Clarington-Tenn,,
October,2018,Consumers,2.92,-0.1
October,2018,Cove Point,,
October,2018,Dracut,,
October,2018,Eastern Gas-North,,
October,2018,Eastern Gas-South,,
October,2018,Egan Inter,,
October,2018,Egan Stor,,
October,2018,EGT-Flex,,
October,2018,EGT-North,,
October,2018,EGT-Perryville Hub,2.73,-0.29
October,2018,EGT-South,,
October,2018,EGT-West,,
October,2018,Enable East Pool,,
October,2018,Enable West Pool ,,
October,2018,ENT-STX Map,,
October,2018,EP-Anadarko,,
October,2018,EP-Keystone,,
October,2018,EP-Plains Pool,,
October,2018,EP-S.Mainline,,
October,2018,EP-SJ Blanco Pool,1.9,-1.12
October,2018,EP-SJ Bondad Stn,,
October,2018,EP-Waha Pool,,
October,2018,ETC-Cleburne,,
October,2018,ETC-Maypearl,,
October,2018,ETC-Tiger Gas (receipt),,
October,2018,FGT-CG,,
October,2018,FGT-Z1,3.0,-0.02
October,2018,FGT-Z2,2.96,-0.06
October,2018,FGT-Z3,3.07,0.05
October,2018,GCX Waha Hub,,
October,2018,Gillis Hub,,
October,2018,GLGT-St.Clair,,
October,2018,Golden Triangle,,
October,2018,GTN-Kingsgate,,
October,2018,GTN-Malin,,
October,2018,GTN-Stanfield,,
October,2018,Guardian Hub,,
October,2018,Gulf S. Pool 16,,
October,2018,Gulf South - Perryville,,
October,2018,Henry,3.02,0.0
October,2018,HPL-ETX Pool,,
October,2018,HSC-HPL Pool,3.17,0.15
October,2018,HSC-Kinder Morgan,,
October,2018,Iroquois (into),3.09,0.07
October,2018,Iroquois-Z1,,
October,2018,Iroquois-Z2,3.12,0.1
October,2018,Iroquois-Z2 Hunts Pt,,
October,2018,Jefferson Island,,
October,2018,Katy-Enstor Pool,3.2,0.18
October,2018,Katy-Lonestar Inter,,
October,2018,Katy-Lonestar Intra,,
October,2018,Katy-Oasis,,
October,2018,KRGT-Del Pool,,
October,2018,KRGT-Rec Pool,,
October,2018,Lebanon,2.78,-0.24
October,2018,Leidy,,
October,2018,Leidy-Transco,2.5,-0.52
October,2018,M&N US,,
October,2018,MEP-Lamar,,
October,2018,Michcon,2.92,-0.1
October,2018,Midship (receipt),,
October,2018,Millennium,,
October,2018,Millennium East Pool,2.35,-0.67
October,2018,Millennium-Ramapo,,
October,2018,Moss Bluff Inter,,
October,2018,Moss Bluff Stor,,
October,2018,MS Hub,,
October,2018,NBPL-Bakken (receipt),,
October,2018,NBPL-Harper,,
October,2018,NBPL-Nicor,2.93,-0.09
October,2018,NBPL-Vector,,
October,2018,NBPL-Ventura,2.83,-0.19
October,2018,NBPL-Will County,,
October,2018,NGPL-AM Pool,,
October,2018,NGPL-AM Stor,,
October,2018,NGPL-GC Mainline,,
October,2018,NGPL-IA/IL AM Pool,,
October,2018,NGPL-IA/IL AM Stor,,
October,2018,NGPL-IA/IL GC Pool,,
October,2018,NGPL-IA/IL GC Stor,,
October,2018,NGPL-LA Pool,,
October,2018,NGPL-LA Stor,,
October,2018,NGPL-MidAm,,
October,2018,NGPL-Midcont Pool,2.05,-0.97
October,2018,NGPL-Midcont Stor,,
October,2018,NGPL-Nicor,2.93,-0.09
October,2018,NGPL-Nipsco,2.93,-0.09
October,2018,NGPL-STX,3.05,0.03
October,2018,NGPL-TXOK East,2.84,-0.18
October,2018,NGPL-TXOK East Stor,2.84,-0.18
October,2018,NGPL-TXOK West,2.84,-0.18
October,2018,NNG-Demarc,2.75,-0.27
October,2018,NNG-Mid 13-16A,,
October,2018,NNG-Mid 1-7,,
October,2018,NNG-Mid 8-12,,
October,2018,NNG-Ventura,2.85,-0.17
October,2018,Nortex-Tolar Hub,,
October,2018,NWP-Rocky Mtn,2.32,-0.7
October,2018,NWP-Sumas,2.25,-0.77
October,2018,NWP-Wyoming,,
October,2018,Oasis - Waha Pool,,
October,2018,OGT,,
October,2018,ONEOK Westex,1.64,-1.38
October,2018,Opal,,
October,2018,Panhandle,2.12,-0.9
October,2018,PG&E-Citygate,3.29,0.27
October,2018,PG&E-Daggett,,
October,2018,PG&E-KRS,,
October,2018,PG&E-Topock,,
October,2018,PGLC,2.91,-0.11
October,2018,Pine Prairie,,
October,2018,Pioneer,,
October,2018,PNGTS,,
October,2018,Questar-North,,
October,2018,Questar-South,,
October,2018,REX Cheyenne Comp Pool,,
October,2018,REX E-ANR,,
October,2018,REX E-MidW,,
October,2018,REX E-NGPL,,
October,2018,REX E-PEPL,,
October,2018,REX E-Trunk,,
October,2018,REX W-ANR,,
October,2018,REX W-NGPL,,
October,2018,REX W-NNG,,
October,2018,REX W-PEPL,,
October,2018,REX-Z3 (receipt) ,,
October,2018,REX-Z3 Del Pool,2.82,-0.2
October,2018,Rover (receipt),,
October,2018,Rover-ANR,,
October,2018,Rover-PEPL,,
October,2018,Ruby-Onyx Hill,,
October,2018,Ruby-Rec Pool,,
October,2018,Ryckman Creek Stor,,
October,2018,Salt Plains Inter,,
October,2018,Salt Plains Stor,,
October,2018,Socal-Blythe,,
October,2018,Socal-Border,2.47,-0.55
October,2018,Socal-Citygate,3.83,0.81
October,2018,Socal-Ehrenberg,,
October,2018,Socal-Firm Stor,,
October,2018,Socal-IT Stor,,
October,2018,Socal-Kramer,,
October,2018,Socal-KRS,,
October,2018,Socal-Needles,,
October,2018,Socal-Storage,,
October,2018,Socal-Topock (EP),,
October,2018,Socal-Topock (TW),,
October,2018,Socal-WR,,
October,2018,Sonat-Z0 South,2.96,-0.06
October,2018,Sonat-Z1 North,,
October,2018,Southern Pines Hub,,
October,2018,Southern Star,2.17,-0.85
October,2018,Spectra - Hunt,,
October,2018,Stagecoach ,,
October,2018,Stingray,,
October,2018,TCO,2.73,-0.29
October,2018,TCO-A04 Pool,,
October,2018,TCO-A06 Pool,,
October,2018,TCO-A08 Pool,,
October,2018,TCO-Seg Pool,,
October,2018,TETCO-ELA,2.86,-0.16
October,2018,TETCO-ETX,2.9,-0.12
October,2018,TETCO-M1 24,,
October,2018,TETCO-M1 30,2.91,-0.11
October,2018,TETCO-M2,,
October,2018,TETCO-M2 (receipt),2.38,-0.64
October,2018,TETCO-M3,2.54,-0.48
October,2018,TETCO-Manhattan,,
October,2018,TETCO-STX,3.06,0.04
October,2018,TETCO-WLA,2.93,-0.09
October,2018,TGP-500L,2.96,-0.06
October,2018,TGP-800L,2.92,-0.1
October,2018,TGP-Mahwah,,
October,2018,TGP-Niagara,2.87,-0.15
October,2018,TGP-Z0 Border Pool,2.9,-0.12
October,2018,TGP-Z0 North,2.9,-0.12
October,2018,TGP-Z0 South,2.9,-0.12
October,2018,TGP-Z1 100L,,
October,2018,TGP-Z1 800L Pool,,
October,2018,TGP-Z1 Sta-87,,
October,2018,TGP-Z4 300L,2.3,-0.72
October,2018,TGP-Z4 Marcellus,2.3,-0.72
October,2018,TGP-Z4 Sta-219,,
October,2018,TGP-Z4 Sta-313,2.75,-0.27
October,2018,TGP-Z5 200L,2.81,-0.21
October,2018,TGP-Z6 200L,3.43,0.41
October,2018,TGP-Z6 200L North,,
October,2018,TGP-Z6 200L South,,
October,2018,TGP-Z6 300L,,
October,2018,TGT-Mainline,2.85,-0.17
October,2018,TGT-North LA,,
October,2018,TGT-SL,2.92,-0.1
October,2018,Transco Zn3,2.96,-0.06
October,2018,Transco-165,,
October,2018,Transco-30,2.98,-0.04
October,2018,Transco-45,3.0,-0.02
October,2018,Transco-65,,
October,2018,Transco-85,2.97,-0.05
October,2018,Transco-River Road,,
October,2018,Transco-Z5,3.05,0.03
October,2018,Transco-Z5 North,,
October,2018,Transco-Z5 South,3.05,0.03
October,2018,Transco-Z6 (non-NY north ML),,
October,2018,Transco-Z6 (non-NY north),2.68,-0.34
October,2018,Transco-Z6 (non-NY south),,
October,2018,Transco-Z6 (non-NY),2.68,-0.34
October,2018,Transco-Z6 (NY),2.65,-0.37
October,2018,Transco-Z6 Sta-210,,
October,2018,Tres Palacios (inj),,
October,2018,Tres Palacios (w/d),,
October,2018,Trunkline-ELA,2.89,-0.13
October,2018,Trunkline-WLA,2.89,-0.13
October,2018,Trunkline-Z1A,2.8,-0.22
October,2018,TW-Blanco,1.98,-1.04
October,2018,TW-Central,,
October,2018,TW-Panhandle,1.21,-1.81
October,2018,TW-WTX,,
October,2018,Union-Dawn,2.91,-0.11
October,2018,Waha,1.21,-1.81
October,2018,White River Hub,,
October,2018,WIC,,
October,2018,0,,
October,2018,0,,
October,2018,0,,
October,2018,0,,
November,2018,AB Pool (inter),,
November,2018,AB Pool (intra),,
November,2018,AGT-CG,,
November,2018,AGT-CG (non-G),3.68,0.49
November,2018,Agua Dulce Hub,,
November,2018,ANR-Joliet Hub,,
November,2018,ANR-SE,,
November,2018,ANR-SE-T,3.09,-0.1
November,2018,ANR-SW,2.86,-0.33
November,2018,APC-ACE,,
November,2018,APC-ANR,,
November,2018,APC-MGTC,,
November,2018,APC-NGPL,,
November,2018,APC-Nicor,,
November,2018,APC-VPC,,
November,2018,Arena WTX Pool,,
November,2018,Atmos Zone 3,,
November,2018,Banquete Hub,,
November,2018,Bay Gas Storage,,
November,2018,Bennington,,
November,2018,Beverly Salem,,
November,2018,Bluewater Hub,,
November,2018,Bobcat Inter,,
November,2018,Bobcat Stor,,
November,2018,Carthage,,
November,2018,CG-Mainline,3.04,-0.15
November,2018,CG-Onshore,3.12,-0.07
November,2018,Cheyenne,3.1,-0.09
November,2018,Chicago,3.52,0.33
November,2018,CIG-Mainline,3.03,-0.16
November,2018,CIG-Mainline Pool,,
November,2018,CIG-Mainline South,,
November,2018,Clarington,,
November,2018,Clarington-Tenn,,
November,2018,Consumers,3.34,0.15
November,2018,Cove Point,,
November,2018,Dracut,,
November,2018,Eastern Gas-North,,
November,2018,Eastern Gas-South,,
November,2018,Egan Inter,,
November,2018,Egan Stor,,
November,2018,EGT-Flex,,
November,2018,EGT-North,,
November,2018,EGT-Perryville Hub,2.95,-0.24
November,2018,EGT-South,,
November,2018,EGT-West,,
November,2018,Enable East Pool,,
November,2018,Enable West Pool ,,
November,2018,ENT-STX Map,,
November,2018,EP-Anadarko,,
November,2018,EP-Keystone,,
November,2018,EP-Plains Pool,,
November,2018,EP-S.Mainline,,
November,2018,EP-SJ Blanco Pool,2.18,-1.01
November,2018,EP-SJ Bondad Stn,,
November,2018,EP-Waha Pool,,
November,2018,ETC-Cleburne,,
November,2018,ETC-Maypearl,,
November,2018,ETC-Tiger Gas (receipt),,
November,2018,FGT-CG,,
November,2018,FGT-Z1,3.18,-0.01
November,2018,FGT-Z2,3.16,-0.03
November,2018,FGT-Z3,3.23,0.04
November,2018,GCX Waha Hub,,
November,2018,Gillis Hub,,
November,2018,GLGT-St.Clair,,
November,2018,Golden Triangle,,
November,2018,GTN-Kingsgate,,
November,2018,GTN-Malin,,
November,2018,GTN-Stanfield,,
November,2018,Guardian Hub,,
November,2018,Gulf S. Pool 16,,
November,2018,Gulf South - Perryville,,
November,2018,Henry,3.19,0.0
November,2018,HPL-ETX Pool,,
November,2018,HSC-HPL Pool,3.35,0.16
November,2018,HSC-Kinder Morgan,,
November,2018,Iroquois (into),3.6,0.41
November,2018,Iroquois-Z1,,
November,2018,Iroquois-Z2,3.69,0.5
November,2018,Iroquois-Z2 Hunts Pt,,
November,2018,Jefferson Island,,
November,2018,Katy-Enstor Pool,3.46,0.27
November,2018,Katy-Lonestar Inter,,
November,2018,Katy-Lonestar Intra,,
November,2018,Katy-Oasis,,
November,2018,KRGT-Del Pool,,
November,2018,KRGT-Rec Pool,,
November,2018,Lebanon,3.09,-0.1
November,2018,Leidy,,
November,2018,Leidy-Transco,2.88,-0.31
November,2018,M&N US,,
November,2018,MEP-Lamar,,
November,2018,Michcon,3.28,0.09
November,2018,Midship (receipt),,
November,2018,Millennium,,
November,2018,Millennium East Pool,3.85,0.66
November,2018,Millennium-Ramapo,,
November,2018,Moss Bluff Inter,,
November,2018,Moss Bluff Stor,,
November,2018,MS Hub,,
November,2018,NBPL-Bakken (receipt),,
November,2018,NBPL-Harper,,
November,2018,NBPL-Nicor,3.53,0.34
November,2018,NBPL-Vector,,
November,2018,NBPL-Ventura,3.37,0.18
November,2018,NBPL-Will County,,
November,2018,NGPL-AM Pool,,
November,2018,NGPL-AM Stor,,
November,2018,NGPL-GC Mainline,,
November,2018,NGPL-IA/IL AM Pool,,
November,2018,NGPL-IA/IL AM Stor,,
November,2018,NGPL-IA/IL GC Pool,,
November,2018,NGPL-IA/IL GC Stor,,
November,2018,NGPL-LA Pool,,
November,2018,NGPL-LA Stor,,
November,2018,NGPL-MidAm,,
November,2018,NGPL-Midcont Pool,2.69,-0.5
November,2018,NGPL-Midcont Stor,,
November,2018,NGPL-Nicor,3.53,0.34
November,2018,NGPL-Nipsco,3.52,0.33
November,2018,NGPL-STX,3.24,0.05
November,2018,NGPL-TXOK East,3.08,-0.11
November,2018,NGPL-TXOK East Stor,3.08,-0.11
November,2018,NGPL-TXOK West,3.08,-0.11
November,2018,NNG-Demarc,3.39,0.2
November,2018,NNG-Mid 13-16A,,
November,2018,NNG-Mid 1-7,,
November,2018,NNG-Mid 8-12,,
November,2018,NNG-Ventura,3.47,0.28
November,2018,Nortex-Tolar Hub,,
November,2018,NWP-Rocky Mtn,3.23,0.04
November,2018,NWP-Sumas,13.32,10.13
November,2018,NWP-Wyoming,,
November,2018,Oasis - Waha Pool,,
November,2018,OGT,,
November,2018,ONEOK Westex,1.9,-1.29
November,2018,Opal,,
November,2018,Panhandle,2.78,-0.41
November,2018,PG&E-Citygate,4.05,0.86
November,2018,PG&E-Daggett,,
November,2018,PG&E-KRS,,
November,2018,PG&E-Topock,,
November,2018,PGLC,3.51,0.32
November,2018,Pine Prairie,,
November,2018,Pioneer,,
November,2018,PNGTS,,
November,2018,Questar-North,,
November,2018,Questar-South,,
November,2018,REX Cheyenne Comp Pool,,
November,2018,REX E-ANR,,
November,2018,REX E-MidW,,
November,2018,REX E-NGPL,,
November,2018,REX E-PEPL,,
November,2018,REX E-Trunk,,
November,2018,REX W-ANR,,
November,2018,REX W-NGPL,,
November,2018,REX W-NNG,,
November,2018,REX W-PEPL,,
November,2018,REX-Z3 (receipt) ,,
November,2018,REX-Z3 Del Pool,3.12,-0.07
November,2018,Rover (receipt),,
November,2018,Rover-ANR,,
November,2018,Rover-PEPL,,
November,2018,Ruby-Onyx Hill,,
November,2018,Ruby-Rec Pool,,
November,2018,Ryckman Creek Stor,,
November,2018,Salt Plains Inter,,
November,2018,Salt Plains Stor,,
November,2018,Socal-Blythe,,
November,2018,Socal-Border,2.81,-0.38
November,2018,Socal-Citygate,5.82,2.63
November,2018,Socal-Ehrenberg,,
November,2018,Socal-Firm Stor,,
November,2018,Socal-IT Stor,,
November,2018,Socal-Kramer,,
November,2018,Socal-KRS,,
November,2018,Socal-Needles,,
November,2018,Socal-Storage,,
November,2018,Socal-Topock (EP),,
November,2018,Socal-Topock (TW),,
November,2018,Socal-WR,,
November,2018,Sonat-Z0 South,3.15,-0.04
November,2018,Sonat-Z1 North,,
November,2018,Southern Pines Hub,,
November,2018,Southern Star,2.85,-0.34
November,2018,Spectra - Hunt,,
November,2018,Stagecoach ,,
November,2018,Stingray,,
November,2018,TCO,2.95,-0.24
November,2018,TCO-A04 Pool,,
November,2018,TCO-A06 Pool,,
November,2018,TCO-A08 Pool,,
November,2018,TCO-Seg Pool,,
November,2018,TETCO-ELA,3.08,-0.11
November,2018,TETCO-ETX,3.09,-0.1
November,2018,TETCO-M1 24,,
November,2018,TETCO-M1 30,3.1,-0.09
November,2018,TETCO-M2,,
November,2018,TETCO-M2 (receipt),2.78,-0.41
November,2018,TETCO-M3,3.02,-0.17
November,2018,TETCO-Manhattan,,
November,2018,TETCO-STX,3.25,0.06
November,2018,TETCO-WLA,3.14,-0.05
November,2018,TGP-500L,3.15,-0.04
November,2018,TGP-800L,3.12,-0.07
November,2018,TGP-Mahwah,,
November,2018,TGP-Niagara,3.32,0.13
November,2018,TGP-Z0 Border Pool,3.1,-0.09
November,2018,TGP-Z0 North,3.1,-0.09
November,2018,TGP-Z0 South,3.1,-0.09
November,2018,TGP-Z1 100L,,
November,2018,TGP-Z1 800L Pool,,
November,2018,TGP-Z1 Sta-87,,
November,2018,TGP-Z4 300L,2.81,-0.38
November,2018,TGP-Z4 Marcellus,2.81,-0.38
November,2018,TGP-Z4 Sta-219,,
November,2018,TGP-Z4 Sta-313,2.99,-0.2
November,2018,TGP-Z5 200L,3.04,-0.15
November,2018,TGP-Z6 200L,4.32,1.13
November,2018,TGP-Z6 200L North,,
November,2018,TGP-Z6 200L South,,
November,2018,TGP-Z6 300L,,
November,2018,TGT-Mainline,3.06,-0.13
November,2018,TGT-North LA,,
November,2018,TGT-SL,3.11,-0.08
November,2018,Transco Zn3,3.17,-0.02
November,2018,Transco-165,,
November,2018,Transco-30,3.12,-0.07
November,2018,Transco-45,3.17,-0.02
November,2018,Transco-65,,
November,2018,Transco-85,3.17,-0.02
November,2018,Transco-River Road,,
November,2018,Transco-Z5,3.34,0.15
November,2018,Transco-Z5 North,,
November,2018,Transco-Z5 South,3.34,0.15
November,2018,Transco-Z6 (non-NY north ML),,
November,2018,Transco-Z6 (non-NY north),3.11,-0.08
November,2018,Transco-Z6 (non-NY south),,
November,2018,Transco-Z6 (non-NY),3.11,-0.08
November,2018,Transco-Z6 (NY),3.19,0.0
November,2018,Transco-Z6 Sta-210,,
November,2018,Tres Palacios (inj),,
November,2018,Tres Palacios (w/d),,
November,2018,Trunkline-ELA,3.12,-0.07
November,2018,Trunkline-WLA,3.12,-0.07
November,2018,Trunkline-Z1A,3.06,-0.13
November,2018,TW-Blanco,2.14,-1.05
November,2018,TW-Central,,
November,2018,TW-Panhandle,1.66,-1.53
November,2018,TW-WTX,,
November,2018,Union-Dawn,3.45,0.26
November,2018,Waha,1.45,-1.74
November,2018,White River Hub,,
November,2018,WIC,,
November,2018,0,,
November,2018,0,,
November,2018,0,,
November,2018,0,,
December,2018,AB Pool (inter),,
December,2018,AB Pool (intra),,
December,2018,AGT-CG,,
December,2018,AGT-CG (non-G),10.53,5.79
December,2018,Agua Dulce Hub,,
December,2018,ANR-Joliet Hub,,
December,2018,ANR-SE,,
December,2018,ANR-SE-T,4.64,-0.1
December,2018,ANR-SW,4.45,-0.29
December,2018,APC-ACE,,
December,2018,APC-ANR,,
December,2018,APC-MGTC,,
December,2018,APC-NGPL,,
December,2018,APC-Nicor,,
December,2018,APC-VPC,,
December,2018,Arena WTX Pool,,
December,2018,Atmos Zone 3,,
December,2018,Banquete Hub,,
December,2018,Bay Gas Storage,,
December,2018,Bennington,,
December,2018,Beverly Salem,,
December,2018,Bluewater Hub,,
December,2018,Bobcat Inter,,
December,2018,Bobcat Stor,,
December,2018,Carthage,,
December,2018,CG-Mainline,4.59,-0.15
December,2018,CG-Onshore,4.68,-0.06
December,2018,Cheyenne,4.22,-0.52
December,2018,Chicago,4.43,-0.31
December,2018,CIG-Mainline,4.1,-0.64
December,2018,CIG-Mainline Pool,,
December,2018,CIG-Mainline South,,
December,2018,Clarington,,
December,2018,Clarington-Tenn,,
December,2018,Consumers,4.81,0.07
December,2018,Cove Point,,
December,2018,Dracut,,
December,2018,Eastern Gas-North,,
December,2018,Eastern Gas-South,,
December,2018,Egan Inter,,
December,2018,Egan Stor,,
December,2018,EGT-Flex,,
December,2018,EGT-North,,
December,2018,EGT-Perryville Hub,4.7,-0.04
December,2018,EGT-South,,
December,2018,EGT-West,,
December,2018,Enable East Pool,,
December,2018,Enable West Pool ,,
December,2018,ENT-STX Map,,
December,2018,EP-Anadarko,,
December,2018,EP-Keystone,,
December,2018,EP-Plains Pool,,
December,2018,EP-S.Mainline,,
December,2018,EP-SJ Blanco Pool,3.28,-1.46
December,2018,EP-SJ Bondad Stn,,
December,2018,EP-Waha Pool,,
December,2018,ETC-Cleburne,,
December,2018,ETC-Maypearl,,
December,2018,ETC-Tiger Gas (receipt),,
December,2018,FGT-CG,,
December,2018,FGT-Z1,4.73,-0.01
December,2018,FGT-Z2,4.72,-0.02
December,2018,FGT-Z3,4.78,0.04
December,2018,GCX Waha Hub,,
December,2018,Gillis Hub,,
December,2018,GLGT-St.Clair,,
December,2018,Golden Triangle,,
December,2018,GTN-Kingsgate,,
December,2018,GTN-Malin,,
December,2018,GTN-Stanfield,,
December,2018,Guardian Hub,,
December,2018,Gulf S. Pool 16,,
December,2018,Gulf South - Perryville,,
December,2018,Henry,4.74,0.0
December,2018,HPL-ETX Pool,,
December,2018,HSC-HPL Pool,4.73,-0.01
December,2018,HSC-Kinder Morgan,,
December,2018,Iroquois (into),5.82,1.08
December,2018,Iroquois-Z1,,
December,2018,Iroquois-Z2,8.37,3.63
December,2018,Iroquois-Z2 Hunts Pt,,
December,2018,Jefferson Island,,
December,2018,Katy-Enstor Pool,4.82,0.08
December,2018,Katy-Lonestar Inter,,
December,2018,Katy-Lonestar Intra,,
December,2018,Katy-Oasis,,
December,2018,KRGT-Del Pool,,
December,2018,KRGT-Rec Pool,,
December,2018,Lebanon,4.69,-0.05
December,2018,Leidy,,
December,2018,Leidy-Transco,4.38,-0.36
December,2018,M&N US,,
December,2018,MEP-Lamar,,
December,2018,Michcon,4.73,-0.01
December,2018,Midship (receipt),,
December,2018,Millennium,,
December,2018,Millennium East Pool,4.35,-0.39
December,2018,Millennium-Ramapo,,
December,2018,Moss Bluff Inter,,
December,2018,Moss Bluff Stor,,
December,2018,MS Hub,,
December,2018,NBPL-Bakken (receipt),,
December,2018,NBPL-Harper,,
December,2018,NBPL-Nicor,4.41,-0.33
December,2018,NBPL-Vector,,
December,2018,NBPL-Ventura,4.91,0.17
December,2018,NBPL-Will County,,
December,2018,NGPL-AM Pool,,
December,2018,NGPL-AM Stor,,
December,2018,NGPL-GC Mainline,,
December,2018,NGPL-IA/IL AM Pool,,
December,2018,NGPL-IA/IL AM Stor,,
December,2018,NGPL-IA/IL GC Pool,,
December,2018,NGPL-IA/IL GC Stor,,
December,2018,NGPL-LA Pool,,
December,2018,NGPL-LA Stor,,
December,2018,NGPL-MidAm,,
December,2018,NGPL-Midcont Pool,4.2,-0.54
December,2018,NGPL-Midcont Stor,,
December,2018,NGPL-Nicor,4.41,-0.33
December,2018,NGPL-Nipsco,4.55,-0.19
December,2018,NGPL-STX,4.74,0.0
December,2018,NGPL-TXOK East,4.56,-0.18
December,2018,NGPL-TXOK East Stor,4.56,-0.18
December,2018,NGPL-TXOK West,4.56,-0.18
December,2018,NNG-Demarc,4.54,-0.2
December,2018,NNG-Mid 13-16A,,
December,2018,NNG-Mid 1-7,,
December,2018,NNG-Mid 8-12,,
December,2018,NNG-Ventura,5.06,0.32
December,2018,Nortex-Tolar Hub,,
December,2018,NWP-Rocky Mtn,5.7,0.96
December,2018,NWP-Sumas,17.69,12.95
December,2018,NWP-Wyoming,,
December,2018,Oasis - Waha Pool,,
December,2018,OGT,,
December,2018,ONEOK Westex,3.96,-0.78
December,2018,Opal,,
December,2018,Panhandle,4.38,-0.36
December,2018,PG&E-Citygate,6.42,1.68
December,2018,PG&E-Daggett,,
December,2018,PG&E-KRS,,
December,2018,PG&E-Topock,,
December,2018,PGLC,4.37,-0.37
December,2018,Pine Prairie,,
December,2018,Pioneer,,
December,2018,PNGTS,,
December,2018,Questar-North,,
December,2018,Questar-South,,
December,2018,REX Cheyenne Comp Pool,,
December,2018,REX E-ANR,,
December,2018,REX E-MidW,,
December,2018,REX E-NGPL,,
December,2018,REX E-PEPL,,
December,2018,REX E-Trunk,,
December,2018,REX W-ANR,,
December,2018,REX W-NGPL,,
December,2018,REX W-NNG,,
December,2018,REX W-PEPL,,
December,2018,REX-Z3 (receipt) ,,
December,2018,REX-Z3 Del Pool,4.65,-0.09
December,2018,Rover (receipt),,
December,2018,Rover-ANR,,
December,2018,Rover-PEPL,,
December,2018,Ruby-Onyx Hill,,
December,2018,Ruby-Rec Pool,,
December,2018,Ryckman Creek Stor,,
December,2018,Salt Plains Inter,,
December,2018,Salt Plains Stor,,
December,2018,Socal-Blythe,,
December,2018,Socal-Border,5.79,1.05
December,2018,Socal-Citygate,13.91,9.17
December,2018,Socal-Ehrenberg,,
December,2018,Socal-Firm Stor,,
December,2018,Socal-IT Stor,,
December,2018,Socal-Kramer,,
December,2018,Socal-KRS,,
December,2018,Socal-Needles,,
December,2018,Socal-Storage,,
December,2018,Socal-Topock (EP),,
December,2018,Socal-Topock (TW),,
December,2018,Socal-WR,,
December,2018,Sonat-Z0 South,4.7,-0.04
December,2018,Sonat-Z1 North,,
December,2018,Southern Pines Hub,,
December,2018,Southern Star,4.48,-0.26
December,2018,Spectra - Hunt,,
December,2018,Stagecoach ,,
December,2018,Stingray,,
December,2018,TCO,4.53,-0.21
December,2018,TCO-A04 Pool,,
December,2018,TCO-A06 Pool,,
December,2018,TCO-A08 Pool,,
December,2018,TCO-Seg Pool,,
December,2018,TETCO-ELA,4.6,-0.14
December,2018,TETCO-ETX,4.65,-0.09
December,2018,TETCO-M1 24,,
December,2018,TETCO-M1 30,4.66,-0.08
December,2018,TETCO-M2,,
December,2018,TETCO-M2 (receipt),4.29,-0.45
December,2018,TETCO-M3,5.66,0.92
December,2018,TETCO-Manhattan,,
December,2018,TETCO-STX,4.75,0.01
December,2018,TETCO-WLA,4.68,-0.06
December,2018,TGP-500L,4.71,-0.03
December,2018,TGP-800L,4.67,-0.07
December,2018,TGP-Mahwah,,
December,2018,TGP-Niagara,5.04,0.3
December,2018,TGP-Z0 Border Pool,4.62,-0.12
December,2018,TGP-Z0 North,4.62,-0.12
December,2018,TGP-Z0 South,4.62,-0.12
December,2018,TGP-Z1 100L,,
December,2018,TGP-Z1 800L Pool,,
December,2018,TGP-Z1 Sta-87,,
December,2018,TGP-Z4 300L,4.34,-0.4
December,2018,TGP-Z4 Marcellus,4.34,-0.4
December,2018,TGP-Z4 Sta-219,,
December,2018,TGP-Z4 Sta-313,4.43,-0.31
December,2018,TGP-Z5 200L,4.56,-0.18
December,2018,TGP-Z6 200L,11.4,6.66
December,2018,TGP-Z6 200L North,,
December,2018,TGP-Z6 200L South,,
December,2018,TGP-Z6 300L,,
December,2018,TGT-Mainline,4.63,-0.11
December,2018,TGT-North LA,,
December,2018,TGT-SL,4.67,-0.07
December,2018,Transco Zn3,4.72,-0.02
December,2018,Transco-165,,
December,2018,Transco-30,4.7,-0.04
December,2018,Transco-45,4.73,-0.01
December,2018,Transco-65,,
December,2018,Transco-85,4.75,0.01
December,2018,Transco-River Road,,
December,2018,Transco-Z5,5.94,1.2
December,2018,Transco-Z5 North,,
December,2018,Transco-Z5 South,5.94,1.2
December,2018,Transco-Z6 (non-NY north ML),,
December,2018,Transco-Z6 (non-NY north),5.73,0.99
December,2018,Transco-Z6 (non-NY south),,
December,2018,Transco-Z6 (non-NY),5.73,0.99
December,2018,Transco-Z6 (NY),6.72,1.98
December,2018,Transco-Z6 Sta-210,,
December,2018,Tres Palacios (inj),,
December,2018,Tres Palacios (w/d),,
December,2018,Trunkline-ELA,4.68,-0.06
December,2018,Trunkline-WLA,4.68,-0.06
December,2018,Trunkline-Z1A,4.63,-0.11
December,2018,TW-Blanco,3.58,-1.16
December,2018,TW-Central,,
December,2018,TW-Panhandle,0.63,-4.11
December,2018,TW-WTX,,
December,2018,Union-Dawn,4.95,0.21
December,2018,Waha,0.16,-4.58
December,2018,White River Hub,,
December,2018,WIC,,
December,2018,0,,
December,2018,0,,
December,2018,0,,
December,2018,0,,
January,2019,AB Pool (inter),,
January,2019,AB Pool (intra),,
January,2019,AGT-CG,,
January,2019,AGT-CG (non-G),9.35,5.7
January,2019,Agua Dulce Hub,,
January,2019,ANR-Joliet Hub,,
January,2019,ANR-SE,,
January,2019,ANR-SE-T,3.56,-0.09
January,2019,ANR-SW,3.28,-0.37
January,2019,APC-ACE,,
January,2019,APC-ANR,,
January,2019,APC-MGTC,,
January,2019,APC-NGPL,,
January,2019,APC-Nicor,,
January,2019,APC-VPC,,
January,2019,Arena WTX Pool,,
January,2019,Atmos Zone 3,,
January,2019,Banquete Hub,,
January,2019,Bay Gas Storage,,
January,2019,Bennington,,
January,2019,Beverly Salem,,
January,2019,Bluewater Hub,,
January,2019,Bobcat Inter,,
January,2019,Bobcat Stor,,
January,2019,Carthage,,
January,2019,CG-Mainline,3.47,-0.18
January,2019,CG-Onshore,3.53,-0.12
January,2019,Cheyenne,3.4,-0.25
January,2019,Chicago,3.99,0.34
January,2019,CIG-Mainline,3.54,-0.11
January,2019,CIG-Mainline Pool,,
January,2019,CIG-Mainline South,,
January,2019,Clarington,,
January,2019,Clarington-Tenn,,
January,2019,Consumers,3.57,-0.08
January,2019,Cove Point,,
January,2019,Dracut,,
January,2019,Eastern Gas-North,,
January,2019,Eastern Gas-South,,
January,2019,Egan Inter,,
January,2019,Egan Stor,,
January,2019,EGT-Flex,,
January,2019,EGT-North,,
January,2019,EGT-Perryville Hub,3.56,-0.09
January,2019,EGT-South,,
January,2019,EGT-West,,
January,2019,Enable East Pool,,
January,2019,Enable West Pool ,,
January,2019,ENT-STX Map,,
January,2019,EP-Anadarko,,
January,2019,EP-Keystone,,
January,2019,EP-Plains Pool,,
January,2019,EP-S.Mainline,,
January,2019,EP-SJ Blanco Pool,3.27,-0.38
January,2019,EP-SJ Bondad Stn,,
January,2019,EP-Waha Pool,,
January,2019,ETC-Cleburne,,
January,2019,ETC-Maypearl,,
January,2019,ETC-Tiger Gas (receipt),,
January,2019,FGT-CG,,
January,2019,FGT-Z1,3.64,-0.01
January,2019,FGT-Z2,3.63,-0.02
January,2019,FGT-Z3,3.65,0.0
January,2019,GCX Waha Hub,,
January,2019,Gillis Hub,,
January,2019,GLGT-St.Clair,,
January,2019,Golden Triangle,,
January,2019,GTN-Kingsgate,,
January,2019,GTN-Malin,,
January,2019,GTN-Stanfield,,
January,2019,Guardian Hub,,
January,2019,Gulf S. Pool 16,,
January,2019,Gulf South - Perryville,,
January,2019,Henry,3.65,0.0
January,2019,HPL-ETX Pool,,
January,2019,HSC-HPL Pool,3.75,0.1
January,2019,HSC-Kinder Morgan,,
January,2019,Iroquois (into),5.29,1.64
January,2019,Iroquois-Z1,,
January,2019,Iroquois-Z2,8.55,4.9
January,2019,Iroquois-Z2 Hunts Pt,,
January,2019,Jefferson Island,,
January,2019,Katy-Enstor Pool,3.75,0.1
January,2019,Katy-Lonestar Inter,,
January,2019,Katy-Lonestar Intra,,
January,2019,Katy-Oasis,,
January,2019,KRGT-Del Pool,,
January,2019,KRGT-Rec Pool,,
January,2019,Lebanon,3.54,-0.11
January,2019,Leidy,,
January,2019,Leidy-Transco,3.38,-0.27
January,2019,M&N US,,
January,2019,MEP-Lamar,,
January,2019,Michcon,3.46,-0.19
January,2019,Midship (receipt),,
January,2019,Millennium,,
January,2019,Millennium East Pool,3.41,-0.24
January,2019,Millennium-Ramapo,,
January,2019,Moss Bluff Inter,,
January,2019,Moss Bluff Stor,,
January,2019,MS Hub,,
January,2019,NBPL-Bakken (receipt),,
January,2019,NBPL-Harper,,
January,2019,NBPL-Nicor,3.99,0.34
January,2019,NBPL-Vector,,
January,2019,NBPL-Ventura,4.21,0.56
January,2019,NBPL-Will County,,
January,2019,NGPL-AM Pool,,
January,2019,NGPL-AM Stor,,
January,2019,NGPL-GC Mainline,,
January,2019,NGPL-IA/IL AM Pool,,
January,2019,NGPL-IA/IL AM Stor,,
January,2019,NGPL-IA/IL GC Pool,,
January,2019,NGPL-IA/IL GC Stor,,
January,2019,NGPL-LA Pool,,
January,2019,NGPL-LA Stor,,
January,2019,NGPL-MidAm,,
January,2019,NGPL-Midcont Pool,2.93,-0.72
January,2019,NGPL-Midcont Stor,,
January,2019,NGPL-Nicor,3.99,0.34
January,2019,NGPL-Nipsco,4.0,0.35
January,2019,NGPL-STX,3.53,-0.12
January,2019,NGPL-TXOK East,3.37,-0.28
January,2019,NGPL-TXOK East Stor,3.37,-0.28
January,2019,NGPL-TXOK West,3.37,-0.28
January,2019,NNG-Demarc,3.58,-0.07
January,2019,NNG-Mid 13-16A,,
January,2019,NNG-Mid 1-7,,
January,2019,NNG-Mid 8-12,,
January,2019,NNG-Ventura,4.69,1.04
January,2019,Nortex-Tolar Hub,,
January,2019,NWP-Rocky Mtn,4.22,0.57
January,2019,NWP-Sumas,6.18,2.53
January,2019,NWP-Wyoming,,
January,2019,Oasis - Waha Pool,,
January,2019,OGT,,
January,2019,ONEOK Westex,3.15,-0.5
January,2019,Opal,,
January,2019,Panhandle,3.16,-0.49
January,2019,PG&E-Citygate,4.55,0.9
January,2019,PG&E-Daggett,,
January,2019,PG&E-KRS,,
January,2019,PG&E-Topock,,
January,2019,PGLC,3.98,0.33
January,2019,Pine Prairie,,
January,2019,Pioneer,,
January,2019,PNGTS,,
January,2019,Questar-North,,
January,2019,Questar-South,,
January,2019,REX Cheyenne Comp Pool,,
January,2019,REX E-ANR,,
January,2019,REX E-MidW,,
January,2019,REX E-NGPL,,
January,2019,REX E-PEPL,,
January,2019,REX E-Trunk,,
January,2019,REX W-ANR,,
January,2019,REX W-NGPL,,
January,2019,REX W-NNG,,
January,2019,REX W-PEPL,,
January,2019,REX-Z3 (receipt) ,,
January,2019,REX-Z3 Del Pool,3.48,-0.17
January,2019,Rover (receipt),,
January,2019,Rover-ANR,,
January,2019,Rover-PEPL,,
January,2019,Ruby-Onyx Hill,,
January,2019,Ruby-Rec Pool,,
January,2019,Ryckman Creek Stor,,
January,2019,Salt Plains Inter,,
January,2019,Salt Plains Stor,,
January,2019,Socal-Blythe,,
January,2019,Socal-Border,3.96,0.31
January,2019,Socal-Citygate,7.86,4.21
January,2019,Socal-Ehrenberg,,
January,2019,Socal-Firm Stor,,
January,2019,Socal-IT Stor,,
January,2019,Socal-Kramer,,
January,2019,Socal-KRS,,
January,2019,Socal-Needles,,
January,2019,Socal-Storage,,
January,2019,Socal-Topock (EP),,
January,2019,Socal-Topock (TW),,
January,2019,Socal-WR,,
January,2019,Sonat-Z0 South,3.6,-0.05
January,2019,Sonat-Z1 North,,
January,2019,Southern Pines Hub,,
January,2019,Southern Star,3.3,-0.35
January,2019,Spectra - Hunt,,
January,2019,Stagecoach ,,
January,2019,Stingray,,
January,2019,TCO,3.4,-0.25
January,2019,TCO-A04 Pool,,
January,2019,TCO-A06 Pool,,
January,2019,TCO-A08 Pool,,
January,2019,TCO-Seg Pool,,
January,2019,TETCO-ELA,3.5,-0.15
January,2019,TETCO-ETX,3.47,-0.18
January,2019,TETCO-M1 24,,
January,2019,TETCO-M1 30,3.54,-0.11
January,2019,TETCO-M2,,
January,2019,TETCO-M2 (receipt),3.31,-0.34
January,2019,TETCO-M3,6.88,3.23
January,2019,TETCO-Manhattan,,
January,2019,TETCO-STX,3.54,-0.11
January,2019,TETCO-WLA,3.55,-0.1
January,2019,TGP-500L,3.59,-0.06
January,2019,TGP-800L,3.54,-0.11
January,2019,TGP-Mahwah,,
January,2019,TGP-Niagara,3.83,0.18
January,2019,TGP-Z0 Border Pool,3.53,-0.12
January,2019,TGP-Z0 North,3.53,-0.12
January,2019,TGP-Z0 South,3.53,-0.12
January,2019,TGP-Z1 100L,,
January,2019,TGP-Z1 800L Pool,,
January,2019,TGP-Z1 Sta-87,,
January,2019,TGP-Z4 300L,3.31,-0.34
January,2019,TGP-Z4 Marcellus,3.31,-0.34
January,2019,TGP-Z4 Sta-219,,
January,2019,TGP-Z4 Sta-313,3.37,-0.28
January,2019,TGP-Z5 200L,3.47,-0.18
January,2019,TGP-Z6 200L,9.86,6.21
January,2019,TGP-Z6 200L North,10.53,6.88
January,2019,TGP-Z6 200L South,9.55,5.9
January,2019,TGP-Z6 300L,,
January,2019,TGT-Mainline,3.48,-0.17
January,2019,TGT-North LA,,
January,2019,TGT-SL,3.54,-0.11
January,2019,Transco Zn3,3.61,-0.04
January,2019,Transco-165,,
January,2019,Transco-30,3.56,-0.09
January,2019,Transco-45,3.64,-0.01
January,2019,Transco-65,,
January,2019,Transco-85,3.64,-0.01
January,2019,Transco-River Road,,
January,2019,Transco-Z5,7.31,3.66
January,2019,Transco-Z5 North,,
January,2019,Transco-Z5 South,7.31,3.66
January,2019,Transco-Z6 (non-NY north ML),,
January,2019,Transco-Z6 (non-NY north),7.18,3.53
January,2019,Transco-Z6 (non-NY south),,
January,2019,Transco-Z6 (non-NY),7.18,3.53
January,2019,Transco-Z6 (NY),8.38,4.73
January,2019,Transco-Z6 Sta-210,,
January,2019,Tres Palacios (inj),,
January,2019,Tres Palacios (w/d),,
January,2019,Trunkline-ELA,3.58,-0.07
January,2019,Trunkline-WLA,3.58,-0.07
January,2019,Trunkline-Z1A,3.47,-0.18
January,2019,TW-Blanco,3.48,-0.17
January,2019,TW-Central,,
January,2019,TW-Panhandle,2.03,-1.62
January,2019,TW-WTX,,
January,2019,Union-Dawn,3.76,0.11
January,2019,Waha,1.54,-2.11
January,2019,White River Hub,,
January,2019,WIC,,
January,2019,0,,
January,2019,0,,
January,2019,0,,
January,2019,0,,
February,2019,AB Pool (inter),,
February,2019,AB Pool (intra),,
February,2019,AGT-CG,,
February,2019,AGT-CG (non-G),7.56,4.61
February,2019,Agua Dulce Hub,,
February,2019,ANR-Joliet Hub,,
February,2019,ANR-SE,,
February,2019,ANR-SE-T,2.85,-0.1
February,2019,ANR-SW,2.7,-0.25
February,2019,APC-ACE,,
February,2019,APC-ANR,,
February,2019,APC-MGTC,,
February,2019,APC-NGPL,,
February,2019,APC-Nicor,,
February,2019,APC-VPC,,
February,2019,Arena WTX Pool,,
February,2019,Atmos Zone 3,,
February,2019,Banquete Hub,,
February,2019,Bay Gas Storage,,
February,2019,Bennington,,
February,2019,Beverly Salem,,
February,2019,Bluewater Hub,,
February,2019,Bobcat Inter,,
February,2019,Bobcat Stor,,
February,2019,Carthage,,
February,2019,CG-Mainline,2.79,-0.16
February,2019,CG-Onshore,2.85,-0.1
February,2019,Cheyenne,2.8,-0.15
February,2019,Chicago,3.19,0.24
February,2019,CIG-Mainline,2.85,-0.1
February,2019,CIG-Mainline Pool,,
February,2019,CIG-Mainline South,,
February,2019,Clarington,,
February,2019,Clarington-Tenn,,
February,2019,Consumers,2.95,0.0
February,2019,Cove Point,,
February,2019,Dracut,,
February,2019,Eastern Gas-North,,
February,2019,Eastern Gas-South,,
February,2019,Egan Inter,,
February,2019,Egan Stor,,
February,2019,EGT-Flex,,
February,2019,EGT-North,,
February,2019,EGT-Perryville Hub,2.88,-0.07
February,2019,EGT-South,,
February,2019,EGT-West,,
February,2019,Enable East Pool,,
February,2019,Enable West Pool ,,
February,2019,ENT-STX Map,,
February,2019,EP-Anadarko,,
February,2019,EP-Keystone,,
February,2019,EP-Plains Pool,,
February,2019,EP-S.Mainline,,
February,2019,EP-SJ Blanco Pool,2.73,-0.22
February,2019,EP-SJ Bondad Stn,,
February,2019,EP-Waha Pool,,
February,2019,ETC-Cleburne,,
February,2019,ETC-Maypearl,,
February,2019,ETC-Tiger Gas (receipt),,
February,2019,FGT-CG,,
February,2019,FGT-Z1,2.93,-0.02
February,2019,FGT-Z2,2.93,-0.02
February,2019,FGT-Z3,2.93,-0.02
February,2019,GCX Waha Hub,,
February,2019,Gillis Hub,,
February,2019,GLGT-St.Clair,,
February,2019,Golden Triangle,,
February,2019,GTN-Kingsgate,,
February,2019,GTN-Malin,,
February,2019,GTN-Stanfield,,
February,2019,Guardian Hub,,
February,2019,Gulf S. Pool 16,,
February,2019,Gulf South - Perryville,,
February,2019,Henry,2.95,0.0
February,2019,HPL-ETX Pool,,
February,2019,HSC-HPL Pool,3.1,0.15
February,2019,HSC-Kinder Morgan,,
February,2019,Iroquois (into),3.68,0.73
February,2019,Iroquois-Z1,,
February,2019,Iroquois-Z2,8.31,5.36
February,2019,Iroquois-Z2 Hunts Pt,,
February,2019,Jefferson Island,,
February,2019,Katy-Enstor Pool,,
February,2019,Katy-Lonestar Inter,,
February,2019,Katy-Lonestar Intra,,
February,2019,Katy-Oasis,,
February,2019,KRGT-Del Pool,,
February,2019,KRGT-Rec Pool,,
February,2019,Lebanon,2.88,-0.07
February,2019,Leidy,,
February,2019,Leidy-Transco,2.78,-0.17
February,2019,M&N US,,
February,2019,MEP-Lamar,,
February,2019,Michcon,2.85,-0.1
February,2019,Midship (receipt),,
February,2019,Millennium,,
February,2019,Millennium East Pool,2.77,-0.18
February,2019,Millennium-Ramapo,,
February,2019,Moss Bluff Inter,,
February,2019,Moss Bluff Stor,,
February,2019,MS Hub,,
February,2019,NBPL-Bakken (receipt),,
February,2019,NBPL-Harper,,
February,2019,NBPL-Nicor,3.17,0.22
February,2019,NBPL-Vector,,
February,2019,NBPL-Ventura,,
February,2019,NBPL-Will County,,
February,2019,NGPL-AM Pool,,
February,2019,NGPL-AM Stor,,
February,2019,NGPL-GC Mainline,,
February,2019,NGPL-IA/IL AM Pool,,
February,2019,NGPL-IA/IL AM Stor,,
February,2019,NGPL-IA/IL GC Pool,,
February,2019,NGPL-IA/IL GC Stor,,
February,2019,NGPL-LA Pool,,
February,2019,NGPL-LA Stor,,
February,2019,NGPL-MidAm,,
February,2019,NGPL-Midcont Pool,2.47,-0.48
February,2019,NGPL-Midcont Stor,,
February,2019,NGPL-Nicor,3.17,0.22
February,2019,NGPL-Nipsco,3.21,0.26
February,2019,NGPL-STX,2.84,-0.11
February,2019,NGPL-TXOK East,2.77,-0.18
February,2019,NGPL-TXOK East Stor,2.77,-0.18
February,2019,NGPL-TXOK West,2.77,-0.18
February,2019,NNG-Demarc,3.0,0.05
February,2019,NNG-Mid 13-16A,,
February,2019,NNG-Mid 1-7,,
February,2019,NNG-Mid 8-12,,
February,2019,NNG-Ventura,3.29,0.34
February,2019,Nortex-Tolar Hub,,
February,2019,NWP-Rocky Mtn,3.38,0.43
February,2019,NWP-Sumas,3.78,0.83
February,2019,NWP-Wyoming,,
February,2019,Oasis - Waha Pool,,
February,2019,OGT,,
February,2019,ONEOK Westex,2.46,-0.49
February,2019,Opal,,
February,2019,Panhandle,2.67,-0.28
February,2019,PG&E-Citygate,3.64,0.69
February,2019,PG&E-Daggett,,
February,2019,PG&E-KRS,,
February,2019,PG&E-Topock,,
February,2019,PGLC,3.27,0.32
February,2019,Pine Prairie,,
February,2019,Pioneer,,
February,2019,PNGTS,,
February,2019,Questar-North,,
February,2019,Questar-South,,
February,2019,REX Cheyenne Comp Pool,,
February,2019,REX E-ANR,,
February,2019,REX E-MidW,,
February,2019,REX E-NGPL,,
February,2019,REX E-PEPL,,
February,2019,REX E-Trunk,,
February,2019,REX W-ANR,,
February,2019,REX W-NGPL,,
February,2019,REX W-NNG,,
February,2019,REX W-PEPL,,
February,2019,REX-Z3 (receipt) ,,
February,2019,REX-Z3 Del Pool,2.86,-0.09
February,2019,Rover (receipt),,
February,2019,Rover-ANR,,
February,2019,Rover-PEPL,,
February,2019,Ruby-Onyx Hill,,
February,2019,Ruby-Rec Pool,,
February,2019,Ryckman Creek Stor,,
February,2019,Salt Plains Inter,,
February,2019,Salt Plains Stor,,
February,2019,Socal-Blythe,,
February,2019,Socal-Border,3.37,0.42
February,2019,Socal-Citygate,4.7,1.75
February,2019,Socal-Ehrenberg,,
February,2019,Socal-Firm Stor,,
February,2019,Socal-IT Stor,,
February,2019,Socal-Kramer,,
February,2019,Socal-KRS,,
February,2019,Socal-Needles,,
February,2019,Socal-Storage,,
February,2019,Socal-Topock (EP),,
February,2019,Socal-Topock (TW),,
February,2019,Socal-WR,,
February,2019,Sonat-Z0 South,2.89,-0.06
February,2019,Sonat-Z1 North,,
February,2019,Southern Pines Hub,,
February,2019,Southern Star,2.74,-0.21
February,2019,Spectra - Hunt,,
February,2019,Stagecoach ,,
February,2019,Stingray,,
February,2019,TCO,2.74,-0.21
February,2019,TCO-A04 Pool,,
February,2019,TCO-A06 Pool,,
February,2019,TCO-A08 Pool,,
February,2019,TCO-Seg Pool,,
February,2019,TETCO-ELA,2.85,-0.1
February,2019,TETCO-ETX,3.05,0.1
February,2019,TETCO-M1 24,,
February,2019,TETCO-M1 30,2.87,-0.08
February,2019,TETCO-M2,,
February,2019,TETCO-M2 (receipt),2.68,-0.27
February,2019,TETCO-M3,4.5,1.55
February,2019,TETCO-Manhattan,,
February,2019,TETCO-STX,2.85,-0.1
February,2019,TETCO-WLA,2.87,-0.08
February,2019,TGP-500L,2.88,-0.07
February,2019,TGP-800L,2.85,-0.1
February,2019,TGP-Mahwah,,
February,2019,TGP-Niagara,3.33,0.38
February,2019,TGP-Z0 Border Pool,2.83,-0.12
February,2019,TGP-Z0 North,2.83,-0.12
February,2019,TGP-Z0 South,2.83,-0.12
February,2019,TGP-Z1 100L,,
February,2019,TGP-Z1 800L Pool,,
February,2019,TGP-Z1 Sta-87,,
February,2019,TGP-Z4 300L,2.72,-0.23
February,2019,TGP-Z4 Marcellus,2.72,-0.23
February,2019,TGP-Z4 Sta-219,,
February,2019,TGP-Z4 Sta-313,2.71,-0.24
February,2019,TGP-Z5 200L,2.79,-0.16
February,2019,TGP-Z6 200L,,
February,2019,TGP-Z6 200L North,,
February,2019,TGP-Z6 200L South,,
February,2019,TGP-Z6 300L,,
February,2019,TGT-Mainline,2.8,-0.15
February,2019,TGT-North LA,,
February,2019,TGT-SL,2.85,-0.1
February,2019,Transco Zn3,2.89,-0.06
February,2019,Transco-165,,
February,2019,Transco-30,2.87,-0.08
February,2019,Transco-45,2.92,-0.03
February,2019,Transco-65,,
February,2019,Transco-85,2.9,-0.05
February,2019,Transco-River Road,,
February,2019,Transco-Z5,4.76,1.81
February,2019,Transco-Z5 North,,
February,2019,Transco-Z5 South,4.88,1.93
February,2019,Transco-Z6 (non-NY north ML),,
February,2019,Transco-Z6 (non-NY north),4.38,1.43
February,2019,Transco-Z6 (non-NY south),,
February,2019,Transco-Z6 (non-NY),4.38,1.43
February,2019,Transco-Z6 (NY),7.02,4.07
February,2019,Transco-Z6 Sta-210,,
February,2019,Tres Palacios (inj),,
February,2019,Tres Palacios (w/d),,
February,2019,Trunkline-ELA,2.88,-0.07
February,2019,Trunkline-WLA,2.88,-0.07
February,2019,Trunkline-Z1A,2.81,-0.14
February,2019,TW-Blanco,2.78,-0.17
February,2019,TW-Central,,
February,2019,TW-Panhandle,1.86,-1.09
February,2019,TW-WTX,,
February,2019,Union-Dawn,3.01,0.06
February,2019,Waha,1.69,-1.26
February,2019,White River Hub,,
February,2019,WIC,,
February,2019,0,,
February,2019,0,,
February,2019,0,,
February,2019,0,,
March,2019,AB Pool (inter),,
March,2019,AB Pool (intra),,
March,2019,AGT-CG,,
March,2019,AGT-CG (non-G),4.52,1.66
March,2019,Agua Dulce Hub,,
March,2019,ANR-Joliet Hub,,
March,2019,ANR-SE,,
March,2019,ANR-SE-T,2.77,-0.09
March,2019,ANR-SW,2.56,-0.3
March,2019,APC-ACE,,
March,2019,APC-ANR,,
March,2019,APC-MGTC,,
March,2019,APC-NGPL,,
March,2019,APC-Nicor,,
March,2019,APC-VPC,,
March,2019,Arena WTX Pool,,
March,2019,Atmos Zone 3,,
March,2019,Banquete Hub,,
March,2019,Bay Gas Storage,,
March,2019,Bennington,,
March,2019,Beverly Salem,,
March,2019,Bluewater Hub,,
March,2019,Bobcat Inter,,
March,2019,Bobcat Stor,,
March,2019,Carthage,,
March,2019,CG-Mainline,2.7,-0.16
March,2019,CG-Onshore,2.77,-0.09
March,2019,Cheyenne,2.51,-0.35
March,2019,Chicago,2.78,-0.08
March,2019,CIG-Mainline,2.45,-0.41
March,2019,CIG-Mainline Pool,,
March,2019,CIG-Mainline South,,
March,2019,Clarington,,
March,2019,Clarington-Tenn,,
March,2019,Consumers,2.9,0.04
March,2019,Cove Point,,
March,2019,Dracut,,
March,2019,Eastern Gas-North,,
March,2019,Eastern Gas-South,,
March,2019,Egan Inter,,
March,2019,Egan Stor,,
March,2019,EGT-Flex,,
March,2019,EGT-North,,
March,2019,EGT-Perryville Hub,2.62,-0.24
March,2019,EGT-South,,
March,2019,EGT-West,,
March,2019,Enable East Pool,,
March,2019,Enable West Pool ,,
March,2019,ENT-STX Map,,
March,2019,EP-Anadarko,,
March,2019,EP-Keystone,,
March,2019,EP-Plains Pool,,
March,2019,EP-S.Mainline,,
March,2019,EP-SJ Blanco Pool,2.17,-0.69
March,2019,EP-SJ Bondad Stn,,
March,2019,EP-Waha Pool,,
March,2019,ETC-Cleburne,,
March,2019,ETC-Maypearl,,
March,2019,ETC-Tiger Gas (receipt),,
March,2019,FGT-CG,,
March,2019,FGT-Z1,2.83,-0.03
March,2019,FGT-Z2,2.82,-0.04
March,2019,FGT-Z3,2.85,-0.01
March,2019,GCX Waha Hub,,
March,2019,Gillis Hub,,
March,2019,GLGT-St.Clair,,
March,2019,Golden Triangle,,
March,2019,GTN-Kingsgate,,
March,2019,GTN-Malin,,
March,2019,GTN-Stanfield,,
March,2019,Guardian Hub,,
March,2019,Gulf S. Pool 16,,
March,2019,Gulf South - Perryville,,
March,2019,Henry,2.86,0.0
March,2019,HPL-ETX Pool,,
March,2019,HSC-HPL Pool,2.74,-0.12
March,2019,HSC-Kinder Morgan,,
March,2019,Iroquois (into),3.25,0.39
March,2019,Iroquois-Z1,,
March,2019,Iroquois-Z2,3.71,0.85
March,2019,Iroquois-Z2 Hunts Pt,,
March,2019,Jefferson Island,,
March,2019,Katy-Enstor Pool,2.83,-0.03
March,2019,Katy-Lonestar Inter,,
March,2019,Katy-Lonestar Intra,,
March,2019,Katy-Oasis,,
March,2019,KRGT-Del Pool,,
March,2019,KRGT-Rec Pool,,
March,2019,Lebanon,2.82,-0.04
March,2019,Leidy,,
March,2019,Leidy-Transco,2.63,-0.23
March,2019,M&N US,,
March,2019,MEP-Lamar,,
March,2019,Michcon,2.85,-0.01
March,2019,Midship (receipt),,
March,2019,Millennium,,
March,2019,Millennium East Pool,2.61,-0.25
March,2019,Millennium-Ramapo,,
March,2019,Moss Bluff Inter,,
March,2019,Moss Bluff Stor,,
March,2019,MS Hub,,
March,2019,NBPL-Bakken (receipt),,
March,2019,NBPL-Harper,,
March,2019,NBPL-Nicor,2.78,-0.08
March,2019,NBPL-Vector,,
March,2019,NBPL-Ventura,3.05,0.19
March,2019,NBPL-Will County,,
March,2019,NGPL-AM Pool,,
March,2019,NGPL-AM Stor,,
March,2019,NGPL-GC Mainline,,
March,2019,NGPL-IA/IL AM Pool,,
March,2019,NGPL-IA/IL AM Stor,,
March,2019,NGPL-IA/IL GC Pool,,
March,2019,NGPL-IA/IL GC Stor,,
March,2019,NGPL-LA Pool,,
March,2019,NGPL-LA Stor,,
March,2019,NGPL-MidAm,,
March,2019,NGPL-Midcont Pool,2.46,-0.4
March,2019,NGPL-Midcont Stor,,
March,2019,NGPL-Nicor,2.78,-0.08
March,2019,NGPL-Nipsco,2.79,-0.07
March,2019,NGPL-STX,2.8,-0.06
March,2019,NGPL-TXOK East,2.71,-0.15
March,2019,NGPL-TXOK East Stor,2.71,-0.15
March,2019,NGPL-TXOK West,2.71,-0.15
March,2019,NNG-Demarc,2.73,-0.13
March,2019,NNG-Mid 13-16A,,
March,2019,NNG-Mid 1-7,,
March,2019,NNG-Mid 8-12,,
March,2019,NNG-Ventura,2.83,-0.03
March,2019,Nortex-Tolar Hub,,
March,2019,NWP-Rocky Mtn,2.77,-0.09
March,2019,NWP-Sumas,10.46,7.6
March,2019,NWP-Wyoming,,
March,2019,Oasis - Waha Pool,,
March,2019,OGT,,
March,2019,ONEOK Westex,2.05,-0.81
March,2019,Opal,,
March,2019,Panhandle,2.45,-0.41
March,2019,PG&E-Citygate,4.29,1.43
March,2019,PG&E-Daggett,,
March,2019,PG&E-KRS,,
March,2019,PG&E-Topock,,
March,2019,PGLC,2.66,-0.2
March,2019,Pine Prairie,,
March,2019,Pioneer,,
March,2019,PNGTS,,
March,2019,Questar-North,,
March,2019,Questar-South,,
March,2019,REX Cheyenne Comp Pool,,
March,2019,REX E-ANR,,
March,2019,REX E-MidW,,
March,2019,REX E-NGPL,,
March,2019,REX E-PEPL,,
March,2019,REX E-Trunk,,
March,2019,REX W-ANR,,
March,2019,REX W-NGPL,,
March,2019,REX W-NNG,,
March,2019,REX W-PEPL,,
March,2019,REX-Z3 (receipt) ,,
March,2019,REX-Z3 Del Pool,2.8,-0.06
March,2019,Rover (receipt),,
March,2019,Rover-ANR,,
March,2019,Rover-PEPL,,
March,2019,Ruby-Onyx Hill,,
March,2019,Ruby-Rec Pool,,
March,2019,Ryckman Creek Stor,,
March,2019,Salt Plains Inter,,
March,2019,Salt Plains Stor,,
March,2019,Socal-Blythe,,
March,2019,Socal-Border,2.81,-0.05
March,2019,Socal-Citygate,5.55,2.69
March,2019,Socal-Ehrenberg,,
March,2019,Socal-Firm Stor,,
March,2019,Socal-IT Stor,,
March,2019,Socal-Kramer,,
March,2019,Socal-KRS,,
March,2019,Socal-Needles,,
March,2019,Socal-Storage,,
March,2019,Socal-Topock (EP),,
March,2019,Socal-Topock (TW),,
March,2019,Socal-WR,,
March,2019,Sonat-Z0 South,2.8,-0.06
March,2019,Sonat-Z1 North,,
March,2019,Southern Pines Hub,,
March,2019,Southern Star,2.58,-0.28
March,2019,Spectra - Hunt,,
March,2019,Stagecoach ,,
March,2019,Stingray,,
March,2019,TCO,2.65,-0.21
March,2019,TCO-A04 Pool,,
March,2019,TCO-A06 Pool,,
March,2019,TCO-A08 Pool,,
March,2019,TCO-Seg Pool,,
March,2019,TETCO-ELA,2.75,-0.11
March,2019,TETCO-ETX,2.75,-0.11
March,2019,TETCO-M1 24,,
March,2019,TETCO-M1 30,2.76,-0.1
March,2019,TETCO-M2,,
March,2019,TETCO-M2 (receipt),2.6,-0.26
March,2019,TETCO-M3,2.96,0.1
March,2019,TETCO-Manhattan,,
March,2019,TETCO-STX,2.78,-0.08
March,2019,TETCO-WLA,2.79,-0.07
March,2019,TGP-500L,2.79,-0.07
March,2019,TGP-800L,2.76,-0.1
March,2019,TGP-Mahwah,,
March,2019,TGP-Niagara,2.96,0.1
March,2019,TGP-Z0 Border Pool,2.76,-0.1
March,2019,TGP-Z0 North,2.76,-0.1
March,2019,TGP-Z0 South,2.76,-0.1
March,2019,TGP-Z1 100L,,
March,2019,TGP-Z1 800L Pool,,
March,2019,TGP-Z1 Sta-87,,
March,2019,TGP-Z4 300L,2.6,-0.26
March,2019,TGP-Z4 Marcellus,2.6,-0.26
March,2019,TGP-Z4 Sta-219,,
March,2019,TGP-Z4 Sta-313,2.71,-0.15
March,2019,TGP-Z5 200L,2.7,-0.16
March,2019,TGP-Z6 200L,5.01,2.15
March,2019,TGP-Z6 200L North,6.39,3.53
March,2019,TGP-Z6 200L South,4.58,1.72
March,2019,TGP-Z6 300L,,
March,2019,TGT-Mainline,2.73,-0.13
March,2019,TGT-North LA,,
March,2019,TGT-SL,2.78,-0.08
March,2019,Transco Zn3,2.81,-0.05
March,2019,Transco-165,,
March,2019,Transco-30,2.81,-0.05
March,2019,Transco-45,2.83,-0.03
March,2019,Transco-65,,
March,2019,Transco-85,2.82,-0.04
March,2019,Transco-River Road,,
March,2019,Transco-Z5,3.02,0.16
March,2019,Transco-Z5 North,,
March,2019,Transco-Z5 South,3.02,0.16
March,2019,Transco-Z6 (non-NY north ML),,
March,2019,Transco-Z6 (non-NY north),2.9,0.04
March,2019,Transco-Z6 (non-NY south),3.06,0.2
March,2019,Transco-Z6 (non-NY),2.9,0.04
March,2019,Transco-Z6 (NY),3.09,0.23
March,2019,Transco-Z6 Sta-210,,
March,2019,Tres Palacios (inj),,
March,2019,Tres Palacios (w/d),,
March,2019,Trunkline-ELA,2.79,-0.07
March,2019,Trunkline-WLA,2.79,-0.07
March,2019,Trunkline-Z1A,2.72,-0.14
March,2019,TW-Blanco,2.3,-0.56
March,2019,TW-Central,,
March,2019,TW-Panhandle,1.18,-1.68
March,2019,TW-WTX,,
March,2019,Union-Dawn,2.97,0.11
March,2019,Waha,1.15,-1.71
March,2019,White River Hub,,
March,2019,WIC,,
March,2019,0,,
March,2019,0,,
March,2019,0,,
March,2019,0,,
April,2019,AB Pool (inter),,
April,2019,AB Pool (intra),,
April,2019,AGT-CG,,
April,2019,AGT-CG (non-G),2.93,0.22
April,2019,Agua Dulce Hub,,
April,2019,ANR-Joliet Hub,,
April,2019,ANR-SE,,
April,2019,ANR-SE-T,2.62,-0.09
April,2019,ANR-SW,2.21,-0.5
April,2019,APC-ACE,,
April,2019,APC-ANR,,
April,2019,APC-MGTC,,
April,2019,APC-NGPL,,
April,2019,APC-Nicor,,
April,2019,APC-VPC,,
April,2019,Arena WTX Pool,,
April,2019,Atmos Zone 3,,
April,2019,Banquete Hub,,
April,2019,Bay Gas Storage,,
April,2019,Bennington,,
April,2019,Beverly Salem,,
April,2019,Bluewater Hub,,
April,2019,Bobcat Inter,,
April,2019,Bobcat Stor,,
April,2019,Carthage,,
April,2019,CG-Mainline,2.55,-0.16
April,2019,CG-Onshore,2.61,-0.1
April,2019,Cheyenne,2.19,-0.52
April,2019,Chicago,2.66,-0.05
April,2019,CIG-Mainline,2.25,-0.46
April,2019,CIG-Mainline Pool,,
April,2019,CIG-Mainline South,,
April,2019,Clarington,,
April,2019,Clarington-Tenn,,
April,2019,Consumers,2.65,-0.06
April,2019,Cove Point,,
April,2019,Dracut,,
April,2019,Eastern Gas-North,,
April,2019,Eastern Gas-South,,
April,2019,Egan Inter,,
April,2019,Egan Stor,,
April,2019,EGT-Flex,,
April,2019,EGT-North,,
April,2019,EGT-Perryville Hub,2.49,-0.22
April,2019,EGT-South,,
April,2019,EGT-West,,
April,2019,Enable East Pool,,
April,2019,Enable West Pool ,,
April,2019,ENT-STX Map,,
April,2019,EP-Anadarko,,
April,2019,EP-Keystone,,
April,2019,EP-Plains Pool,,
April,2019,EP-S.Mainline,,
April,2019,EP-SJ Blanco Pool,1.52,-1.19
April,2019,EP-SJ Bondad Stn,,
April,2019,EP-Waha Pool,,
April,2019,ETC-Cleburne,,
April,2019,ETC-Maypearl,,
April,2019,ETC-Tiger Gas (receipt),,
April,2019,FGT-CG,,
April,2019,FGT-Z1,2.63,-0.08
April,2019,FGT-Z2,2.68,-0.03
April,2019,FGT-Z3,2.71,0.0
April,2019,GCX Waha Hub,,
April,2019,Gillis Hub,,
April,2019,GLGT-St.Clair,,
April,2019,Golden Triangle,,
April,2019,GTN-Kingsgate,,
April,2019,GTN-Malin,,
April,2019,GTN-Stanfield,,
April,2019,Guardian Hub,,
April,2019,Gulf S. Pool 16,,
April,2019,Gulf South - Perryville,,
April,2019,Henry,2.71,0.0
April,2019,HPL-ETX Pool,,
April,2019,HSC-HPL Pool,2.72,0.01
April,2019,HSC-Kinder Morgan,,
April,2019,Iroquois (into),2.75,0.04
April,2019,Iroquois-Z1,,
April,2019,Iroquois-Z2,2.79,0.08
April,2019,Iroquois-Z2 Hunts Pt,,
April,2019,Jefferson Island,,
April,2019,Katy-Enstor Pool,2.77,0.06
April,2019,Katy-Lonestar Inter,,
April,2019,Katy-Lonestar Intra,,
April,2019,Katy-Oasis,,
April,2019,KRGT-Del Pool,,
April,2019,KRGT-Rec Pool,,
April,2019,Lebanon,2.57,-0.14
April,2019,Leidy,,
April,2019,Leidy-Transco,2.42,-0.29
April,2019,M&N US,,
April,2019,MEP-Lamar,,
April,2019,Michcon,2.63,-0.08
April,2019,Midship (receipt),,
April,2019,Millennium,,
April,2019,Millennium East Pool,2.38,-0.33
April,2019,Millennium-Ramapo,,
April,2019,Moss Bluff Inter,,
April,2019,Moss Bluff Stor,,
April,2019,MS Hub,,
April,2019,NBPL-Bakken (receipt),,
April,2019,NBPL-Harper,,
April,2019,NBPL-Nicor,2.63,-0.08
April,2019,NBPL-Vector,,
April,2019,NBPL-Ventura,2.45,-0.26
April,2019,NBPL-Will County,,
April,2019,NGPL-AM Pool,,
April,2019,NGPL-AM Stor,,
April,2019,NGPL-GC Mainline,,
April,2019,NGPL-IA/IL AM Pool,,
April,2019,NGPL-IA/IL AM Stor,,
April,2019,NGPL-IA/IL GC Pool,,
April,2019,NGPL-IA/IL GC Stor,,
April,2019,NGPL-LA Pool,,
April,2019,NGPL-LA Stor,,
April,2019,NGPL-MidAm,,
April,2019,NGPL-Midcont Pool,2.19,-0.52
April,2019,NGPL-Midcont Stor,,
April,2019,NGPL-Nicor,2.63,-0.08
April,2019,NGPL-Nipsco,2.67,-0.04
April,2019,NGPL-STX,2.64,-0.07
April,2019,NGPL-TXOK East,2.55,-0.16
April,2019,NGPL-TXOK East Stor,2.55,-0.16
April,2019,NGPL-TXOK West,2.55,-0.16
April,2019,NNG-Demarc,2.47,-0.24
April,2019,NNG-Mid 13-16A,,
April,2019,NNG-Mid 1-7,,
April,2019,NNG-Mid 8-12,,
April,2019,NNG-Ventura,2.48,-0.23
April,2019,Nortex-Tolar Hub,,
April,2019,NWP-Rocky Mtn,2.48,-0.23
April,2019,NWP-Sumas,2.66,-0.05
April,2019,NWP-Wyoming,,
April,2019,Oasis - Waha Pool,,
April,2019,OGT,,
April,2019,ONEOK Westex,2.0,-0.71
April,2019,Opal,,
April,2019,Panhandle,2.15,-0.56
April,2019,PG&E-Citygate,3.67,0.96
April,2019,PG&E-Daggett,,
April,2019,PG&E-KRS,,
April,2019,PG&E-Topock,,
April,2019,PGLC,2.69,-0.02
April,2019,Pine Prairie,,
April,2019,Pioneer,,
April,2019,PNGTS,,
April,2019,Questar-North,,
April,2019,Questar-South,,
April,2019,REX Cheyenne Comp Pool,,
April,2019,REX E-ANR,,
April,2019,REX E-MidW,,
April,2019,REX E-NGPL,,
April,2019,REX E-PEPL,,
April,2019,REX E-Trunk,,
April,2019,REX W-ANR,,
April,2019,REX W-NGPL,,
April,2019,REX W-NNG,,
April,2019,REX W-PEPL,,
April,2019,REX-Z3 (receipt) ,,
April,2019,REX-Z3 Del Pool,2.57,-0.14
April,2019,Rover (receipt),,
April,2019,Rover-ANR,,
April,2019,Rover-PEPL,,
April,2019,Ruby-Onyx Hill,,
April,2019,Ruby-Rec Pool,,
April,2019,Ryckman Creek Stor,,
April,2019,Salt Plains Inter,,
April,2019,Salt Plains Stor,,
April,2019,Socal-Blythe,,
April,2019,Socal-Border,2.59,-0.12
April,2019,Socal-Citygate,4.21,1.5
April,2019,Socal-Ehrenberg,,
April,2019,Socal-Firm Stor,,
April,2019,Socal-IT Stor,,
April,2019,Socal-Kramer,,
April,2019,Socal-KRS,,
April,2019,Socal-Needles,,
April,2019,Socal-Storage,,
April,2019,Socal-Topock (EP),,
April,2019,Socal-Topock (TW),,
April,2019,Socal-WR,,
April,2019,Sonat-Z0 South,2.65,-0.06
April,2019,Sonat-Z1 North,,
April,2019,Southern Pines Hub,,
April,2019,Southern Star,2.25,-0.46
April,2019,Spectra - Hunt,,
April,2019,Stagecoach ,,
April,2019,Stingray,,
April,2019,TCO,2.48,-0.23
April,2019,TCO-A04 Pool,,
April,2019,TCO-A06 Pool,,
April,2019,TCO-A08 Pool,,
April,2019,TCO-Seg Pool,2.52,-0.19
April,2019,TETCO-ELA,2.58,-0.13
April,2019,TETCO-ETX,2.59,-0.12
April,2019,TETCO-M1 24,,
April,2019,TETCO-M1 30,2.6,-0.11
April,2019,TETCO-M2,,
April,2019,TETCO-M2 (receipt),2.4,-0.31
April,2019,TETCO-M3,2.5,-0.21
April,2019,TETCO-Manhattan,,
April,2019,TETCO-STX,2.62,-0.09
April,2019,TETCO-WLA,2.63,-0.08
April,2019,TGP-500L,2.65,-0.06
April,2019,TGP-800L,2.61,-0.1
April,2019,TGP-Mahwah,,
April,2019,TGP-Niagara,2.64,-0.07
April,2019,TGP-Z0 Border Pool,2.62,-0.09
April,2019,TGP-Z0 North,2.62,-0.09
April,2019,TGP-Z0 South,2.62,-0.09
April,2019,TGP-Z1 100L,,
April,2019,TGP-Z1 800L Pool,,
April,2019,TGP-Z1 Sta-87,,
April,2019,TGP-Z4 300L,2.34,-0.37
April,2019,TGP-Z4 Marcellus,2.34,-0.37
April,2019,TGP-Z4 Sta-219,,
April,2019,TGP-Z4 Sta-313,2.51,-0.2
April,2019,TGP-Z5 200L,2.53,-0.18
April,2019,TGP-Z6 200L,3.22,0.51
April,2019,TGP-Z6 200L North,3.37,0.66
April,2019,TGP-Z6 200L South,2.94,0.23
April,2019,TGP-Z6 300L,,
April,2019,TGT-Mainline,2.57,-0.14
April,2019,TGT-North LA,,
April,2019,TGT-SL,2.59,-0.12
April,2019,Transco Zn3,2.66,-0.05
April,2019,Transco-165,,
April,2019,Transco-30,2.65,-0.06
April,2019,Transco-45,2.7,-0.01
April,2019,Transco-65,,
April,2019,Transco-85,2.66,-0.05
April,2019,Transco-River Road,,
April,2019,Transco-Z5,2.73,0.02
April,2019,Transco-Z5 North,,
April,2019,Transco-Z5 South,2.73,0.02
April,2019,Transco-Z6 (non-NY north ML),,
April,2019,Transco-Z6 (non-NY north),2.5,-0.21
April,2019,Transco-Z6 (non-NY south),,
April,2019,Transco-Z6 (non-NY),2.5,-0.21
April,2019,Transco-Z6 (NY),2.58,-0.13
April,2019,Transco-Z6 Sta-210,,
April,2019,Tres Palacios (inj),,
April,2019,Tres Palacios (w/d),,
April,2019,Trunkline-ELA,2.63,-0.08
April,2019,Trunkline-WLA,2.63,-0.08
April,2019,Trunkline-Z1A,2.63,-0.08
April,2019,TW-Blanco,1.8,-0.91
April,2019,TW-Central,,
April,2019,TW-Panhandle,0.04,-2.67
April,2019,TW-WTX,,
April,2019,Union-Dawn,2.67,-0.04
April,2019,Waha,-0.06,-2.77
April,2019,White River Hub,,
April,2019,WIC,,
April,2019,0,,
April,2019,0,,
April,2019,0,,
April,2019,0,,
May,2019,AB Pool (inter),,
May,2019,AB Pool (intra),,
May,2019,AGT-CG,,
May,2019,AGT-CG (non-G),2.37,-0.2
May,2019,Agua Dulce Hub,,
May,2019,ANR-Joliet Hub,,
May,2019,ANR-SE,,
May,2019,ANR-SE-T,2.49,-0.08
May,2019,ANR-SW,1.89,-0.68
May,2019,APC-ACE,,
May,2019,APC-ANR,,
May,2019,APC-MGTC,,
May,2019,APC-NGPL,,
May,2019,APC-Nicor,,
May,2019,APC-VPC,,
May,2019,Arena WTX Pool,,
May,2019,Atmos Zone 3,,
May,2019,Banquete Hub,,
May,2019,Bay Gas Storage,,
May,2019,Bennington,,
May,2019,Beverly Salem,,
May,2019,Bluewater Hub,,
May,2019,Bobcat Inter,,
May,2019,Bobcat Stor,,
May,2019,Carthage,,
May,2019,CG-Mainline,2.38,-0.19
May,2019,CG-Onshore,2.43,-0.14
May,2019,Cheyenne,1.79,-0.78
May,2019,Chicago,2.31,-0.26
May,2019,CIG-Mainline,1.75,-0.82
May,2019,CIG-Mainline Pool,,
May,2019,CIG-Mainline South,,
May,2019,Clarington,,
May,2019,Clarington-Tenn,,
May,2019,Consumers,2.4,-0.17
May,2019,Cove Point,,
May,2019,Dracut,,
May,2019,Eastern Gas-North,,
May,2019,Eastern Gas-South,,
May,2019,Egan Inter,,
May,2019,Egan Stor,,
May,2019,EGT-Flex,,
May,2019,EGT-North,,
May,2019,EGT-Perryville Hub,2.21,-0.36
May,2019,EGT-South,,
May,2019,EGT-West,,
May,2019,Enable East Pool,,
May,2019,Enable West Pool ,,
May,2019,ENT-STX Map,,
May,2019,EP-Anadarko,,
May,2019,EP-Keystone,,
May,2019,EP-Plains Pool,,
May,2019,EP-S.Mainline,,
May,2019,EP-SJ Blanco Pool,1.38,-1.19
May,2019,EP-SJ Bondad Stn,,
May,2019,EP-Waha Pool,,
May,2019,ETC-Cleburne,,
May,2019,ETC-Maypearl,,
May,2019,ETC-Tiger Gas (receipt),,
May,2019,FGT-CG,,
May,2019,FGT-Z1,2.49,-0.08
May,2019,FGT-Z2,2.5,-0.07
May,2019,FGT-Z3,2.54,-0.03
May,2019,GCX Waha Hub,,
May,2019,Gillis Hub,,
May,2019,GLGT-St.Clair,,
May,2019,Golden Triangle,,
May,2019,GTN-Kingsgate,,
May,2019,GTN-Malin,,
May,2019,GTN-Stanfield,,
May,2019,Guardian Hub,,
May,2019,Gulf S. Pool 16,,
May,2019,Gulf South - Perryville,,
May,2019,Henry,2.57,0.0
May,2019,HPL-ETX Pool,,
May,2019,HSC-HPL Pool,2.6,0.03
May,2019,HSC-Kinder Morgan,,
May,2019,Iroquois (into),2.44,-0.13
May,2019,Iroquois-Z1,,
May,2019,Iroquois-Z2,2.36,-0.21
May,2019,Iroquois-Z2 Hunts Pt,,
May,2019,Jefferson Island,,
May,2019,Katy-Enstor Pool,2.58,0.01
May,2019,Katy-Lonestar Inter,,
May,2019,Katy-Lonestar Intra,,
May,2019,Katy-Oasis,,
May,2019,KRGT-Del Pool,,
May,2019,KRGT-Rec Pool,,
May,2019,Lebanon,2.3,-0.27
May,2019,Leidy,,
May,2019,Leidy-Transco,2.04,-0.53
May,2019,M&N US,,
May,2019,MEP-Lamar,,
May,2019,Michcon,2.38,-0.19
May,2019,Midship (receipt),,
May,2019,Millennium,,
May,2019,Millennium East Pool,1.97,-0.6
May,2019,Millennium-Ramapo,,
May,2019,Moss Bluff Inter,,
May,2019,Moss Bluff Stor,,
May,2019,MS Hub,,
May,2019,NBPL-Bakken (receipt),,
May,2019,NBPL-Harper,,
May,2019,NBPL-Nicor,2.31,-0.26
May,2019,NBPL-Vector,,
May,2019,NBPL-Ventura,,
May,2019,NBPL-Will County,,
May,2019,NGPL-AM Pool,,
May,2019,NGPL-AM Stor,,
May,2019,NGPL-GC Mainline,,
May,2019,NGPL-IA/IL AM Pool,,
May,2019,NGPL-IA/IL AM Stor,,
May,2019,NGPL-IA/IL GC Pool,,
May,2019,NGPL-IA/IL GC Stor,,
May,2019,NGPL-LA Pool,,
May,2019,NGPL-LA Stor,,
May,2019,NGPL-MidAm,,
May,2019,NGPL-Midcont Pool,1.9,-0.67
May,2019,NGPL-Midcont Stor,,
May,2019,NGPL-Nicor,2.31,-0.26
May,2019,NGPL-Nipsco,2.31,-0.26
May,2019,NGPL-STX,2.52,-0.05
May,2019,NGPL-TXOK East,2.36,-0.21
May,2019,NGPL-TXOK East Stor,2.36,-0.21
May,2019,NGPL-TXOK West,2.36,-0.21
May,2019,NNG-Demarc,2.17,-0.4
May,2019,NNG-Mid 13-16A,,
May,2019,NNG-Mid 1-7,,
May,2019,NNG-Mid 8-12,,
May,2019,NNG-Ventura,2.17,-0.4
May,2019,Nortex-Tolar Hub,,
May,2019,NWP-Rocky Mtn,1.88,-0.69
May,2019,NWP-Sumas,1.86,-0.71
May,2019,NWP-Wyoming,,
May,2019,Oasis - Waha Pool,,
May,2019,OGT,,
May,2019,ONEOK Westex,1.62,-0.95
May,2019,Opal,,
May,2019,Panhandle,1.79,-0.78
May,2019,PG&E-Citygate,3.08,0.51
May,2019,PG&E-Daggett,,
May,2019,PG&E-KRS,,
May,2019,PG&E-Topock,,
May,2019,PGLC,2.42,-0.15
May,2019,Pine Prairie,,
May,2019,Pioneer,,
May,2019,PNGTS,,
May,2019,Questar-North,,
May,2019,Questar-South,,
May,2019,REX Cheyenne Comp Pool,,
May,2019,REX E-ANR,,
May,2019,REX E-MidW,,
May,2019,REX E-NGPL,,
May,2019,REX E-PEPL,,
May,2019,REX E-Trunk,,
May,2019,REX W-ANR,,
May,2019,REX W-NGPL,,
May,2019,REX W-NNG,,
May,2019,REX W-PEPL,,
May,2019,REX-Z3 (receipt) ,,
May,2019,REX-Z3 Del Pool,2.27,-0.3
May,2019,Rover (receipt),,
May,2019,Rover-ANR,,
May,2019,Rover-PEPL,,
May,2019,Ruby-Onyx Hill,,
May,2019,Ruby-Rec Pool,,
May,2019,Ryckman Creek Stor,,
May,2019,Salt Plains Inter,,
May,2019,Salt Plains Stor,,
May,2019,Socal-Blythe,,
May,2019,Socal-Border,1.9,-0.67
May,2019,Socal-Citygate,2.64,0.07
May,2019,Socal-Ehrenberg,,
May,2019,Socal-Firm Stor,,
May,2019,Socal-IT Stor,,
May,2019,Socal-Kramer,,
May,2019,Socal-KRS,,
May,2019,Socal-Needles,,
May,2019,Socal-Storage,,
May,2019,Socal-Topock (EP),,
May,2019,Socal-Topock (TW),,
May,2019,Socal-WR,,
May,2019,Sonat-Z0 South,2.5,-0.07
May,2019,Sonat-Z1 North,,
May,2019,Southern Pines Hub,,
May,2019,Southern Star,1.86,-0.71
May,2019,Spectra - Hunt,,
May,2019,Stagecoach ,,
May,2019,Stingray,,
May,2019,TCO,2.3,-0.27
May,2019,TCO-A04 Pool,,
May,2019,TCO-A06 Pool,,
May,2019,TCO-A08 Pool,,
May,2019,TCO-Seg Pool,,
May,2019,TETCO-ELA,2.42,-0.15
May,2019,TETCO-ETX,2.42,-0.15
May,2019,TETCO-M1 24,,
May,2019,TETCO-M1 30,2.45,-0.12
May,2019,TETCO-M2,,
May,2019,TETCO-M2 (receipt),2.11,-0.46
May,2019,TETCO-M3,2.21,-0.36
May,2019,TETCO-Manhattan,,
May,2019,TETCO-STX,2.47,-0.1
May,2019,TETCO-WLA,2.47,-0.1
May,2019,TGP-500L,2.5,-0.07
May,2019,TGP-800L,2.46,-0.11
May,2019,TGP-Mahwah,,
May,2019,TGP-Niagara,2.36,-0.21
May,2019,TGP-Z0 Border Pool,2.44,-0.13
May,2019,TGP-Z0 North,2.44,-0.13
May,2019,TGP-Z0 South,2.44,-0.13
May,2019,TGP-Z1 100L,,
May,2019,TGP-Z1 800L Pool,,
May,2019,TGP-Z1 Sta-87,,
May,2019,TGP-Z4 300L,1.91,-0.66
May,2019,TGP-Z4 Marcellus,1.91,-0.66
May,2019,TGP-Z4 Sta-219,,
May,2019,TGP-Z4 Sta-313,2.26,-0.31
May,2019,TGP-Z5 200L,2.3,-0.27
May,2019,TGP-Z6 200L,2.44,-0.13
May,2019,TGP-Z6 200L North,2.82,0.25
May,2019,TGP-Z6 200L South,2.42,-0.15
May,2019,TGP-Z6 300L,,
May,2019,TGT-Mainline,2.39,-0.18
May,2019,TGT-North LA,,
May,2019,TGT-SL,2.44,-0.13
May,2019,Transco Zn3,2.5,-0.07
May,2019,Transco-165,,
May,2019,Transco-30,2.49,-0.08
May,2019,Transco-45,2.55,-0.02
May,2019,Transco-65,,
May,2019,Transco-85,2.5,-0.07
May,2019,Transco-River Road,,
May,2019,Transco-Z5,2.53,-0.04
May,2019,Transco-Z5 North,,
May,2019,Transco-Z5 South,2.53,-0.04
May,2019,Transco-Z6 (non-NY north ML),,
May,2019,Transco-Z6 (non-NY north),2.2,-0.37
May,2019,Transco-Z6 (non-NY south),,
May,2019,Transco-Z6 (non-NY),2.2,-0.37
May,2019,Transco-Z6 (NY),2.21,-0.36
May,2019,Transco-Z6 Sta-210,,
May,2019,Tres Palacios (inj),,
May,2019,Tres Palacios (w/d),,
May,2019,Trunkline-ELA,2.53,-0.04
May,2019,Trunkline-WLA,2.53,-0.04
May,2019,Trunkline-Z1A,2.35,-0.22
May,2019,TW-Blanco,1.43,-1.14
May,2019,TW-Central,,
May,2019,TW-Panhandle,0.1,-2.47
May,2019,TW-WTX,,
May,2019,Union-Dawn,2.39,-0.18
May,2019,Waha,0.1,-2.47
May,2019,White River Hub,,
May,2019,WIC,,
May,2019,0,,
May,2019,0,,
May,2019,0,,
May,2019,0,,
June,2019,AB Pool (inter),,
June,2019,AB Pool (intra),,
June,2019,AGT-CG,,
June,2019,AGT-CG (non-G),2.33,-0.3
June,2019,Agua Dulce Hub,,
June,2019,ANR-Joliet Hub,,
June,2019,ANR-SE,,
June,2019,ANR-SE-T,2.53,-0.1
June,2019,ANR-SW,1.87,-0.76
June,2019,APC-ACE,,
June,2019,APC-ANR,,
June,2019,APC-MGTC,,
June,2019,APC-NGPL,,
June,2019,APC-Nicor,,
June,2019,APC-VPC,,
June,2019,Arena WTX Pool,,
June,2019,Atmos Zone 3,,
June,2019,Banquete Hub,,
June,2019,Bay Gas Storage,,
June,2019,Bennington,,
June,2019,Beverly Salem,,
June,2019,Bluewater Hub,,
June,2019,Bobcat Inter,,
June,2019,Bobcat Stor,,
June,2019,Carthage,,
June,2019,CG-Mainline,2.39,-0.24
June,2019,CG-Onshore,2.5,-0.13
June,2019,Cheyenne,1.86,-0.77
June,2019,Chicago,2.39,-0.24
June,2019,CIG-Mainline,1.86,-0.77
June,2019,CIG-Mainline Pool,,
June,2019,CIG-Mainline South,,
June,2019,Clarington,,
June,2019,Clarington-Tenn,,
June,2019,Consumers,2.42,-0.21
June,2019,Cove Point,,
June,2019,Dracut,,
June,2019,Eastern Gas-North,,
June,2019,Eastern Gas-South,,
June,2019,Egan Inter,,
June,2019,Egan Stor,,
June,2019,EGT-Flex,,
June,2019,EGT-North,,
June,2019,EGT-Perryville Hub,2.28,-0.35
June,2019,EGT-South,,
June,2019,EGT-West,,
June,2019,Enable East Pool,,
June,2019,Enable West Pool ,,
June,2019,ENT-STX Map,,
June,2019,EP-Anadarko,,
June,2019,EP-Keystone,,
June,2019,EP-Plains Pool,,
June,2019,EP-S.Mainline,,
June,2019,EP-SJ Blanco Pool,1.69,-0.94
June,2019,EP-SJ Bondad Stn,,
June,2019,EP-Waha Pool,,
June,2019,ETC-Cleburne,,
June,2019,ETC-Maypearl,,
June,2019,ETC-Tiger Gas (receipt),,
June,2019,FGT-CG,,
June,2019,FGT-Z1,2.56,-0.07
June,2019,FGT-Z2,2.52,-0.11
June,2019,FGT-Z3,2.66,0.03
June,2019,GCX Waha Hub,,
June,2019,Gillis Hub,,
June,2019,GLGT-St.Clair,,
June,2019,Golden Triangle,,
June,2019,GTN-Kingsgate,,
June,2019,GTN-Malin,,
June,2019,GTN-Stanfield,,
June,2019,Guardian Hub,,
June,2019,Gulf S. Pool 16,,
June,2019,Gulf South - Perryville,,
June,2019,Henry,2.63,0.0
June,2019,HPL-ETX Pool,,
June,2019,HSC-HPL Pool,2.59,-0.04
June,2019,HSC-Kinder Morgan,,
June,2019,Iroquois (into),2.37,-0.26
June,2019,Iroquois-Z1,,
June,2019,Iroquois-Z2,2.36,-0.27
June,2019,Iroquois-Z2 Hunts Pt,,
June,2019,Jefferson Island,,
June,2019,Katy-Enstor Pool,2.62,-0.01
June,2019,Katy-Lonestar Inter,,
June,2019,Katy-Lonestar Intra,,
June,2019,Katy-Oasis,,
June,2019,KRGT-Del Pool,,
June,2019,KRGT-Rec Pool,,
June,2019,Lebanon,2.32,-0.31
June,2019,Leidy,,
June,2019,Leidy-Transco,2.17,-0.46
June,2019,M&N US,,
June,2019,MEP-Lamar,,
June,2019,Michcon,2.39,-0.24
June,2019,Midship (receipt),,
June,2019,Millennium,,
June,2019,Millennium East Pool,2.13,-0.5
June,2019,Millennium-Ramapo,,
June,2019,Moss Bluff Inter,,
June,2019,Moss Bluff Stor,,
June,2019,MS Hub,,
June,2019,NBPL-Bakken (receipt),,
June,2019,NBPL-Harper,,
June,2019,NBPL-Nicor,2.34,-0.29
June,2019,NBPL-Vector,,
June,2019,NBPL-Ventura,2.24,-0.39
June,2019,NBPL-Will County,,
June,2019,NGPL-AM Pool,,
June,2019,NGPL-AM Stor,,
June,2019,NGPL-GC Mainline,,
June,2019,NGPL-IA/IL AM Pool,,
June,2019,NGPL-IA/IL AM Stor,,
June,2019,NGPL-IA/IL GC Pool,,
June,2019,NGPL-IA/IL GC Stor,,
June,2019,NGPL-LA Pool,,
June,2019,NGPL-LA Stor,,
June,2019,NGPL-MidAm,,
June,2019,NGPL-Midcont Pool,1.68,-0.95
June,2019,NGPL-Midcont Stor,,
June,2019,NGPL-Nicor,2.34,-0.29
June,2019,NGPL-Nipsco,2.39,-0.24
June,2019,NGPL-STX,2.56,-0.07
June,2019,NGPL-TXOK East,2.36,-0.27
June,2019,NGPL-TXOK East Stor,2.36,-0.27
June,2019,NGPL-TXOK West,2.36,-0.27
June,2019,NNG-Demarc,2.24,-0.39
June,2019,NNG-Mid 13-16A,,
June,2019,NNG-Mid 1-7,,
June,2019,NNG-Mid 8-12,,
June,2019,NNG-Ventura,2.2,-0.43
June,2019,Nortex-Tolar Hub,,
June,2019,NWP-Rocky Mtn,1.89,-0.74
June,2019,NWP-Sumas,1.78,-0.85
June,2019,NWP-Wyoming,,
June,2019,Oasis - Waha Pool,,
June,2019,OGT,,
June,2019,ONEOK Westex,1.66,-0.97
June,2019,Opal,,
June,2019,Panhandle,1.86,-0.77
June,2019,PG&E-Citygate,3.25,0.62
June,2019,PG&E-Daggett,,
June,2019,PG&E-KRS,,
June,2019,PG&E-Topock,,
June,2019,PGLC,2.38,-0.25
June,2019,Pine Prairie,,
June,2019,Pioneer,,
June,2019,PNGTS,,
June,2019,Questar-North,,
June,2019,Questar-South,,
June,2019,REX Cheyenne Comp Pool,,
June,2019,REX E-ANR,,
June,2019,REX E-MidW,,
June,2019,REX E-NGPL,,
June,2019,REX E-PEPL,,
June,2019,REX E-Trunk,,
June,2019,REX W-ANR,,
June,2019,REX W-NGPL,,
June,2019,REX W-NNG,,
June,2019,REX W-PEPL,,
June,2019,REX-Z3 (receipt) ,,
June,2019,REX-Z3 Del Pool,2.32,-0.31
June,2019,Rover (receipt),,
June,2019,Rover-ANR,,
June,2019,Rover-PEPL,,
June,2019,Ruby-Onyx Hill,,
June,2019,Ruby-Rec Pool,,
June,2019,Ryckman Creek Stor,,
June,2019,Salt Plains Inter,,
June,2019,Salt Plains Stor,,
June,2019,Socal-Blythe,,
June,2019,Socal-Border,2.03,-0.6
June,2019,Socal-Citygate,3.24,0.61
June,2019,Socal-Ehrenberg,,
June,2019,Socal-Firm Stor,,
June,2019,Socal-IT Stor,,
June,2019,Socal-Kramer,,
June,2019,Socal-KRS,,
June,2019,Socal-Needles,,
June,2019,Socal-Storage,,
June,2019,Socal-Topock (EP),,
June,2019,Socal-Topock (TW),,
June,2019,Socal-WR,,
June,2019,Sonat-Z0 South,2.57,-0.06
June,2019,Sonat-Z1 North,,
June,2019,Southern Pines Hub,,
June,2019,Southern Star,1.93,-0.7
June,2019,Spectra - Hunt,,
June,2019,Stagecoach ,,
June,2019,Stingray,,
June,2019,TCO,2.32,-0.31
June,2019,TCO-A04 Pool,,
June,2019,TCO-A06 Pool,,
June,2019,TCO-A08 Pool,,
June,2019,TCO-Seg Pool,,
June,2019,TETCO-ELA,2.49,-0.14
June,2019,TETCO-ETX,2.44,-0.19
June,2019,TETCO-M1 24,,
June,2019,TETCO-M1 30,2.48,-0.15
June,2019,TETCO-M2,,
June,2019,TETCO-M2 (receipt),2.15,-0.48
June,2019,TETCO-M3,2.25,-0.38
June,2019,TETCO-Manhattan,,
June,2019,TETCO-STX,2.54,-0.09
June,2019,TETCO-WLA,2.54,-0.09
June,2019,TGP-500L,2.58,-0.05
June,2019,TGP-800L,2.52,-0.11
June,2019,TGP-Mahwah,,
June,2019,TGP-Niagara,2.4,-0.23
June,2019,TGP-Z0 Border Pool,2.51,-0.12
June,2019,TGP-Z0 North,2.51,-0.12
June,2019,TGP-Z0 South,2.51,-0.12
June,2019,TGP-Z1 100L,,
June,2019,TGP-Z1 800L Pool,,
June,2019,TGP-Z1 Sta-87,,
June,2019,TGP-Z4 300L,2.05,-0.58
June,2019,TGP-Z4 Marcellus,2.05,-0.58
June,2019,TGP-Z4 Sta-219,,
June,2019,TGP-Z4 Sta-313,2.27,-0.36
June,2019,TGP-Z5 200L,2.32,-0.31
June,2019,TGP-Z6 200L,2.38,-0.25
June,2019,TGP-Z6 200L North,,
June,2019,TGP-Z6 200L South,2.38,-0.25
June,2019,TGP-Z6 300L,,
June,2019,TGT-Mainline,2.42,-0.21
June,2019,TGT-North LA,,
June,2019,TGT-SL,2.46,-0.17
June,2019,Transco Zn3,2.57,-0.06
June,2019,Transco-165,,
June,2019,Transco-30,2.52,-0.11
June,2019,Transco-45,2.61,-0.02
June,2019,Transco-65,,
June,2019,Transco-85,2.58,-0.05
June,2019,Transco-River Road,,
June,2019,Transco-Z5,2.62,-0.01
June,2019,Transco-Z5 North,,
June,2019,Transco-Z5 South,2.63,0.0
June,2019,Transco-Z6 (non-NY north ML),,
June,2019,Transco-Z6 (non-NY north),2.28,-0.35
June,2019,Transco-Z6 (non-NY south),,
June,2019,Transco-Z6 (non-NY),2.28,-0.35
June,2019,Transco-Z6 (NY),2.29,-0.34
June,2019,Transco-Z6 Sta-210,,
June,2019,Tres Palacios (inj),,
June,2019,Tres Palacios (w/d),,
June,2019,Trunkline-ELA,2.55,-0.08
June,2019,Trunkline-WLA,2.55,-0.08
June,2019,Trunkline-Z1A,2.36,-0.27
June,2019,TW-Blanco,1.69,-0.94
June,2019,TW-Central,,
June,2019,TW-Panhandle,-0.23,-2.86
June,2019,TW-WTX,,
June,2019,Union-Dawn,2.4,-0.23
June,2019,Waha,-0.24,-2.87
June,2019,White River Hub,,
June,2019,WIC,,
June,2019,0,,
June,2019,0,,
June,2019,0,,
June,2019,0,,
July,2019,AB Pool (inter),,
July,2019,AB Pool (intra),,
July,2019,AGT-CG,,
July,2019,AGT-CG (non-G),2.17,-0.12
July,2019,Agua Dulce Hub,,
July,2019,ANR-Joliet Hub,,
July,2019,ANR-SE,,
July,2019,ANR-SE-T,2.17,-0.12
July,2019,ANR-SW,1.62,-0.67
July,2019,APC-ACE,,
July,2019,APC-ANR,,
July,2019,APC-MGTC,,
July,2019,APC-NGPL,,
July,2019,APC-Nicor,,
July,2019,APC-VPC,,
July,2019,Arena WTX Pool,,
July,2019,Atmos Zone 3,,
July,2019,Banquete Hub,,
July,2019,Bay Gas Storage,,
July,2019,Bennington,,
July,2019,Beverly Salem,,
July,2019,Bluewater Hub,,
July,2019,Bobcat Inter,,
July,2019,Bobcat Stor,,
July,2019,Carthage,,
July,2019,CG-Mainline,2.06,-0.23
July,2019,CG-Onshore,2.16,-0.13
July,2019,Cheyenne,1.64,-0.65
July,2019,Chicago,2.1,-0.19
July,2019,CIG-Mainline,1.61,-0.68
July,2019,CIG-Mainline Pool,,
July,2019,CIG-Mainline South,,
July,2019,Clarington,,
July,2019,Clarington-Tenn,,
July,2019,Consumers,2.13,-0.16
July,2019,Cove Point,,
July,2019,Dracut,,
July,2019,Eastern Gas-North,,
July,2019,Eastern Gas-South,,
July,2019,Egan Inter,,
July,2019,Egan Stor,,
July,2019,EGT-Flex,,
July,2019,EGT-North,,
July,2019,EGT-Perryville Hub,2.06,-0.23
July,2019,EGT-South,,
July,2019,EGT-West,,
July,2019,Enable East Pool,,
July,2019,Enable West Pool ,,
July,2019,ENT-STX Map,,
July,2019,EP-Anadarko,,
July,2019,EP-Keystone,,
July,2019,EP-Plains Pool,,
July,2019,EP-S.Mainline,,
July,2019,EP-SJ Blanco Pool,1.85,-0.44
July,2019,EP-SJ Bondad Stn,,
July,2019,EP-Waha Pool,,
July,2019,ETC-Cleburne,,
July,2019,ETC-Maypearl,,
July,2019,ETC-Tiger Gas (receipt),,
July,2019,FGT-CG,,
July,2019,FGT-Z1,2.22,-0.07
July,2019,FGT-Z2,2.24,-0.05
July,2019,FGT-Z3,2.32,0.03
July,2019,GCX Waha Hub,,
July,2019,Gillis Hub,,
July,2019,GLGT-St.Clair,,
July,2019,Golden Triangle,,
July,2019,GTN-Kingsgate,,
July,2019,GTN-Malin,,
July,2019,GTN-Stanfield,,
July,2019,Guardian Hub,,
July,2019,Gulf S. Pool 16,,
July,2019,Gulf South - Perryville,,
July,2019,Henry,2.29,0.0
July,2019,HPL-ETX Pool,,
July,2019,HSC-HPL Pool,2.34,0.05
July,2019,HSC-Kinder Morgan,,
July,2019,Iroquois (into),2.15,-0.14
July,2019,Iroquois-Z1,,
July,2019,Iroquois-Z2,2.17,-0.12
July,2019,Iroquois-Z2 Hunts Pt,,
July,2019,Jefferson Island,,
July,2019,Katy-Enstor Pool,2.31,0.02
July,2019,Katy-Lonestar Inter,,
July,2019,Katy-Lonestar Intra,,
July,2019,Katy-Oasis,,
July,2019,KRGT-Del Pool,,
July,2019,KRGT-Rec Pool,,
July,2019,Lebanon,2.04,-0.25
July,2019,Leidy,,
July,2019,Leidy-Transco,1.91,-0.38
July,2019,M&N US,,
July,2019,MEP-Lamar,,
July,2019,Michcon,2.09,-0.2
July,2019,Midship (receipt),,
July,2019,Millennium,,
July,2019,Millennium East Pool,1.86,-0.43
July,2019,Millennium-Ramapo,,
July,2019,Moss Bluff Inter,,
July,2019,Moss Bluff Stor,,
July,2019,MS Hub,,
July,2019,NBPL-Bakken (receipt),,
July,2019,NBPL-Harper,,
July,2019,NBPL-Nicor,2.09,-0.2
July,2019,NBPL-Vector,,
July,2019,NBPL-Ventura,1.99,-0.3
July,2019,NBPL-Will County,,
July,2019,NGPL-AM Pool,,
July,2019,NGPL-AM Stor,,
July,2019,NGPL-GC Mainline,,
July,2019,NGPL-IA/IL AM Pool,,
July,2019,NGPL-IA/IL AM Stor,,
July,2019,NGPL-IA/IL GC Pool,,
July,2019,NGPL-IA/IL GC Stor,,
July,2019,NGPL-LA Pool,,
July,2019,NGPL-LA Stor,,
July,2019,NGPL-MidAm,,
July,2019,NGPL-Midcont Pool,1.65,-0.64
July,2019,NGPL-Midcont Stor,,
July,2019,NGPL-Nicor,2.09,-0.2
July,2019,NGPL-Nipsco,2.11,-0.18
July,2019,NGPL-STX,2.23,-0.06
July,2019,NGPL-TXOK East,2.07,-0.22
July,2019,NGPL-TXOK East Stor,2.07,-0.22
July,2019,NGPL-TXOK West,2.07,-0.22
July,2019,NNG-Demarc,1.95,-0.34
July,2019,NNG-Mid 13-16A,,
July,2019,NNG-Mid 1-7,,
July,2019,NNG-Mid 8-12,,
July,2019,NNG-Ventura,1.99,-0.3
July,2019,Nortex-Tolar Hub,,
July,2019,NWP-Rocky Mtn,1.92,-0.37
July,2019,NWP-Sumas,2.14,-0.15
July,2019,NWP-Wyoming,,
July,2019,Oasis - Waha Pool,,
July,2019,OGT,,
July,2019,ONEOK Westex,1.46,-0.83
July,2019,Opal,,
July,2019,Panhandle,1.45,-0.84
July,2019,PG&E-Citygate,2.74,0.45
July,2019,PG&E-Daggett,,
July,2019,PG&E-KRS,,
July,2019,PG&E-Topock,,
July,2019,PGLC,2.1,-0.19
July,2019,Pine Prairie,,
July,2019,Pioneer,,
July,2019,PNGTS,,
July,2019,Questar-North,,
July,2019,Questar-South,,
July,2019,REX Cheyenne Comp Pool,,
July,2019,REX E-ANR,,
July,2019,REX E-MidW,,
July,2019,REX E-NGPL,,
July,2019,REX E-PEPL,,
July,2019,REX E-Trunk,,
July,2019,REX W-ANR,,
July,2019,REX W-NGPL,,
July,2019,REX W-NNG,,
July,2019,REX W-PEPL,,
July,2019,REX-Z3 (receipt) ,,
July,2019,REX-Z3 Del Pool,2.03,-0.26
July,2019,Rover (receipt),,
July,2019,Rover-ANR,,
July,2019,Rover-PEPL,,
July,2019,Ruby-Onyx Hill,,
July,2019,Ruby-Rec Pool,,
July,2019,Ryckman Creek Stor,,
July,2019,Salt Plains Inter,,
July,2019,Salt Plains Stor,,
July,2019,Socal-Blythe,,
July,2019,Socal-Border,2.72,0.43
July,2019,Socal-Citygate,3.89,1.6
July,2019,Socal-Ehrenberg,,
July,2019,Socal-Firm Stor,,
July,2019,Socal-IT Stor,,
July,2019,Socal-Kramer,,
July,2019,Socal-KRS,,
July,2019,Socal-Needles,,
July,2019,Socal-Storage,,
July,2019,Socal-Topock (EP),,
July,2019,Socal-Topock (TW),,
July,2019,Socal-WR,,
July,2019,Sonat-Z0 South,2.21,-0.08
July,2019,Sonat-Z1 North,,
July,2019,Southern Pines Hub,,
July,2019,Southern Star,1.68,-0.61
July,2019,Spectra - Hunt,,
July,2019,Stagecoach ,,
July,2019,Stingray,,
July,2019,TCO,1.99,-0.3
July,2019,TCO-A04 Pool,,
July,2019,TCO-A06 Pool,,
July,2019,TCO-A08 Pool,,
July,2019,TCO-Seg Pool,,
July,2019,TETCO-ELA,2.13,-0.16
July,2019,TETCO-ETX,2.11,-0.18
July,2019,TETCO-M1 24,,
July,2019,TETCO-M1 30,2.12,-0.17
July,2019,TETCO-M2,,
July,2019,TETCO-M2 (receipt),1.9,-0.39
July,2019,TETCO-M3,2.02,-0.27
July,2019,TETCO-Manhattan,,
July,2019,TETCO-STX,2.21,-0.08
July,2019,TETCO-WLA,2.21,-0.08
July,2019,TGP-500L,2.2,-0.09
July,2019,TGP-800L,2.18,-0.11
July,2019,TGP-Mahwah,,
July,2019,TGP-Niagara,2.06,-0.23
July,2019,TGP-Z0 Border Pool,2.14,-0.15
July,2019,TGP-Z0 North,2.14,-0.15
July,2019,TGP-Z0 South,2.14,-0.15
July,2019,TGP-Z1 100L,,
July,2019,TGP-Z1 800L Pool,,
July,2019,TGP-Z1 Sta-87,,
July,2019,TGP-Z4 300L,1.8,-0.49
July,2019,TGP-Z4 Marcellus,1.8,-0.49
July,2019,TGP-Z4 Sta-219,,
July,2019,TGP-Z4 Sta-313,2.02,-0.27
July,2019,TGP-Z5 200L,2.0,-0.29
July,2019,TGP-Z6 200L,2.17,-0.12
July,2019,TGP-Z6 200L North,2.24,-0.05
July,2019,TGP-Z6 200L South,2.17,-0.12
July,2019,TGP-Z6 300L,,
July,2019,TGT-Mainline,2.06,-0.23
July,2019,TGT-North LA,,
July,2019,TGT-SL,2.1,-0.19
July,2019,Transco Zn3,2.23,-0.06
July,2019,Transco-165,,
July,2019,Transco-30,2.2,-0.09
July,2019,Transco-45,2.28,-0.01
July,2019,Transco-65,,
July,2019,Transco-85,2.25,-0.04
July,2019,Transco-River Road,,
July,2019,Transco-Z5,2.34,0.05
July,2019,Transco-Z5 North,,
July,2019,Transco-Z5 South,2.35,0.06
July,2019,Transco-Z6 (non-NY north ML),,
July,2019,Transco-Z6 (non-NY north),2.05,-0.24
July,2019,Transco-Z6 (non-NY south),,
July,2019,Transco-Z6 (non-NY),2.05,-0.24
July,2019,Transco-Z6 (NY),2.08,-0.21
July,2019,Transco-Z6 Sta-210,,
July,2019,Tres Palacios (inj),,
July,2019,Tres Palacios (w/d),,
July,2019,Trunkline-ELA,2.19,-0.1
July,2019,Trunkline-WLA,2.19,-0.1
July,2019,Trunkline-Z1A,2.04,-0.25
July,2019,TW-Blanco,1.85,-0.44
July,2019,TW-Central,,
July,2019,TW-Panhandle,0.15,-2.14
July,2019,TW-WTX,,
July,2019,Union-Dawn,2.12,-0.17
July,2019,Waha,0.15,-2.14
July,2019,White River Hub,,
July,2019,WIC,,
July,2019,0,,
July,2019,0,,
July,2019,0,,
July,2019,0,,
August,2019,AB Pool (inter),,
August,2019,AB Pool (intra),,
August,2019,AGT-CG,,
August,2019,AGT-CG (non-G),2.1,-0.04
August,2019,Agua Dulce Hub,,
August,2019,ANR-Joliet Hub,,
August,2019,ANR-SE,,
August,2019,ANR-SE-T,2.06,-0.08
August,2019,ANR-SW,1.78,-0.36
August,2019,APC-ACE,,
August,2019,APC-ANR,,
August,2019,APC-MGTC,,
August,2019,APC-NGPL,,
August,2019,APC-Nicor,,
August,2019,APC-VPC,,
August,2019,Arena WTX Pool,,
August,2019,Atmos Zone 3,,
August,2019,Banquete Hub,,
August,2019,Bay Gas Storage,,
August,2019,Bennington,,
August,2019,Beverly Salem,,
August,2019,Bluewater Hub,,
August,2019,Bobcat Inter,,
August,2019,Bobcat Stor,,
August,2019,Carthage,,
August,2019,CG-Mainline,1.92,-0.22
August,2019,CG-Onshore,2.01,-0.13
August,2019,Cheyenne,1.76,-0.38
August,2019,Chicago,2.02,-0.12
August,2019,CIG-Mainline,1.76,-0.38
August,2019,CIG-Mainline Pool,,
August,2019,CIG-Mainline South,,
August,2019,Clarington,,
August,2019,Clarington-Tenn,,
August,2019,Consumers,1.98,-0.16
August,2019,Cove Point,,
August,2019,Dracut,,
August,2019,Eastern Gas-North,,
August,2019,Eastern Gas-South,,
August,2019,Egan Inter,,
August,2019,Egan Stor,,
August,2019,EGT-Flex,,
August,2019,EGT-North,,
August,2019,EGT-Perryville Hub,1.9,-0.24
August,2019,EGT-South,,
August,2019,EGT-West,,
August,2019,Enable East Pool,,
August,2019,Enable West Pool ,,
August,2019,ENT-STX Map,,
August,2019,EP-Anadarko,,
August,2019,EP-Keystone,,
August,2019,EP-Plains Pool,,
August,2019,EP-S.Mainline,,
August,2019,EP-SJ Blanco Pool,1.87,-0.27
August,2019,EP-SJ Bondad Stn,,
August,2019,EP-Waha Pool,,
August,2019,ETC-Cleburne,,
August,2019,ETC-Maypearl,,
August,2019,ETC-Tiger Gas (receipt),,
August,2019,FGT-CG,,
August,2019,FGT-Z1,2.08,-0.06
August,2019,FGT-Z2,2.11,-0.03
August,2019,FGT-Z3,2.19,0.05
August,2019,GCX Waha Hub,,
August,2019,Gillis Hub,,
August,2019,GLGT-St.Clair,,
August,2019,Golden Triangle,,
August,2019,GTN-Kingsgate,,
August,2019,GTN-Malin,,
August,2019,GTN-Stanfield,,
August,2019,Guardian Hub,,
August,2019,Gulf S. Pool 16,,
August,2019,Gulf South - Perryville,,
August,2019,Henry,2.14,0.0
August,2019,HPL-ETX Pool,,
August,2019,HSC-HPL Pool,2.13,-0.01
August,2019,HSC-Kinder Morgan,,
August,2019,Iroquois (into),2.05,-0.09
August,2019,Iroquois-Z1,,
August,2019,Iroquois-Z2,2.07,-0.07
August,2019,Iroquois-Z2 Hunts Pt,,
August,2019,Jefferson Island,,
August,2019,Katy-Enstor Pool,2.1,-0.04
August,2019,Katy-Lonestar Inter,,
August,2019,Katy-Lonestar Intra,,
August,2019,Katy-Oasis,,
August,2019,KRGT-Del Pool,,
August,2019,KRGT-Rec Pool,,
August,2019,Lebanon,1.91,-0.23
August,2019,Leidy,,
August,2019,Leidy-Transco,1.72,-0.42
August,2019,M&N US,,
August,2019,MEP-Lamar,,
August,2019,Michcon,1.96,-0.18
August,2019,Midship (receipt),,
August,2019,Millennium,,
August,2019,Millennium East Pool,1.65,-0.49
August,2019,Millennium-Ramapo,,
August,2019,Moss Bluff Inter,,
August,2019,Moss Bluff Stor,,
August,2019,MS Hub,,
August,2019,NBPL-Bakken (receipt),,
August,2019,NBPL-Harper,,
August,2019,NBPL-Nicor,2.01,-0.13
August,2019,NBPL-Vector,,
August,2019,NBPL-Ventura,1.99,-0.15
August,2019,NBPL-Will County,,
August,2019,NGPL-AM Pool,,
August,2019,NGPL-AM Stor,,
August,2019,NGPL-GC Mainline,,
August,2019,NGPL-IA/IL AM Pool,,
August,2019,NGPL-IA/IL AM Stor,,
August,2019,NGPL-IA/IL GC Pool,,
August,2019,NGPL-IA/IL GC Stor,,
August,2019,NGPL-LA Pool,,
August,2019,NGPL-LA Stor,,
August,2019,NGPL-MidAm,,
August,2019,NGPL-Midcont Pool,1.65,-0.49
August,2019,NGPL-Midcont Stor,,
August,2019,NGPL-Nicor,2.01,-0.13
August,2019,NGPL-Nipsco,2.02,-0.12
August,2019,NGPL-STX,2.05,-0.09
August,2019,NGPL-TXOK East,1.92,-0.22
August,2019,NGPL-TXOK East Stor,1.92,-0.22
August,2019,NGPL-TXOK West,1.92,-0.22
August,2019,NNG-Demarc,1.97,-0.17
August,2019,NNG-Mid 13-16A,,
August,2019,NNG-Mid 1-7,,
August,2019,NNG-Mid 8-12,,
August,2019,NNG-Ventura,1.96,-0.18
August,2019,Nortex-Tolar Hub,,
August,2019,NWP-Rocky Mtn,2.01,-0.13
August,2019,NWP-Sumas,2.19,0.05
August,2019,NWP-Wyoming,,
August,2019,Oasis - Waha Pool,,
August,2019,OGT,,
August,2019,ONEOK Westex,1.37,-0.77
August,2019,Opal,,
August,2019,Panhandle,1.46,-0.68
August,2019,PG&E-Citygate,2.77,0.63
August,2019,PG&E-Daggett,,
August,2019,PG&E-KRS,,
August,2019,PG&E-Topock,,
August,2019,PGLC,1.98,-0.16
August,2019,Pine Prairie,,
August,2019,Pioneer,,
August,2019,PNGTS,,
August,2019,Questar-North,,
August,2019,Questar-South,,
August,2019,REX Cheyenne Comp Pool,,
August,2019,REX E-ANR,,
August,2019,REX E-MidW,,
August,2019,REX E-NGPL,,
August,2019,REX E-PEPL,,
August,2019,REX E-Trunk,,
August,2019,REX W-ANR,,
August,2019,REX W-NGPL,,
August,2019,REX W-NNG,,
August,2019,REX W-PEPL,,
August,2019,REX-Z3 (receipt) ,,
August,2019,REX-Z3 Del Pool,1.92,-0.22
August,2019,Rover (receipt),,
August,2019,Rover-ANR,,
August,2019,Rover-PEPL,,
August,2019,Ruby-Onyx Hill,,
August,2019,Ruby-Rec Pool,,
August,2019,Ryckman Creek Stor,,
August,2019,Salt Plains Inter,,
August,2019,Salt Plains Stor,,
August,2019,Socal-Blythe,,
August,2019,Socal-Border,2.73,0.59
August,2019,Socal-Citygate,3.55,1.41
August,2019,Socal-Ehrenberg,,
August,2019,Socal-Firm Stor,,
August,2019,Socal-IT Stor,,
August,2019,Socal-Kramer,,
August,2019,Socal-KRS,,
August,2019,Socal-Needles,,
August,2019,Socal-Storage,,
August,2019,Socal-Topock (EP),,
August,2019,Socal-Topock (TW),,
August,2019,Socal-WR,,
August,2019,Sonat-Z0 South,2.08,-0.06
August,2019,Sonat-Z1 North,,
August,2019,Southern Pines Hub,,
August,2019,Southern Star,1.74,-0.4
August,2019,Spectra - Hunt,,
August,2019,Stagecoach ,,
August,2019,Stingray,,
August,2019,TCO,1.87,-0.27
August,2019,TCO-A04 Pool,,
August,2019,TCO-A06 Pool,,
August,2019,TCO-A08 Pool,,
August,2019,TCO-Seg Pool,,
August,2019,TETCO-ELA,1.98,-0.16
August,2019,TETCO-ETX,1.97,-0.17
August,2019,TETCO-M1 24,,
August,2019,TETCO-M1 30,1.94,-0.2
August,2019,TETCO-M2,,
August,2019,TETCO-M2 (receipt),1.79,-0.35
August,2019,TETCO-M3,1.9,-0.24
August,2019,TETCO-Manhattan,,
August,2019,TETCO-STX,2.03,-0.11
August,2019,TETCO-WLA,2.05,-0.09
August,2019,TGP-500L,2.06,-0.08
August,2019,TGP-800L,2.02,-0.12
August,2019,TGP-Mahwah,,
August,2019,TGP-Niagara,1.9,-0.24
August,2019,TGP-Z0 Border Pool,1.94,-0.2
August,2019,TGP-Z0 North,1.94,-0.2
August,2019,TGP-Z0 South,1.94,-0.2
August,2019,TGP-Z1 100L,,
August,2019,TGP-Z1 800L Pool,,
August,2019,TGP-Z1 Sta-87,,
August,2019,TGP-Z4 300L,1.53,-0.61
August,2019,TGP-Z4 Marcellus,1.53,-0.61
August,2019,TGP-Z4 Sta-219,,
August,2019,TGP-Z4 Sta-313,1.86,-0.28
August,2019,TGP-Z5 200L,1.87,-0.27
August,2019,TGP-Z6 200L,2.14,0.0
August,2019,TGP-Z6 200L North,2.15,0.01
August,2019,TGP-Z6 200L South,2.09,-0.05
August,2019,TGP-Z6 300L,,
August,2019,TGT-Mainline,1.92,-0.22
August,2019,TGT-North LA,,
August,2019,TGT-SL,1.96,-0.18
August,2019,Transco Zn3,2.08,-0.06
August,2019,Transco-165,,
August,2019,Transco-30,2.04,-0.1
August,2019,Transco-45,2.06,-0.08
August,2019,Transco-65,,
August,2019,Transco-85,2.11,-0.03
August,2019,Transco-River Road,,
August,2019,Transco-Z5,2.18,0.04
August,2019,Transco-Z5 North,,
August,2019,Transco-Z5 South,2.18,0.04
August,2019,Transco-Z6 (non-NY north ML),,
August,2019,Transco-Z6 (non-NY north),1.91,-0.23
August,2019,Transco-Z6 (non-NY south),,
August,2019,Transco-Z6 (non-NY),1.91,-0.23
August,2019,Transco-Z6 (NY),1.95,-0.19
August,2019,Transco-Z6 Sta-210,,
August,2019,Tres Palacios (inj),,
August,2019,Tres Palacios (w/d),,
August,2019,Trunkline-ELA,2.03,-0.11
August,2019,Trunkline-WLA,2.03,-0.11
August,2019,Trunkline-Z1A,1.91,-0.23
August,2019,TW-Blanco,1.9,-0.24
August,2019,TW-Central,,
August,2019,TW-Panhandle,0.76,-1.38
August,2019,TW-WTX,,
August,2019,Union-Dawn,2.0,-0.14
August,2019,Waha,0.83,-1.31
August,2019,White River Hub,,
August,2019,WIC,,
August,2019,0,,
August,2019,0,,
August,2019,0,,
August,2019,0,,
September,2019,AB Pool (inter),,
September,2019,AB Pool (intra),,
September,2019,AGT-CG,,
September,2019,AGT-CG (non-G),1.85,-0.4
September,2019,Agua Dulce Hub,,
September,2019,ANR-Joliet Hub,,
September,2019,ANR-SE,,
September,2019,ANR-SE-T,2.17,-0.08
September,2019,ANR-SW,1.73,-0.52
September,2019,APC-ACE,,
September,2019,APC-ANR,,
September,2019,APC-MGTC,,
September,2019,APC-NGPL,,
September,2019,APC-Nicor,,
September,2019,APC-VPC,,
September,2019,Arena WTX Pool,,
September,2019,Atmos Zone 3,,
September,2019,Banquete Hub,,
September,2019,Bay Gas Storage,,
September,2019,Bennington,,
September,2019,Beverly Salem,,
September,2019,Bluewater Hub,,
September,2019,Bobcat Inter,,
September,2019,Bobcat Stor,,
September,2019,Carthage,,
September,2019,CG-Mainline,2.02,-0.23
September,2019,CG-Onshore,2.14,-0.11
September,2019,Cheyenne,1.65,-0.6
September,2019,Chicago,1.97,-0.28
September,2019,CIG-Mainline,1.65,-0.6
September,2019,CIG-Mainline Pool,,
September,2019,CIG-Mainline South,,
September,2019,Clarington,,
September,2019,Clarington-Tenn,,
September,2019,Consumers,2.03,-0.22
September,2019,Cove Point,,
September,2019,Dracut,,
September,2019,Eastern Gas-North,,
September,2019,Eastern Gas-South,,
September,2019,Egan Inter,,
September,2019,Egan Stor,,
September,2019,EGT-Flex,,
September,2019,EGT-North,,
September,2019,EGT-Perryville Hub,2.02,-0.23
September,2019,EGT-South,,
September,2019,EGT-West,,
September,2019,Enable East Pool,,
September,2019,Enable West Pool ,,
September,2019,ENT-STX Map,,
September,2019,EP-Anadarko,,
September,2019,EP-Keystone,,
September,2019,EP-Plains Pool,,
September,2019,EP-S.Mainline,,
September,2019,EP-SJ Blanco Pool,1.73,-0.52
September,2019,EP-SJ Bondad Stn,,
September,2019,EP-Waha Pool,,
September,2019,ETC-Cleburne,,
September,2019,ETC-Maypearl,,
September,2019,ETC-Tiger Gas (receipt),,
September,2019,FGT-CG,,
September,2019,FGT-Z1,2.24,-0.01
September,2019,FGT-Z2,2.2,-0.05
September,2019,FGT-Z3,2.3,0.05
September,2019,GCX Waha Hub,,
September,2019,Gillis Hub,,
September,2019,GLGT-St.Clair,,
September,2019,Golden Triangle,,
September,2019,GTN-Kingsgate,,
September,2019,GTN-Malin,,
September,2019,GTN-Stanfield,,
September,2019,Guardian Hub,,
September,2019,Gulf S. Pool 16,,
September,2019,Gulf South - Perryville,,
September,2019,Henry,2.25,0.0
September,2019,HPL-ETX Pool,,
September,2019,HSC-HPL Pool,2.18,-0.07
September,2019,HSC-Kinder Morgan,,
September,2019,Iroquois (into),2.04,-0.21
September,2019,Iroquois-Z1,,
September,2019,Iroquois-Z2,2.05,-0.2
September,2019,Iroquois-Z2 Hunts Pt,,
September,2019,Jefferson Island,,
September,2019,Katy-Enstor Pool,2.16,-0.09
September,2019,Katy-Lonestar Inter,,
September,2019,Katy-Lonestar Intra,,
September,2019,Katy-Oasis,,
September,2019,KRGT-Del Pool,,
September,2019,KRGT-Rec Pool,,
September,2019,Lebanon,1.96,-0.29
September,2019,Leidy,,
September,2019,Leidy-Transco,1.61,-0.64
September,2019,M&N US,,
September,2019,MEP-Lamar,,
September,2019,Michcon,2.02,-0.23
September,2019,Midship (receipt),,
September,2019,Millennium,,
September,2019,Millennium East Pool,1.52,-0.73
September,2019,Millennium-Ramapo,,
September,2019,Moss Bluff Inter,,
September,2019,Moss Bluff Stor,,
September,2019,MS Hub,,
September,2019,NBPL-Bakken (receipt),,
September,2019,NBPL-Harper,,
September,2019,NBPL-Nicor,1.95,-0.3
September,2019,NBPL-Vector,,
September,2019,NBPL-Ventura,1.92,-0.33
September,2019,NBPL-Will County,,
September,2019,NGPL-AM Pool,,
September,2019,NGPL-AM Stor,,
September,2019,NGPL-GC Mainline,,
September,2019,NGPL-IA/IL AM Pool,,
September,2019,NGPL-IA/IL AM Stor,,
September,2019,NGPL-IA/IL GC Pool,,
September,2019,NGPL-IA/IL GC Stor,,
September,2019,NGPL-LA Pool,,
September,2019,NGPL-LA Stor,,
September,2019,NGPL-MidAm,,
September,2019,NGPL-Midcont Pool,1.6,-0.65
September,2019,NGPL-Midcont Stor,,
September,2019,NGPL-Nicor,1.95,-0.3
September,2019,NGPL-Nipsco,1.99,-0.26
September,2019,NGPL-STX,2.15,-0.1
September,2019,NGPL-TXOK East,2.02,-0.23
September,2019,NGPL-TXOK East Stor,2.02,-0.23
September,2019,NGPL-TXOK West,2.02,-0.23
September,2019,NNG-Demarc,1.87,-0.38
September,2019,NNG-Mid 13-16A,,
September,2019,NNG-Mid 1-7,,
September,2019,NNG-Mid 8-12,,
September,2019,NNG-Ventura,1.87,-0.38
September,2019,Nortex-Tolar Hub,,
September,2019,NWP-Rocky Mtn,1.81,-0.44
September,2019,NWP-Sumas,1.9,-0.35
September,2019,NWP-Wyoming,,
September,2019,Oasis - Waha Pool,,
September,2019,OGT,,
September,2019,ONEOK Westex,1.45,-0.8
September,2019,Opal,,
September,2019,Panhandle,1.56,-0.69
September,2019,PG&E-Citygate,2.73,0.48
September,2019,PG&E-Daggett,,
September,2019,PG&E-KRS,,
September,2019,PG&E-Topock,,
September,2019,PGLC,2.04,-0.21
September,2019,Pine Prairie,,
September,2019,Pioneer,,
September,2019,PNGTS,,
September,2019,Questar-North,,
September,2019,Questar-South,,
September,2019,REX Cheyenne Comp Pool,,
September,2019,REX E-ANR,,
September,2019,REX E-MidW,,
September,2019,REX E-NGPL,,
September,2019,REX E-PEPL,,
September,2019,REX E-Trunk,,
September,2019,REX W-ANR,,
September,2019,REX W-NGPL,,
September,2019,REX W-NNG,,
September,2019,REX W-PEPL,,
September,2019,REX-Z3 (receipt) ,,
September,2019,REX-Z3 Del Pool,1.97,-0.28
September,2019,Rover (receipt),,
September,2019,Rover-ANR,,
September,2019,Rover-PEPL,,
September,2019,Ruby-Onyx Hill,,
September,2019,Ruby-Rec Pool,,
September,2019,Ryckman Creek Stor,,
September,2019,Salt Plains Inter,,
September,2019,Salt Plains Stor,,
September,2019,Socal-Blythe,,
September,2019,Socal-Border,2.42,0.17
September,2019,Socal-Citygate,2.93,0.68
September,2019,Socal-Ehrenberg,,
September,2019,Socal-Firm Stor,,
September,2019,Socal-IT Stor,,
September,2019,Socal-Kramer,,
September,2019,Socal-KRS,,
September,2019,Socal-Needles,,
September,2019,Socal-Storage,,
September,2019,Socal-Topock (EP),,
September,2019,Socal-Topock (TW),,
September,2019,Socal-WR,,
September,2019,Sonat-Z0 South,2.19,-0.06
September,2019,Sonat-Z1 North,,
September,2019,Southern Pines Hub,,
September,2019,Southern Star,1.66,-0.59
September,2019,Spectra - Hunt,,
September,2019,Stagecoach ,,
September,2019,Stingray,,
September,2019,TCO,1.89,-0.36
September,2019,TCO-A04 Pool,,
September,2019,TCO-A06 Pool,,
September,2019,TCO-A08 Pool,,
September,2019,TCO-Seg Pool,,
September,2019,TETCO-ELA,2.13,-0.12
September,2019,TETCO-ETX,2.08,-0.17
September,2019,TETCO-M1 24,,
September,2019,TETCO-M1 30,2.11,-0.14
September,2019,TETCO-M2,,
September,2019,TETCO-M2 (receipt),1.56,-0.69
September,2019,TETCO-M3,1.67,-0.58
September,2019,TETCO-Manhattan,,
September,2019,TETCO-STX,2.16,-0.09
September,2019,TETCO-WLA,2.17,-0.08
September,2019,TGP-500L,2.19,-0.06
September,2019,TGP-800L,2.12,-0.13
September,2019,TGP-Mahwah,,
September,2019,TGP-Niagara,1.96,-0.29
September,2019,TGP-Z0 Border Pool,2.05,-0.2
September,2019,TGP-Z0 North,2.05,-0.2
September,2019,TGP-Z0 South,2.05,-0.2
September,2019,TGP-Z1 100L,,
September,2019,TGP-Z1 800L Pool,,
September,2019,TGP-Z1 Sta-87,,
September,2019,TGP-Z4 300L,1.48,-0.77
September,2019,TGP-Z4 Marcellus,1.48,-0.77
September,2019,TGP-Z4 Sta-219,,
September,2019,TGP-Z4 Sta-313,1.83,-0.42
September,2019,TGP-Z5 200L,1.84,-0.41
September,2019,TGP-Z6 200L,1.94,-0.31
September,2019,TGP-Z6 200L North,1.96,-0.29
September,2019,TGP-Z6 200L South,1.94,-0.31
September,2019,TGP-Z6 300L,,
September,2019,TGT-Mainline,2.03,-0.22
September,2019,TGT-North LA,,
September,2019,TGT-SL,2.07,-0.18
September,2019,Transco Zn3,2.19,-0.06
September,2019,Transco-165,,
September,2019,Transco-30,2.17,-0.08
September,2019,Transco-45,2.18,-0.07
September,2019,Transco-65,,
September,2019,Transco-85,2.22,-0.03
September,2019,Transco-River Road,,
September,2019,Transco-Z5,2.28,0.03
September,2019,Transco-Z5 North,,
September,2019,Transco-Z5 South,2.28,0.03
September,2019,Transco-Z6 (non-NY north ML),,
September,2019,Transco-Z6 (non-NY north),1.68,-0.57
September,2019,Transco-Z6 (non-NY south),,
September,2019,Transco-Z6 (non-NY),1.68,-0.57
September,2019,Transco-Z6 (NY),1.68,-0.57
September,2019,Transco-Z6 Sta-210,,
September,2019,Tres Palacios (inj),,
September,2019,Tres Palacios (w/d),,
September,2019,Trunkline-ELA,2.17,-0.08
September,2019,Trunkline-WLA,2.17,-0.08
September,2019,Trunkline-Z1A,2.02,-0.23
September,2019,TW-Blanco,1.73,-0.52
September,2019,TW-Central,,
September,2019,TW-Panhandle,1.18,-1.07
September,2019,TW-WTX,,
September,2019,Union-Dawn,2.04,-0.21
September,2019,Waha,1.19,-1.06
September,2019,White River Hub,,
September,2019,WIC,,
September,2019,0,,
September,2019,0,,
September,2019,0,,
September,2019,0,,
October,2019,AB Pool (inter),,
October,2019,AB Pool (intra),,
October,2019,AGT-CG,,
October,2019,AGT-CG (non-G),1.84,-0.59
October,2019,Agua Dulce Hub,,
October,2019,ANR-Joliet Hub,,
October,2019,ANR-SE,,
October,2019,ANR-SE-T,2.34,-0.09
October,2019,ANR-SW,1.73,-0.7
October,2019,APC-ACE,,
October,2019,APC-ANR,,
October,2019,APC-MGTC,,
October,2019,APC-NGPL,,
October,2019,APC-Nicor,,
October,2019,APC-VPC,,
October,2019,Arena WTX Pool,,
October,2019,Atmos Zone 3,,
October,2019,Banquete Hub,,
October,2019,Bay Gas Storage,,
October,2019,Bennington,,
October,2019,Beverly Salem,,
October,2019,Bluewater Hub,,
October,2019,Bobcat Inter,,
October,2019,Bobcat Stor,,
October,2019,Carthage,,
October,2019,CG-Mainline,2.09,-0.34
October,2019,CG-Onshore,2.27,-0.16
October,2019,Cheyenne,1.79,-0.64
October,2019,Chicago,2.11,-0.32
October,2019,CIG-Mainline,1.79,-0.64
October,2019,CIG-Mainline Pool,,
October,2019,CIG-Mainline South,,
October,2019,Clarington,,
October,2019,Clarington-Tenn,,
October,2019,Consumers,1.94,-0.49
October,2019,Cove Point,,
October,2019,Dracut,,
October,2019,Eastern Gas-North,,
October,2019,Eastern Gas-South,,
October,2019,Egan Inter,,
October,2019,Egan Stor,,
October,2019,EGT-Flex,,
October,2019,EGT-North,,
October,2019,EGT-Perryville Hub,1.95,-0.48
October,2019,EGT-South,,
October,2019,EGT-West,,
October,2019,Enable East Pool,,
October,2019,Enable West Pool ,,
October,2019,ENT-STX Map,,
October,2019,EP-Anadarko,,
October,2019,EP-Keystone,,
October,2019,EP-Plains Pool,,
October,2019,EP-S.Mainline,,
October,2019,EP-SJ Blanco Pool,1.72,-0.71
October,2019,EP-SJ Bondad Stn,,
October,2019,EP-Waha Pool,,
October,2019,ETC-Cleburne,,
October,2019,ETC-Maypearl,,
October,2019,ETC-Tiger Gas (receipt),,
October,2019,FGT-CG,,
October,2019,FGT-Z1,2.37,-0.06
October,2019,FGT-Z2,2.38,-0.05
October,2019,FGT-Z3,2.51,0.08
October,2019,GCX Waha Hub,,
October,2019,Gillis Hub,,
October,2019,GLGT-St.Clair,,
October,2019,Golden Triangle,,
October,2019,GTN-Kingsgate,,
October,2019,GTN-Malin,,
October,2019,GTN-Stanfield,,
October,2019,Guardian Hub,,
October,2019,Gulf S. Pool 16,,
October,2019,Gulf South - Perryville,,
October,2019,Henry,2.43,0.0
October,2019,HPL-ETX Pool,,
October,2019,HSC-HPL Pool,2.33,-0.1
October,2019,HSC-Kinder Morgan,,
October,2019,Iroquois (into),1.97,-0.46
October,2019,Iroquois-Z1,,
October,2019,Iroquois-Z2,1.96,-0.47
October,2019,Iroquois-Z2 Hunts Pt,,
October,2019,Jefferson Island,,
October,2019,Katy-Enstor Pool,2.33,-0.1
October,2019,Katy-Lonestar Inter,,
October,2019,Katy-Lonestar Intra,,
October,2019,Katy-Oasis,,
October,2019,KRGT-Del Pool,,
October,2019,KRGT-Rec Pool,,
October,2019,Lebanon,1.88,-0.55
October,2019,Leidy,,
October,2019,Leidy-Transco,1.33,-1.1
October,2019,M&N US,,
October,2019,MEP-Lamar,,
October,2019,Michcon,1.93,-0.5
October,2019,Midship (receipt),,
October,2019,Millennium,,
October,2019,Millennium East Pool,1.33,-1.1
October,2019,Millennium-Ramapo,,
October,2019,Moss Bluff Inter,,
October,2019,Moss Bluff Stor,,
October,2019,MS Hub,,
October,2019,NBPL-Bakken (receipt),,
October,2019,NBPL-Harper,,
October,2019,NBPL-Nicor,2.12,-0.31
October,2019,NBPL-Vector,,
October,2019,NBPL-Ventura,,
October,2019,NBPL-Will County,,
October,2019,NGPL-AM Pool,,
October,2019,NGPL-AM Stor,,
October,2019,NGPL-GC Mainline,,
October,2019,NGPL-IA/IL AM Pool,,
October,2019,NGPL-IA/IL AM Stor,,
October,2019,NGPL-IA/IL GC Pool,,
October,2019,NGPL-IA/IL GC Stor,,
October,2019,NGPL-LA Pool,,
October,2019,NGPL-LA Stor,,
October,2019,NGPL-MidAm,,
October,2019,NGPL-Midcont Pool,1.69,-0.74
October,2019,NGPL-Midcont Stor,,
October,2019,NGPL-Nicor,2.12,-0.31
October,2019,NGPL-Nipsco,2.11,-0.32
October,2019,NGPL-STX,2.35,-0.08
October,2019,NGPL-TXOK East,2.03,-0.4
October,2019,NGPL-TXOK East Stor,2.03,-0.4
October,2019,NGPL-TXOK West,2.03,-0.4
October,2019,NNG-Demarc,1.93,-0.5
October,2019,NNG-Mid 13-16A,,
October,2019,NNG-Mid 1-7,,
October,2019,NNG-Mid 8-12,,
October,2019,NNG-Ventura,1.95,-0.48
October,2019,Nortex-Tolar Hub,,
October,2019,NWP-Rocky Mtn,2.01,-0.42
October,2019,NWP-Sumas,2.53,0.1
October,2019,NWP-Wyoming,,
October,2019,Oasis - Waha Pool,,
October,2019,OGT,,
October,2019,ONEOK Westex,1.56,-0.87
October,2019,Opal,,
October,2019,Panhandle,1.61,-0.82
October,2019,PG&E-Citygate,3.08,0.65
October,2019,PG&E-Daggett,,
October,2019,PG&E-KRS,,
October,2019,PG&E-Topock,,
October,2019,PGLC,2.11,-0.32
October,2019,Pine Prairie,,
October,2019,Pioneer,,
October,2019,PNGTS,,
October,2019,Questar-North,,
October,2019,Questar-South,,
October,2019,REX Cheyenne Comp Pool,,
October,2019,REX E-ANR,,
October,2019,REX E-MidW,,
October,2019,REX E-NGPL,,
October,2019,REX E-PEPL,,
October,2019,REX E-Trunk,,
October,2019,REX W-ANR,,
October,2019,REX W-NGPL,,
October,2019,REX W-NNG,,
October,2019,REX W-PEPL,,
October,2019,REX-Z3 (receipt) ,,
October,2019,REX-Z3 Del Pool,1.89,-0.54
October,2019,Rover (receipt),,
October,2019,Rover-ANR,1.89,-0.54
October,2019,Rover-PEPL,1.89,-0.54
October,2019,Ruby-Onyx Hill,,
October,2019,Ruby-Rec Pool,,
October,2019,Ryckman Creek Stor,,
October,2019,Salt Plains Inter,,
October,2019,Salt Plains Stor,,
October,2019,Socal-Blythe,,
October,2019,Socal-Border,2.57,0.14
October,2019,Socal-Citygate,3.38,0.95
October,2019,Socal-Ehrenberg,,
October,2019,Socal-Firm Stor,,
October,2019,Socal-IT Stor,,
October,2019,Socal-Kramer,,
October,2019,Socal-KRS,,
October,2019,Socal-Needles,,
October,2019,Socal-Storage,,
October,2019,Socal-Topock (EP),,
October,2019,Socal-Topock (TW),,
October,2019,Socal-WR,,
October,2019,Sonat-Z0 South,2.37,-0.06
October,2019,Sonat-Z1 North,,
October,2019,Southern Pines Hub,,
October,2019,Southern Star,1.7,-0.73
October,2019,Spectra - Hunt,,
October,2019,Stagecoach ,,
October,2019,Stingray,,
October,2019,TCO,1.73,-0.7
October,2019,TCO-A04 Pool,,
October,2019,TCO-A06 Pool,,
October,2019,TCO-A08 Pool,,
October,2019,TCO-Seg Pool,,
October,2019,TETCO-ELA,2.31,-0.12
October,2019,TETCO-ETX,2.13,-0.3
October,2019,TETCO-M1 24,,
October,2019,TETCO-M1 30,,
October,2019,TETCO-M2,,
October,2019,TETCO-M2 (receipt),1.33,-1.1
October,2019,TETCO-M3,1.47,-0.96
October,2019,TETCO-Manhattan,,
October,2019,TETCO-STX,2.35,-0.08
October,2019,TETCO-WLA,2.34,-0.09
October,2019,TGP-500L,2.38,-0.05
October,2019,TGP-800L,2.23,-0.2
October,2019,TGP-Mahwah,,
October,2019,TGP-Niagara,1.98,-0.45
October,2019,TGP-Z0 Border Pool,2.2,-0.23
October,2019,TGP-Z0 North,2.2,-0.23
October,2019,TGP-Z0 South,2.2,-0.23
October,2019,TGP-Z1 100L,,
October,2019,TGP-Z1 800L Pool,,
October,2019,TGP-Z1 Sta-87,,
October,2019,TGP-Z4 300L,1.27,-1.16
October,2019,TGP-Z4 Marcellus,1.27,-1.16
October,2019,TGP-Z4 Sta-219,,
October,2019,TGP-Z4 Sta-313,1.84,-0.59
October,2019,TGP-Z5 200L,1.89,-0.54
October,2019,TGP-Z6 200L,2.05,-0.38
October,2019,TGP-Z6 200L North,2.04,-0.39
October,2019,TGP-Z6 200L South,2.08,-0.35
October,2019,TGP-Z6 300L,,
October,2019,TGT-Mainline,2.09,-0.34
October,2019,TGT-North LA,,
October,2019,TGT-SL,2.26,-0.17
October,2019,Transco Zn3,2.37,-0.06
October,2019,Transco-165,,
October,2019,Transco-30,2.38,-0.05
October,2019,Transco-45,2.41,-0.02
October,2019,Transco-65,,
October,2019,Transco-85,2.4,-0.03
October,2019,Transco-River Road,,
October,2019,Transco-Z5,2.46,0.03
October,2019,Transco-Z5 North,,
October,2019,Transco-Z5 South,2.46,0.03
October,2019,Transco-Z6 (non-NY north ML),,
October,2019,Transco-Z6 (non-NY north),1.46,-0.97
October,2019,Transco-Z6 (non-NY south),2.49,0.06
October,2019,Transco-Z6 (non-NY),1.46,-0.97
October,2019,Transco-Z6 (NY),1.46,-0.97
October,2019,Transco-Z6 Sta-210,,
October,2019,Tres Palacios (inj),,
October,2019,Tres Palacios (w/d),,
October,2019,Trunkline-ELA,2.39,-0.04
October,2019,Trunkline-WLA,2.39,-0.04
October,2019,Trunkline-Z1A,2.0,-0.43
October,2019,TW-Blanco,1.74,-0.69
October,2019,TW-Central,,
October,2019,TW-Panhandle,1.57,-0.86
October,2019,TW-WTX,,
October,2019,Union-Dawn,1.94,-0.49
October,2019,Waha,1.62,-0.81
October,2019,White River Hub,,
October,2019,WIC,,
October,2019,0,,
October,2019,0,,
October,2019,0,,
October,2019,0,,
November,2019,AB Pool (inter),,
November,2019,AB Pool (intra),,
November,2019,AGT-CG,,
November,2019,AGT-CG (non-G),3.94,1.34
November,2019,Agua Dulce Hub,,
November,2019,ANR-Joliet Hub,,
November,2019,ANR-SE,,
November,2019,ANR-SE-T,2.53,-0.07
November,2019,ANR-SW,2.24,-0.36
November,2019,APC-ACE,,
November,2019,APC-ANR,,
November,2019,APC-MGTC,,
November,2019,APC-NGPL,,
November,2019,APC-Nicor,,
November,2019,APC-VPC,,
November,2019,Arena WTX Pool,,
November,2019,Atmos Zone 3,,
November,2019,Banquete Hub,,
November,2019,Bay Gas Storage,,
November,2019,Bennington,,
November,2019,Beverly Salem,,
November,2019,Bluewater Hub,,
November,2019,Bobcat Inter,,
November,2019,Bobcat Stor,,
November,2019,Carthage,,
November,2019,CG-Mainline,2.34,-0.26
November,2019,CG-Onshore,2.5,-0.1
November,2019,Cheyenne,1.97,-0.63
November,2019,Chicago,2.46,-0.14
November,2019,CIG-Mainline,1.94,-0.66
November,2019,CIG-Mainline Pool,,
November,2019,CIG-Mainline South,,
November,2019,Clarington,,
November,2019,Clarington-Tenn,,
November,2019,Consumers,2.53,-0.07
November,2019,Cove Point,,
November,2019,Dracut,,
November,2019,Eastern Gas-North,,
November,2019,Eastern Gas-South,,
November,2019,Egan Inter,,
November,2019,Egan Stor,,
November,2019,EGT-Flex,,
November,2019,EGT-North,,
November,2019,EGT-Perryville Hub,2.25,-0.35
November,2019,EGT-South,,
November,2019,EGT-West,,
November,2019,Enable East Pool,,
November,2019,Enable West Pool ,,
November,2019,ENT-STX Map,,
November,2019,EP-Anadarko,,
November,2019,EP-Keystone,,
November,2019,EP-Plains Pool,,
November,2019,EP-S.Mainline,,
November,2019,EP-SJ Blanco Pool,2.1,-0.5
November,2019,EP-SJ Bondad Stn,,
November,2019,EP-Waha Pool,,
November,2019,ETC-Cleburne,,
November,2019,ETC-Maypearl,,
November,2019,ETC-Tiger Gas (receipt),,
November,2019,FGT-CG,,
November,2019,FGT-Z1,2.55,-0.05
November,2019,FGT-Z2,2.57,-0.03
November,2019,FGT-Z3,2.64,0.04
November,2019,GCX Waha Hub,,
November,2019,Gillis Hub,,
November,2019,GLGT-St.Clair,,
November,2019,Golden Triangle,,
November,2019,GTN-Kingsgate,,
November,2019,GTN-Malin,,
November,2019,GTN-Stanfield,,
November,2019,Guardian Hub,,
November,2019,Gulf S. Pool 16,,
November,2019,Gulf South - Perryville,,
November,2019,Henry,2.6,0.0
November,2019,HPL-ETX Pool,,
November,2019,HSC-HPL Pool,2.52,-0.08
November,2019,HSC-Kinder Morgan,,
November,2019,Iroquois (into),2.81,0.21
November,2019,Iroquois-Z1,,
November,2019,Iroquois-Z2,3.03,0.43
November,2019,Iroquois-Z2 Hunts Pt,,
November,2019,Jefferson Island,,
November,2019,Katy-Enstor Pool,2.48,-0.12
November,2019,Katy-Lonestar Inter,,
November,2019,Katy-Lonestar Intra,,
November,2019,Katy-Oasis,,
November,2019,KRGT-Del Pool,,
November,2019,KRGT-Rec Pool,,
November,2019,Lebanon,2.43,-0.17
November,2019,Leidy,,
November,2019,Leidy-Transco,2.03,-0.57
November,2019,M&N US,,
November,2019,MEP-Lamar,,
November,2019,Michcon,2.47,-0.13
November,2019,Midship (receipt),,
November,2019,Millennium,,
November,2019,Millennium East Pool,2.03,-0.57
November,2019,Millennium-Ramapo,,
November,2019,Moss Bluff Inter,,
November,2019,Moss Bluff Stor,,
November,2019,MS Hub,,
November,2019,NBPL-Bakken (receipt),,
November,2019,NBPL-Harper,,
November,2019,NBPL-Nicor,2.42,-0.18
November,2019,NBPL-Vector,,
November,2019,NBPL-Ventura,2.51,-0.09
November,2019,NBPL-Will County,,
November,2019,NGPL-AM Pool,,
November,2019,NGPL-AM Stor,,
November,2019,NGPL-GC Mainline,,
November,2019,NGPL-IA/IL AM Pool,,
November,2019,NGPL-IA/IL AM Stor,,
November,2019,NGPL-IA/IL GC Pool,,
November,2019,NGPL-IA/IL GC Stor,,
November,2019,NGPL-LA Pool,,
November,2019,NGPL-LA Stor,,
November,2019,NGPL-MidAm,,
November,2019,NGPL-Midcont Pool,1.83,-0.77
November,2019,NGPL-Midcont Stor,,
November,2019,NGPL-Nicor,2.42,-0.18
November,2019,NGPL-Nipsco,2.52,-0.08
November,2019,NGPL-STX,2.5,-0.1
November,2019,NGPL-TXOK East,2.42,-0.18
November,2019,NGPL-TXOK East Stor,2.42,-0.18
November,2019,NGPL-TXOK West,2.42,-0.18
November,2019,NNG-Demarc,2.59,-0.01
November,2019,NNG-Mid 13-16A,,
November,2019,NNG-Mid 1-7,,
November,2019,NNG-Mid 8-12,,
November,2019,NNG-Ventura,2.6,0.0
November,2019,Nortex-Tolar Hub,,
November,2019,NWP-Rocky Mtn,2.32,-0.28
November,2019,NWP-Sumas,3.36,0.76
November,2019,NWP-Wyoming,,
November,2019,Oasis - Waha Pool,,
November,2019,OGT,,
November,2019,ONEOK Westex,1.84,-0.76
November,2019,Opal,,
November,2019,Panhandle,2.03,-0.57
November,2019,PG&E-Citygate,3.18,0.58
November,2019,PG&E-Daggett,,
November,2019,PG&E-KRS,,
November,2019,PG&E-Topock,,
November,2019,PGLC,2.46,-0.14
November,2019,Pine Prairie,,
November,2019,Pioneer,,
November,2019,PNGTS,,
November,2019,Questar-North,,
November,2019,Questar-South,,
November,2019,REX Cheyenne Comp Pool,,
November,2019,REX E-ANR,,
November,2019,REX E-MidW,,
November,2019,REX E-NGPL,,
November,2019,REX E-PEPL,,
November,2019,REX E-Trunk,,
November,2019,REX W-ANR,,
November,2019,REX W-NGPL,,
November,2019,REX W-NNG,,
November,2019,REX W-PEPL,,
November,2019,REX-Z3 (receipt) ,,
November,2019,REX-Z3 Del Pool,2.44,-0.16
November,2019,Rover (receipt),,
November,2019,Rover-ANR,2.41,-0.19
November,2019,Rover-PEPL,2.41,-0.19
November,2019,Ruby-Onyx Hill,,
November,2019,Ruby-Rec Pool,,
November,2019,Ryckman Creek Stor,,
November,2019,Salt Plains Inter,,
November,2019,Salt Plains Stor,,
November,2019,Socal-Blythe,,
November,2019,Socal-Border,2.54,-0.06
November,2019,Socal-Citygate,3.29,0.69
November,2019,Socal-Ehrenberg,,
November,2019,Socal-Firm Stor,,
November,2019,Socal-IT Stor,,
November,2019,Socal-Kramer,,
November,2019,Socal-KRS,,
November,2019,Socal-Needles,,
November,2019,Socal-Storage,,
November,2019,Socal-Topock (EP),,
November,2019,Socal-Topock (TW),,
November,2019,Socal-WR,,
November,2019,Sonat-Z0 South,2.55,-0.05
November,2019,Sonat-Z1 North,,
November,2019,Southern Pines Hub,,
November,2019,Southern Star,2.14,-0.46
November,2019,Spectra - Hunt,,
November,2019,Stagecoach ,,
November,2019,Stingray,,
November,2019,TCO,2.22,-0.38
November,2019,TCO-A04 Pool,,
November,2019,TCO-A06 Pool,,
November,2019,TCO-A08 Pool,,
November,2019,TCO-Seg Pool,,
November,2019,TETCO-ELA,2.47,-0.13
November,2019,TETCO-ETX,2.45,-0.15
November,2019,TETCO-M1 24,,
November,2019,TETCO-M1 30,2.44,-0.16
November,2019,TETCO-M2,,
November,2019,TETCO-M2 (receipt),1.9,-0.7
November,2019,TETCO-M3,2.58,-0.02
November,2019,TETCO-Manhattan,,
November,2019,TETCO-STX,2.5,-0.1
November,2019,TETCO-WLA,2.52,-0.08
November,2019,TGP-500L,2.54,-0.06
November,2019,TGP-800L,2.47,-0.13
November,2019,TGP-Mahwah,,
November,2019,TGP-Niagara,2.46,-0.14
November,2019,TGP-Z0 Border Pool,2.4,-0.2
November,2019,TGP-Z0 North,2.4,-0.2
November,2019,TGP-Z0 South,2.4,-0.2
November,2019,TGP-Z1 100L,,
November,2019,TGP-Z1 800L Pool,,
November,2019,TGP-Z1 Sta-87,,
November,2019,TGP-Z4 300L,1.99,-0.61
November,2019,TGP-Z4 Marcellus,1.99,-0.61
November,2019,TGP-Z4 Sta-219,,
November,2019,TGP-Z4 Sta-313,2.17,-0.43
November,2019,TGP-Z5 200L,2.35,-0.25
November,2019,TGP-Z6 200L,3.49,0.89
November,2019,TGP-Z6 200L North,3.85,1.25
November,2019,TGP-Z6 200L South,3.49,0.89
November,2019,TGP-Z6 300L,,
November,2019,TGT-Mainline,2.38,-0.22
November,2019,TGT-North LA,,
November,2019,TGT-SL,2.42,-0.18
November,2019,Transco Zn3,2.54,-0.06
November,2019,Transco-165,,
November,2019,Transco-30,2.51,-0.09
November,2019,Transco-45,2.57,-0.03
November,2019,Transco-65,,
November,2019,Transco-85,2.57,-0.03
November,2019,Transco-River Road,,
November,2019,Transco-Z5,2.66,0.06
November,2019,Transco-Z5 North,,
November,2019,Transco-Z5 South,2.66,0.06
November,2019,Transco-Z6 (non-NY north ML),,
November,2019,Transco-Z6 (non-NY north),2.42,-0.18
November,2019,Transco-Z6 (non-NY south),,
November,2019,Transco-Z6 (non-NY),2.42,-0.18
November,2019,Transco-Z6 (NY),2.55,-0.05
November,2019,Transco-Z6 Sta-210,,
November,2019,Tres Palacios (inj),,
November,2019,Tres Palacios (w/d),,
November,2019,Trunkline-ELA,2.55,-0.05
November,2019,Trunkline-WLA,2.55,-0.05
November,2019,Trunkline-Z1A,2.38,-0.22
November,2019,TW-Blanco,2.2,-0.4
November,2019,TW-Central,,
November,2019,TW-Panhandle,0.75,-1.85
November,2019,TW-WTX,,
November,2019,Union-Dawn,2.67,0.07
November,2019,Waha,0.72,-1.88
November,2019,White River Hub,,
November,2019,WIC,,
November,2019,0,,
November,2019,0,,
November,2019,0,,
November,2019,0,,
December,2019,AB Pool (inter),,
December,2019,AB Pool (intra),,
December,2019,AGT-CG,,
December,2019,AGT-CG (non-G),5.08,2.61
December,2019,Agua Dulce Hub,,
December,2019,ANR-Joliet Hub,,
December,2019,ANR-SE,,
December,2019,ANR-SE-T,2.39,-0.08
December,2019,ANR-SW,2.35,-0.12
December,2019,APC-ACE,,
December,2019,APC-ANR,,
December,2019,APC-MGTC,,
December,2019,APC-NGPL,,
December,2019,APC-Nicor,,
December,2019,APC-VPC,,
December,2019,Arena WTX Pool,,
December,2019,Atmos Zone 3,,
December,2019,Banquete Hub,,
December,2019,Bay Gas Storage,,
December,2019,Bennington,,
December,2019,Beverly Salem,,
December,2019,Bluewater Hub,,
December,2019,Bobcat Inter,,
December,2019,Bobcat Stor,,
December,2019,Carthage,,
December,2019,CG-Mainline,2.29,-0.18
December,2019,CG-Onshore,2.39,-0.08
December,2019,Cheyenne,2.33,-0.14
December,2019,Chicago,2.74,0.27
December,2019,CIG-Mainline,2.29,-0.18
December,2019,CIG-Mainline Pool,,
December,2019,CIG-Mainline South,,
December,2019,Clarington,,
December,2019,Clarington-Tenn,,
December,2019,Consumers,2.45,-0.02
December,2019,Cove Point,,
December,2019,Dracut,,
December,2019,Eastern Gas-North,,
December,2019,Eastern Gas-South,,
December,2019,Egan Inter,,
December,2019,Egan Stor,,
December,2019,EGT-Flex,,
December,2019,EGT-North,,
December,2019,EGT-Perryville Hub,2.13,-0.34
December,2019,EGT-South,,
December,2019,EGT-West,,
December,2019,Enable East Pool,,
December,2019,Enable West Pool ,,
December,2019,ENT-STX Map,,
December,2019,EP-Anadarko,,
December,2019,EP-Keystone,,
December,2019,EP-Plains Pool,,
December,2019,EP-S.Mainline,,
December,2019,EP-SJ Blanco Pool,2.5,0.03
December,2019,EP-SJ Bondad Stn,,
December,2019,EP-Waha Pool,,
December,2019,ETC-Cleburne,,
December,2019,ETC-Maypearl,,
December,2019,ETC-Tiger Gas (receipt),,
December,2019,FGT-CG,,
December,2019,FGT-Z1,2.42,-0.05
December,2019,FGT-Z2,2.43,-0.04
December,2019,FGT-Z3,2.48,0.01
December,2019,GCX Waha Hub,,
December,2019,Gillis Hub,,
December,2019,GLGT-St.Clair,,
December,2019,Golden Triangle,,
December,2019,GTN-Kingsgate,,
December,2019,GTN-Malin,,
December,2019,GTN-Stanfield,,
December,2019,Guardian Hub,,
December,2019,Gulf S. Pool 16,,
December,2019,Gulf South - Perryville,,
December,2019,Henry,2.47,0.0
December,2019,HPL-ETX Pool,,
December,2019,HSC-HPL Pool,2.35,-0.12
December,2019,HSC-Kinder Morgan,,
December,2019,Iroquois (into),3.24,0.77
December,2019,Iroquois-Z1,,
December,2019,Iroquois-Z2,5.06,2.59
December,2019,Iroquois-Z2 Hunts Pt,,
December,2019,Jefferson Island,,
December,2019,Katy-Enstor Pool,2.45,-0.02
December,2019,Katy-Lonestar Inter,,
December,2019,Katy-Lonestar Intra,,
December,2019,Katy-Oasis,,
December,2019,KRGT-Del Pool,,
December,2019,KRGT-Rec Pool,,
December,2019,Lebanon,2.4,-0.07
December,2019,Leidy,,
December,2019,Leidy-Transco,2.04,-0.43
December,2019,M&N US,,
December,2019,MEP-Lamar,,
December,2019,Michcon,2.37,-0.1
December,2019,Midship (receipt),,
December,2019,Millennium,,
December,2019,Millennium East Pool,2.05,-0.42
December,2019,Millennium-Ramapo,,
December,2019,Moss Bluff Inter,,
December,2019,Moss Bluff Stor,,
December,2019,MS Hub,,
December,2019,NBPL-Bakken (receipt),,
December,2019,NBPL-Harper,,
December,2019,NBPL-Nicor,2.75,0.28
December,2019,NBPL-Vector,,
December,2019,NBPL-Ventura,2.88,0.41
December,2019,NBPL-Will County,,
December,2019,NGPL-AM Pool,,
December,2019,NGPL-AM Stor,,
December,2019,NGPL-GC Mainline,,
December,2019,NGPL-IA/IL AM Pool,,
December,2019,NGPL-IA/IL AM Stor,,
December,2019,NGPL-IA/IL GC Pool,,
December,2019,NGPL-IA/IL GC Stor,,
December,2019,NGPL-LA Pool,,
December,2019,NGPL-LA Stor,,
December,2019,NGPL-MidAm,,
December,2019,NGPL-Midcont Pool,1.67,-0.8
December,2019,NGPL-Midcont Stor,,
December,2019,NGPL-Nicor,2.75,0.28
December,2019,NGPL-Nipsco,2.73,0.26
December,2019,NGPL-STX,2.37,-0.1
December,2019,NGPL-TXOK East,2.26,-0.21
December,2019,NGPL-TXOK East Stor,2.26,-0.21
December,2019,NGPL-TXOK West,2.26,-0.21
December,2019,NNG-Demarc,2.84,0.37
December,2019,NNG-Mid 13-16A,,
December,2019,NNG-Mid 1-7,,
December,2019,NNG-Mid 8-12,,
December,2019,NNG-Ventura,2.83,0.36
December,2019,Nortex-Tolar Hub,,
December,2019,NWP-Rocky Mtn,3.44,0.97
December,2019,NWP-Sumas,6.7,4.23
December,2019,NWP-Wyoming,,
December,2019,Oasis - Waha Pool,,
December,2019,OGT,,
December,2019,ONEOK Westex,1.71,-0.76
December,2019,Opal,,
December,2019,Panhandle,1.96,-0.51
December,2019,PG&E-Citygate,4.02,1.55
December,2019,PG&E-Daggett,,
December,2019,PG&E-KRS,,
December,2019,PG&E-Topock,,
December,2019,PGLC,2.72,0.25
December,2019,Pine Prairie,,
December,2019,Pioneer,,
December,2019,PNGTS,,
December,2019,Questar-North,,
December,2019,Questar-South,,
December,2019,REX Cheyenne Comp Pool,,
December,2019,REX E-ANR,,
December,2019,REX E-MidW,,
December,2019,REX E-NGPL,,
December,2019,REX E-PEPL,,
December,2019,REX E-Trunk,,
December,2019,REX W-ANR,,
December,2019,REX W-NGPL,,
December,2019,REX W-NNG,,
December,2019,REX W-PEPL,,
December,2019,REX-Z3 (receipt) ,,
December,2019,REX-Z3 Del Pool,2.36,-0.11
December,2019,Rover (receipt),,
December,2019,Rover-ANR,2.34,-0.13
December,2019,Rover-PEPL,2.34,-0.13
December,2019,Ruby-Onyx Hill,,
December,2019,Ruby-Rec Pool,,
December,2019,Ryckman Creek Stor,,
December,2019,Salt Plains Inter,,
December,2019,Salt Plains Stor,,
December,2019,Socal-Blythe,,
December,2019,Socal-Border,3.72,1.25
December,2019,Socal-Citygate,6.81,4.34
December,2019,Socal-Ehrenberg,,
December,2019,Socal-Firm Stor,,
December,2019,Socal-IT Stor,,
December,2019,Socal-Kramer,,
December,2019,Socal-KRS,,
December,2019,Socal-Needles,,
December,2019,Socal-Storage,,
December,2019,Socal-Topock (EP),,
December,2019,Socal-Topock (TW),,
December,2019,Socal-WR,,
December,2019,Sonat-Z0 South,2.41,-0.06
December,2019,Sonat-Z1 North,,
December,2019,Southern Pines Hub,,
December,2019,Southern Star,2.32,-0.15
December,2019,Spectra - Hunt,,
December,2019,Stagecoach ,,
December,2019,Stingray,,
December,2019,TCO,2.13,-0.34
December,2019,TCO-A04 Pool,,
December,2019,TCO-A06 Pool,,
December,2019,TCO-A08 Pool,,
December,2019,TCO-Seg Pool,,
December,2019,TETCO-ELA,2.36,-0.11
December,2019,TETCO-ETX,2.28,-0.19
December,2019,TETCO-M1 24,,
December,2019,TETCO-M1 30,2.34,-0.13
December,2019,TETCO-M2,,
December,2019,TETCO-M2 (receipt),2.04,-0.43
December,2019,TETCO-M3,3.57,1.1
December,2019,TETCO-Manhattan,,
December,2019,TETCO-STX,2.36,-0.11
December,2019,TETCO-WLA,2.4,-0.07
December,2019,TGP-500L,2.41,-0.06
December,2019,TGP-800L,2.35,-0.12
December,2019,TGP-Mahwah,,
December,2019,TGP-Niagara,2.58,0.11
December,2019,TGP-Z0 Border Pool,2.3,-0.17
December,2019,TGP-Z0 North,2.3,-0.17
December,2019,TGP-Z0 South,2.3,-0.17
December,2019,TGP-Z1 100L,,
December,2019,TGP-Z1 800L Pool,,
December,2019,TGP-Z1 Sta-87,,
December,2019,TGP-Z4 300L,1.99,-0.48
December,2019,TGP-Z4 Marcellus,1.99,-0.48
December,2019,TGP-Z4 Sta-219,,
December,2019,TGP-Z4 Sta-313,2.16,-0.31
December,2019,TGP-Z5 200L,2.32,-0.15
December,2019,TGP-Z6 200L,6.05,3.58
December,2019,TGP-Z6 200L North,6.08,3.61
December,2019,TGP-Z6 200L South,5.22,2.75
December,2019,TGP-Z6 300L,,
December,2019,TGT-Mainline,2.31,-0.16
December,2019,TGT-North LA,,
December,2019,TGT-SL,2.35,-0.12
December,2019,Transco Zn3,2.41,-0.06
December,2019,Transco-165,,
December,2019,Transco-30,2.37,-0.1
December,2019,Transco-45,2.38,-0.09
December,2019,Transco-65,,
December,2019,Transco-85,2.44,-0.03
December,2019,Transco-River Road,,
December,2019,Transco-Z5,3.28,0.81
December,2019,Transco-Z5 North,,
December,2019,Transco-Z5 South,3.27,0.8
December,2019,Transco-Z6 (non-NY north ML),,
December,2019,Transco-Z6 (non-NY north),3.3,0.83
December,2019,Transco-Z6 (non-NY south),,
December,2019,Transco-Z6 (non-NY),3.3,0.83
December,2019,Transco-Z6 (NY),3.9,1.43
December,2019,Transco-Z6 Sta-210,,
December,2019,Tres Palacios (inj),,
December,2019,Tres Palacios (w/d),,
December,2019,Trunkline-ELA,2.48,0.01
December,2019,Trunkline-WLA,2.48,0.01
December,2019,Trunkline-Z1A,2.31,-0.16
December,2019,TW-Blanco,2.71,0.24
December,2019,TW-Central,,
December,2019,TW-Panhandle,1.38,-1.09
December,2019,TW-WTX,,
December,2019,Union-Dawn,2.58,0.11
December,2019,Waha,1.4,-1.07
December,2019,White River Hub,,
December,2019,WIC,,
December,2019,0,,
December,2019,0,,
December,2019,0,,
December,2019,0,,
January,2020,AB Pool (inter),,
January,2020,AB Pool (intra),,
January,2020,AGT-CG,,
January,2020,AGT-CG (non-G),6.45,4.29
January,2020,Agua Dulce Hub,,
January,2020,ANR-Joliet Hub,,
January,2020,ANR-SE,,
January,2020,ANR-SE-T,2.07,-0.09
January,2020,ANR-SW,1.95,-0.21
January,2020,APC-ACE,,
January,2020,APC-ANR,,
January,2020,APC-MGTC,,
January,2020,APC-NGPL,,
January,2020,APC-Nicor,,
January,2020,APC-VPC,,
January,2020,Arena WTX Pool,,
January,2020,Atmos Zone 3,,
January,2020,Banquete Hub,,
January,2020,Bay Gas Storage,,
January,2020,Bennington,,
January,2020,Beverly Salem,,
January,2020,Bluewater Hub,,
January,2020,Bobcat Inter,,
January,2020,Bobcat Stor,,
January,2020,Carthage,,
January,2020,CG-Mainline,1.98,-0.18
January,2020,CG-Onshore,2.07,-0.09
January,2020,Cheyenne,1.85,-0.31
January,2020,Chicago,2.3,0.14
January,2020,CIG-Mainline,1.86,-0.3
January,2020,CIG-Mainline Pool,,
January,2020,CIG-Mainline South,,
January,2020,Clarington,,
January,2020,Clarington-Tenn,,
January,2020,Consumers,2.3,0.14
January,2020,Cove Point,,
January,2020,Dracut,,
January,2020,Eastern Gas-North,,
January,2020,Eastern Gas-South,,
January,2020,Egan Inter,,
January,2020,Egan Stor,,
January,2020,EGT-Flex,,
January,2020,EGT-North,,
January,2020,EGT-Perryville Hub,1.97,-0.19
January,2020,EGT-South,,
January,2020,EGT-West,,
January,2020,Enable East Pool,,
January,2020,Enable West Pool ,,
January,2020,ENT-STX Map,,
January,2020,EP-Anadarko,,
January,2020,EP-Keystone,,
January,2020,EP-Plains Pool,,
January,2020,EP-S.Mainline,,
January,2020,EP-SJ Blanco Pool,2.43,0.27
January,2020,EP-SJ Bondad Stn,,
January,2020,EP-Waha Pool,1.12,-1.04
January,2020,ETC-Cleburne,,
January,2020,ETC-Maypearl,,
January,2020,ETC-Tiger Gas (receipt),,
January,2020,FGT-CG,,
January,2020,FGT-Z1,2.16,0.0
January,2020,FGT-Z2,2.16,0.0
January,2020,FGT-Z3,2.16,0.0
January,2020,GCX Waha Hub,,
January,2020,Gillis Hub,,
January,2020,GLGT-St.Clair,,
January,2020,Golden Triangle,,
January,2020,GTN-Kingsgate,,
January,2020,GTN-Malin,,
January,2020,GTN-Stanfield,,
January,2020,Guardian Hub,,
January,2020,Gulf S. Pool 16,,
January,2020,Gulf South - Perryville,,
January,2020,Henry,2.16,0.0
January,2020,HPL-ETX Pool,,
January,2020,HSC-HPL Pool,2.06,-0.1
January,2020,HSC-Kinder Morgan,,
January,2020,Iroquois (into),3.4,1.24
January,2020,Iroquois-Z1,,
January,2020,Iroquois-Z2,6.46,4.3
January,2020,Iroquois-Z2 Hunts Pt,,
January,2020,Jefferson Island,,
January,2020,Katy-Enstor Pool,2.06,-0.1
January,2020,Katy-Lonestar Inter,,
January,2020,Katy-Lonestar Intra,,
January,2020,Katy-Oasis,,
January,2020,KRGT-Del Pool,3.89,1.73
January,2020,KRGT-Rec Pool,,
January,2020,Lebanon,2.06,-0.1
January,2020,Leidy,,
January,2020,Leidy-Transco,1.75,-0.41
January,2020,M&N US,,
January,2020,MEP-Lamar,,
January,2020,Michcon,2.03,-0.13
January,2020,Midship (receipt),,
January,2020,Millennium,,
January,2020,Millennium East Pool,1.76,-0.4
January,2020,Millennium-Ramapo,,
January,2020,Moss Bluff Inter,,
January,2020,Moss Bluff Stor,,
January,2020,MS Hub,,
January,2020,NBPL-Bakken (receipt),,
January,2020,NBPL-Harper,,
January,2020,NBPL-Nicor,2.29,0.13
January,2020,NBPL-Vector,,
January,2020,NBPL-Ventura,2.46,0.3
January,2020,NBPL-Will County,,
January,2020,NGPL-AM Pool,,
January,2020,NGPL-AM Stor,,
January,2020,NGPL-GC Mainline,,
January,2020,NGPL-IA/IL AM Pool,,
January,2020,NGPL-IA/IL AM Stor,,
January,2020,NGPL-IA/IL GC Pool,,
January,2020,NGPL-IA/IL GC Stor,,
January,2020,NGPL-LA Pool,,
January,2020,NGPL-LA Stor,,
January,2020,NGPL-MidAm,,
January,2020,NGPL-Midcont Pool,1.43,-0.73
January,2020,NGPL-Midcont Stor,,
January,2020,NGPL-Nicor,2.29,0.13
January,2020,NGPL-Nipsco,2.32,0.16
January,2020,NGPL-STX,2.06,-0.1
January,2020,NGPL-TXOK East,1.97,-0.19
January,2020,NGPL-TXOK East Stor,1.97,-0.19
January,2020,NGPL-TXOK West,1.97,-0.19
January,2020,NNG-Demarc,2.34,0.18
January,2020,NNG-Mid 13-16A,,
January,2020,NNG-Mid 1-7,,
January,2020,NNG-Mid 8-12,,
January,2020,NNG-Ventura,2.43,0.27
January,2020,Nortex-Tolar Hub,,
January,2020,NWP-Rocky Mtn,3.16,1.0
January,2020,NWP-Sumas,3.73,1.57
January,2020,NWP-Wyoming,,
January,2020,Oasis - Waha Pool,,
January,2020,OGT,,
January,2020,ONEOK Westex,1.58,-0.58
January,2020,Opal,,
January,2020,Panhandle,1.64,-0.52
January,2020,PG&E-Citygate,3.54,1.38
January,2020,PG&E-Daggett,,
January,2020,PG&E-KRS,,
January,2020,PG&E-Topock,,
January,2020,PGLC,2.27,0.11
January,2020,Pine Prairie,2.08,-0.08
January,2020,Pioneer,,
January,2020,PNGTS,,
January,2020,Questar-North,,
January,2020,Questar-South,,
January,2020,REX Cheyenne Comp Pool,,
January,2020,REX E-ANR,,
January,2020,REX E-MidW,,
January,2020,REX E-NGPL,,
January,2020,REX E-PEPL,,
January,2020,REX E-Trunk,,
January,2020,REX W-ANR,,
January,2020,REX W-NGPL,,
January,2020,REX W-NNG,,
January,2020,REX W-PEPL,,
January,2020,REX-Z3 (receipt) ,,
January,2020,REX-Z3 Del Pool,2.06,-0.1
January,2020,Rover (receipt),,
January,2020,Rover-ANR,2.04,-0.12
January,2020,Rover-PEPL,2.04,-0.12
January,2020,Ruby-Onyx Hill,,
January,2020,Ruby-Rec Pool,,
January,2020,Ryckman Creek Stor,,
January,2020,Salt Plains Inter,,
January,2020,Salt Plains Stor,,
January,2020,Socal-Blythe,,
January,2020,Socal-Border,2.96,0.8
January,2020,Socal-Citygate,5.88,3.72
January,2020,Socal-Ehrenberg,,
January,2020,Socal-Firm Stor,,
January,2020,Socal-IT Stor,,
January,2020,Socal-Kramer,,
January,2020,Socal-KRS,,
January,2020,Socal-Needles,,
January,2020,Socal-Storage,,
January,2020,Socal-Topock (EP),,
January,2020,Socal-Topock (TW),,
January,2020,Socal-WR,,
January,2020,Sonat-Z0 South,2.1,-0.06
January,2020,Sonat-Z1 North,,
January,2020,Southern Pines Hub,,
January,2020,Southern Star,1.96,-0.2
January,2020,Spectra - Hunt,,
January,2020,Stagecoach ,,
January,2020,Stingray,,
January,2020,TCO,1.82,-0.34
January,2020,TCO-A04 Pool,,
January,2020,TCO-A06 Pool,,
January,2020,TCO-A08 Pool,,
January,2020,TCO-Seg Pool,,
January,2020,TETCO-ELA,2.04,-0.12
January,2020,TETCO-ETX,1.96,-0.2
January,2020,TETCO-M1 24,,
January,2020,TETCO-M1 30,2.05,-0.11
January,2020,TETCO-M2,,
January,2020,TETCO-M2 (receipt),1.74,-0.42
January,2020,TETCO-M3,3.35,1.19
January,2020,TETCO-Manhattan,,
January,2020,TETCO-STX,2.06,-0.1
January,2020,TETCO-WLA,2.08,-0.08
January,2020,TGP-500L,2.08,-0.08
January,2020,TGP-800L,2.04,-0.12
January,2020,TGP-Mahwah,,
January,2020,TGP-Niagara,2.29,0.13
January,2020,TGP-Z0 Border Pool,2.0,-0.16
January,2020,TGP-Z0 North,2.0,-0.16
January,2020,TGP-Z0 South,2.0,-0.16
January,2020,TGP-Z1 100L,,
January,2020,TGP-Z1 800L Pool,,
January,2020,TGP-Z1 Sta-87,,
January,2020,TGP-Z4 300L,1.73,-0.43
January,2020,TGP-Z4 Marcellus,1.73,-0.43
January,2020,TGP-Z4 Sta-219,,
January,2020,TGP-Z4 Sta-313,1.78,-0.38
January,2020,TGP-Z5 200L,1.99,-0.17
January,2020,TGP-Z6 200L,7.14,4.98
January,2020,TGP-Z6 200L North,7.14,4.98
January,2020,TGP-Z6 200L South,,
January,2020,TGP-Z6 300L,,
January,2020,TGT-Mainline,2.0,-0.16
January,2020,TGT-North LA,,
January,2020,TGT-SL,2.04,-0.12
January,2020,Transco Zn3,2.11,-0.05
January,2020,Transco-165,,
January,2020,Transco-30,2.07,-0.09
January,2020,Transco-45,2.09,-0.07
January,2020,Transco-65,,
January,2020,Transco-85,2.13,-0.03
January,2020,Transco-River Road,,
January,2020,Transco-Z5,3.29,1.13
January,2020,Transco-Z5 North,,
January,2020,Transco-Z5 South,3.29,1.13
January,2020,Transco-Z6 (non-NY north ML),,
January,2020,Transco-Z6 (non-NY north),3.25,1.09
January,2020,Transco-Z6 (non-NY south),,
January,2020,Transco-Z6 (non-NY),3.25,1.09
January,2020,Transco-Z6 (NY),4.24,2.08
January,2020,Transco-Z6 Sta-210,,
January,2020,Tres Palacios (inj),,
January,2020,Tres Palacios (w/d),,
January,2020,Trunkline-ELA,,
January,2020,Trunkline-WLA,,
January,2020,Trunkline-Z1A,1.99,-0.17
January,2020,TW-Blanco,2.49,0.33
January,2020,TW-Central,,
January,2020,TW-Panhandle,1.12,-1.04
January,2020,TW-WTX,,
January,2020,Union-Dawn,2.17,0.01
January,2020,Waha,1.09,-1.07
January,2020,White River Hub,,
January,2020,WIC,,
January,2020,0,,
January,2020,0,,
January,2020,0,,
January,2020,0,,
February,2020,AB Pool (inter),,
February,2020,AB Pool (intra),,
February,2020,AGT-CG,,
February,2020,AGT-CG (non-G),3.14,1.26
February,2020,Agua Dulce Hub,,
February,2020,ANR-Joliet Hub,,
February,2020,ANR-SE,,
February,2020,ANR-SE-T,1.81,-0.07
February,2020,ANR-SW,1.68,-0.2
February,2020,APC-ACE,,
February,2020,APC-ANR,,
February,2020,APC-MGTC,,
February,2020,APC-NGPL,,
February,2020,APC-Nicor,,
February,2020,APC-VPC,,
February,2020,Arena WTX Pool,,
February,2020,Atmos Zone 3,,
February,2020,Banquete Hub,,
February,2020,Bay Gas Storage,,
February,2020,Bennington,,
February,2020,Beverly Salem,,
February,2020,Bluewater Hub,,
February,2020,Bobcat Inter,,
February,2020,Bobcat Stor,,
February,2020,Carthage,,
February,2020,CG-Mainline,1.81,-0.07
February,2020,CG-Onshore,1.81,-0.07
February,2020,Cheyenne,1.64,-0.24
February,2020,Chicago,1.89,0.01
February,2020,CIG-Mainline,1.64,-0.24
February,2020,CIG-Mainline Pool,,
February,2020,CIG-Mainline South,,
February,2020,Clarington,,
February,2020,Clarington-Tenn,,
February,2020,Consumers,1.79,-0.09
February,2020,Cove Point,,
February,2020,Dracut,,
February,2020,Eastern Gas-North,,
February,2020,Eastern Gas-South,,
February,2020,Egan Inter,,
February,2020,Egan Stor,,
February,2020,EGT-Flex,,
February,2020,EGT-North,,
February,2020,EGT-Perryville Hub,1.64,-0.24
February,2020,EGT-South,,
February,2020,EGT-West,,
February,2020,Enable East Pool,,
February,2020,Enable West Pool ,,
February,2020,ENT-STX Map,,
February,2020,EP-Anadarko,,
February,2020,EP-Keystone,,
February,2020,EP-Plains Pool,,
February,2020,EP-S.Mainline,,
February,2020,EP-SJ Blanco Pool,1.58,-0.3
February,2020,EP-SJ Bondad Stn,,
February,2020,EP-Waha Pool,0.29,-1.59
February,2020,ETC-Cleburne,,
February,2020,ETC-Maypearl,,
February,2020,ETC-Tiger Gas (receipt),,
February,2020,FGT-CG,,
February,2020,FGT-Z1,1.83,-0.05
February,2020,FGT-Z2,1.84,-0.04
February,2020,FGT-Z3,1.89,0.01
February,2020,GCX Waha Hub,,
February,2020,Gillis Hub,,
February,2020,GLGT-St.Clair,,
February,2020,Golden Triangle,,
February,2020,GTN-Kingsgate,,
February,2020,GTN-Malin,,
February,2020,GTN-Stanfield,,
February,2020,Guardian Hub,,
February,2020,Gulf S. Pool 16,,
February,2020,Gulf South - Perryville,,
February,2020,Henry,1.88,0.0
February,2020,HPL-ETX Pool,,
February,2020,HSC-HPL Pool,1.81,-0.07
February,2020,HSC-Kinder Morgan,,
February,2020,Iroquois (into),2.43,0.55
February,2020,Iroquois-Z1,,
February,2020,Iroquois-Z2,3.21,1.33
February,2020,Iroquois-Z2 Hunts Pt,,
February,2020,Jefferson Island,,
February,2020,Katy-Enstor Pool,1.83,-0.05
February,2020,Katy-Lonestar Inter,,
February,2020,Katy-Lonestar Intra,,
February,2020,Katy-Oasis,,
February,2020,KRGT-Del Pool,2.46,0.58
February,2020,KRGT-Rec Pool,,
February,2020,Lebanon,1.75,-0.13
February,2020,Leidy,,
February,2020,Leidy-Transco,1.49,-0.39
February,2020,M&N US,,
February,2020,MEP-Lamar,,
February,2020,Michcon,1.74,-0.14
February,2020,Midship (receipt),,
February,2020,Millennium,,
February,2020,Millennium East Pool,1.53,-0.35
February,2020,Millennium-Ramapo,,
February,2020,Moss Bluff Inter,,
February,2020,Moss Bluff Stor,,
February,2020,MS Hub,,
February,2020,NBPL-Bakken (receipt),,
February,2020,NBPL-Harper,,
February,2020,NBPL-Nicor,1.91,0.03
February,2020,NBPL-Vector,,
February,2020,NBPL-Ventura,1.96,0.08
February,2020,NBPL-Will County,,
February,2020,NGPL-AM Pool,,
February,2020,NGPL-AM Stor,,
February,2020,NGPL-GC Mainline,,
February,2020,NGPL-IA/IL AM Pool,,
February,2020,NGPL-IA/IL AM Stor,,
February,2020,NGPL-IA/IL GC Pool,,
February,2020,NGPL-IA/IL GC Stor,,
February,2020,NGPL-LA Pool,,
February,2020,NGPL-LA Stor,,
February,2020,NGPL-MidAm,,
February,2020,NGPL-Midcont Pool,1.41,-0.47
February,2020,NGPL-Midcont Stor,,
February,2020,NGPL-Nicor,1.91,0.03
February,2020,NGPL-Nipsco,1.88,0.0
February,2020,NGPL-STX,1.81,-0.07
February,2020,NGPL-TXOK East,1.72,-0.16
February,2020,NGPL-TXOK East Stor,1.72,-0.16
February,2020,NGPL-TXOK West,1.72,-0.16
February,2020,NNG-Demarc,1.84,-0.04
February,2020,NNG-Mid 13-16A,,
February,2020,NNG-Mid 1-7,,
February,2020,NNG-Mid 8-12,,
February,2020,NNG-Ventura,1.93,0.05
February,2020,Nortex-Tolar Hub,,
February,2020,NWP-Rocky Mtn,1.95,0.07
February,2020,NWP-Sumas,1.97,0.09
February,2020,NWP-Wyoming,,
February,2020,Oasis - Waha Pool,,
February,2020,OGT,,
February,2020,ONEOK Westex,1.45,-0.43
February,2020,Opal,,
February,2020,Panhandle,1.41,-0.47
February,2020,PG&E-Citygate,2.73,0.85
February,2020,PG&E-Daggett,,
February,2020,PG&E-KRS,,
February,2020,PG&E-Topock,,
February,2020,PGLC,1.84,-0.04
February,2020,Pine Prairie,1.81,-0.07
February,2020,Pioneer,,
February,2020,PNGTS,,
February,2020,Questar-North,,
February,2020,Questar-South,,
February,2020,REX Cheyenne Comp Pool,,
February,2020,REX E-ANR,,
February,2020,REX E-MidW,,
February,2020,REX E-NGPL,,
February,2020,REX E-PEPL,,
February,2020,REX E-Trunk,,
February,2020,REX W-ANR,,
February,2020,REX W-NGPL,,
February,2020,REX W-NNG,,
February,2020,REX W-PEPL,,
February,2020,REX-Z3 (receipt) ,,
February,2020,REX-Z3 Del Pool,1.73,-0.15
February,2020,Rover (receipt),,
February,2020,Rover-ANR,1.71,-0.17
February,2020,Rover-PEPL,1.71,-0.17
February,2020,Ruby-Onyx Hill,,
February,2020,Ruby-Rec Pool,,
February,2020,Ryckman Creek Stor,,
February,2020,Salt Plains Inter,,
February,2020,Salt Plains Stor,,
February,2020,Socal-Blythe,,
February,2020,Socal-Border,2.23,0.35
February,2020,Socal-Citygate,3.39,1.51
February,2020,Socal-Ehrenberg,,
February,2020,Socal-Firm Stor,,
February,2020,Socal-IT Stor,,
February,2020,Socal-Kramer,,
February,2020,Socal-KRS,,
February,2020,Socal-Needles,,
February,2020,Socal-Storage,,
February,2020,Socal-Topock (EP),,
February,2020,Socal-Topock (TW),,
February,2020,Socal-WR,,
February,2020,Sonat-Z0 South,1.81,-0.07
February,2020,Sonat-Z1 North,,
February,2020,Southern Pines Hub,,
February,2020,Southern Star,1.62,-0.26
February,2020,Spectra - Hunt,,
February,2020,Stagecoach ,,
February,2020,Stingray,,
February,2020,TCO,1.53,-0.35
February,2020,TCO-A04 Pool,,
February,2020,TCO-A06 Pool,,
February,2020,TCO-A08 Pool,,
February,2020,TCO-Seg Pool,,
February,2020,TETCO-ELA,1.78,-0.1
February,2020,TETCO-ETX,1.72,-0.16
February,2020,TETCO-M1 24,,
February,2020,TETCO-M1 30,1.78,-0.1
February,2020,TETCO-M2,,
February,2020,TETCO-M2 (receipt),1.46,-0.42
February,2020,TETCO-M3,2.2,0.32
February,2020,TETCO-Manhattan,,
February,2020,TETCO-STX,1.8,-0.08
February,2020,TETCO-WLA,1.81,-0.07
February,2020,TGP-500L,1.8,-0.08
February,2020,TGP-800L,1.76,-0.12
February,2020,TGP-Mahwah,,
February,2020,TGP-Niagara,1.85,-0.03
February,2020,TGP-Z0 Border Pool,1.76,-0.12
February,2020,TGP-Z0 North,1.76,-0.12
February,2020,TGP-Z0 South,1.76,-0.12
February,2020,TGP-Z1 100L,,
February,2020,TGP-Z1 800L Pool,,
February,2020,TGP-Z1 Sta-87,,
February,2020,TGP-Z4 300L,1.47,-0.41
February,2020,TGP-Z4 Marcellus,1.47,-0.41
February,2020,TGP-Z4 Sta-219,,
February,2020,TGP-Z4 Sta-313,1.49,-0.39
February,2020,TGP-Z5 200L,1.67,-0.21
February,2020,TGP-Z6 200L,3.61,1.73
February,2020,TGP-Z6 200L North,3.61,1.73
February,2020,TGP-Z6 200L South,3.17,1.29
February,2020,TGP-Z6 300L,,
February,2020,TGT-Mainline,1.73,-0.15
February,2020,TGT-North LA,,
February,2020,TGT-SL,1.77,-0.11
February,2020,Transco Zn3,1.83,-0.05
February,2020,Transco-165,,
February,2020,Transco-30,1.8,-0.08
February,2020,Transco-45,1.84,-0.04
February,2020,Transco-65,,
February,2020,Transco-85,1.85,-0.03
February,2020,Transco-River Road,,
February,2020,Transco-Z5,2.3,0.42
February,2020,Transco-Z5 North,,
February,2020,Transco-Z5 South,2.3,0.42
February,2020,Transco-Z6 (non-NY north ML),,
February,2020,Transco-Z6 (non-NY north),2.17,0.29
February,2020,Transco-Z6 (non-NY south),,
February,2020,Transco-Z6 (non-NY),2.17,0.29
February,2020,Transco-Z6 (NY),2.39,0.51
February,2020,Transco-Z6 Sta-210,,
February,2020,Tres Palacios (inj),,
February,2020,Tres Palacios (w/d),,
February,2020,Trunkline-ELA,,
February,2020,Trunkline-WLA,,
February,2020,Trunkline-Z1A,1.73,-0.15
February,2020,TW-Blanco,1.57,-0.31
February,2020,TW-Central,,
February,2020,TW-Panhandle,0.33,-1.55
February,2020,TW-WTX,,
February,2020,Union-Dawn,1.78,-0.1
February,2020,Waha,0.28,-1.6
February,2020,White River Hub,,
February,2020,WIC,,
February,2020,0,,
February,2020,0,,
February,2020,0,,
February,2020,0,,
March,2020,AB Pool (inter),,
March,2020,AB Pool (intra),,
March,2020,AGT-CG,,
March,2020,AGT-CG (non-G),2.09,0.27
March,2020,Agua Dulce Hub,,
March,2020,ANR-Joliet Hub,,
March,2020,ANR-SE,,
March,2020,ANR-SE-T,1.76,-0.06
March,2020,ANR-SW,1.53,-0.29
March,2020,APC-ACE,,
March,2020,APC-ANR,,
March,2020,APC-MGTC,,
March,2020,APC-NGPL,,
March,2020,APC-Nicor,,
March,2020,APC-VPC,,
March,2020,Arena WTX Pool,,
March,2020,Atmos Zone 3,,
March,2020,Banquete Hub,,
March,2020,Bay Gas Storage,,
March,2020,Bennington,,
March,2020,Beverly Salem,,
March,2020,Bluewater Hub,,
March,2020,Bobcat Inter,,
March,2020,Bobcat Stor,,
March,2020,Carthage,,
March,2020,CG-Mainline,1.66,-0.16
March,2020,CG-Onshore,1.74,-0.08
March,2020,Cheyenne,1.44,-0.38
March,2020,Chicago,1.66,-0.16
March,2020,CIG-Mainline,1.45,-0.37
March,2020,CIG-Mainline Pool,,
March,2020,CIG-Mainline South,,
March,2020,Clarington,,
March,2020,Clarington-Tenn,,
March,2020,Consumers,1.66,-0.16
March,2020,Cove Point,,
March,2020,Dracut,,
March,2020,Eastern Gas-North,,
March,2020,Eastern Gas-South,,
March,2020,Egan Inter,,
March,2020,Egan Stor,,
March,2020,EGT-Flex,,
March,2020,EGT-North,,
March,2020,EGT-Perryville Hub,1.62,-0.2
March,2020,EGT-South,,
March,2020,EGT-West,,
March,2020,Enable East Pool,,
March,2020,Enable West Pool ,,
March,2020,ENT-STX Map,,
March,2020,EP-Anadarko,,
March,2020,EP-Keystone,,
March,2020,EP-Plains Pool,,
March,2020,EP-S.Mainline,,
March,2020,EP-SJ Blanco Pool,1.42,-0.4
March,2020,EP-SJ Bondad Stn,,
March,2020,EP-Waha Pool,-0.29,-2.11
March,2020,ETC-Cleburne,,
March,2020,ETC-Maypearl,,
March,2020,ETC-Tiger Gas (receipt),,
March,2020,FGT-CG,,
March,2020,FGT-Z1,1.76,-0.06
March,2020,FGT-Z2,1.78,-0.04
March,2020,FGT-Z3,1.84,0.02
March,2020,GCX Waha Hub,,
March,2020,Gillis Hub,,
March,2020,GLGT-St.Clair,,
March,2020,Golden Triangle,,
March,2020,GTN-Kingsgate,,
March,2020,GTN-Malin,,
March,2020,GTN-Stanfield,,
March,2020,Guardian Hub,,
March,2020,Gulf S. Pool 16,,
March,2020,Gulf South - Perryville,,
March,2020,Henry,1.82,0.0
March,2020,HPL-ETX Pool,,
March,2020,HSC-HPL Pool,1.78,-0.04
March,2020,HSC-Kinder Morgan,,
March,2020,Iroquois (into),1.88,0.06
March,2020,Iroquois-Z1,,
March,2020,Iroquois-Z2,2.08,0.26
March,2020,Iroquois-Z2 Hunts Pt,,
March,2020,Jefferson Island,,
March,2020,Katy-Enstor Pool,1.78,-0.04
March,2020,Katy-Lonestar Inter,,
March,2020,Katy-Lonestar Intra,,
March,2020,Katy-Oasis,,
March,2020,KRGT-Del Pool,1.86,0.04
March,2020,KRGT-Rec Pool,,
March,2020,Lebanon,1.64,-0.18
March,2020,Leidy,,
March,2020,Leidy-Transco,1.46,-0.36
March,2020,M&N US,,
March,2020,MEP-Lamar,,
March,2020,Michcon,1.65,-0.17
March,2020,Midship (receipt),,
March,2020,Millennium,,
March,2020,Millennium East Pool,1.49,-0.33
March,2020,Millennium-Ramapo,,
March,2020,Moss Bluff Inter,,
March,2020,Moss Bluff Stor,,
March,2020,MS Hub,,
March,2020,NBPL-Bakken (receipt),,
March,2020,NBPL-Harper,,
March,2020,NBPL-Nicor,1.68,-0.14
March,2020,NBPL-Vector,,
March,2020,NBPL-Ventura,1.66,-0.16
March,2020,NBPL-Will County,,
March,2020,NGPL-AM Pool,,
March,2020,NGPL-AM Stor,,
March,2020,NGPL-GC Mainline,,
March,2020,NGPL-IA/IL AM Pool,,
March,2020,NGPL-IA/IL AM Stor,,
March,2020,NGPL-IA/IL GC Pool,,
March,2020,NGPL-IA/IL GC Stor,,
March,2020,NGPL-LA Pool,,
March,2020,NGPL-LA Stor,,
March,2020,NGPL-MidAm,,
March,2020,NGPL-Midcont Pool,1.36,-0.46
March,2020,NGPL-Midcont Stor,,
March,2020,NGPL-Nicor,1.68,-0.14
March,2020,NGPL-Nipsco,1.66,-0.16
March,2020,NGPL-STX,1.74,-0.08
March,2020,NGPL-TXOK East,1.65,-0.17
March,2020,NGPL-TXOK East Stor,1.65,-0.17
March,2020,NGPL-TXOK West,1.65,-0.17
March,2020,NNG-Demarc,1.66,-0.16
March,2020,NNG-Mid 13-16A,,
March,2020,NNG-Mid 1-7,,
March,2020,NNG-Mid 8-12,,
March,2020,NNG-Ventura,1.63,-0.19
March,2020,Nortex-Tolar Hub,,
March,2020,NWP-Rocky Mtn,1.54,-0.28
March,2020,NWP-Sumas,1.54,-0.28
March,2020,NWP-Wyoming,,
March,2020,Oasis - Waha Pool,,
March,2020,OGT,,
March,2020,ONEOK Westex,1.38,-0.44
March,2020,Opal,,
March,2020,Panhandle,1.42,-0.4
March,2020,PG&E-Citygate,2.68,0.86
March,2020,PG&E-Daggett,,
March,2020,PG&E-KRS,,
March,2020,PG&E-Topock,,
March,2020,PGLC,1.68,-0.14
March,2020,Pine Prairie,1.75,-0.07
March,2020,Pioneer,,
March,2020,PNGTS,,
March,2020,Questar-North,,
March,2020,Questar-South,,
March,2020,REX Cheyenne Comp Pool,,
March,2020,REX E-ANR,,
March,2020,REX E-MidW,,
March,2020,REX E-NGPL,,
March,2020,REX E-PEPL,,
March,2020,REX E-Trunk,,
March,2020,REX W-ANR,,
March,2020,REX W-NGPL,,
March,2020,REX W-NNG,,
March,2020,REX W-PEPL,,
March,2020,REX-Z3 (receipt) ,,
March,2020,REX-Z3 Del Pool,1.63,-0.19
March,2020,Rover (receipt),,
March,2020,Rover-ANR,1.63,-0.19
March,2020,Rover-PEPL,1.63,-0.19
March,2020,Ruby-Onyx Hill,,
March,2020,Ruby-Rec Pool,,
March,2020,Ryckman Creek Stor,,
March,2020,Salt Plains Inter,,
March,2020,Salt Plains Stor,,
March,2020,Socal-Blythe,,
March,2020,Socal-Border,1.59,-0.23
March,2020,Socal-Citygate,2.19,0.37
March,2020,Socal-Ehrenberg,,
March,2020,Socal-Firm Stor,,
March,2020,Socal-IT Stor,,
March,2020,Socal-Kramer,,
March,2020,Socal-KRS,,
March,2020,Socal-Needles,,
March,2020,Socal-Storage,,
March,2020,Socal-Topock (EP),,
March,2020,Socal-Topock (TW),,
March,2020,Socal-WR,,
March,2020,Sonat-Z0 South,1.76,-0.06
March,2020,Sonat-Z1 North,,
March,2020,Southern Pines Hub,,
March,2020,Southern Star,1.49,-0.33
March,2020,Spectra - Hunt,,
March,2020,Stagecoach ,,
March,2020,Stingray,,
March,2020,TCO,1.55,-0.27
March,2020,TCO-A04 Pool,,
March,2020,TCO-A06 Pool,,
March,2020,TCO-A08 Pool,,
March,2020,TCO-Seg Pool,,
March,2020,TETCO-ELA,1.72,-0.1
March,2020,TETCO-ETX,1.7,-0.12
March,2020,TETCO-M1 24,,
March,2020,TETCO-M1 30,1.72,-0.1
March,2020,TETCO-M2,,
March,2020,TETCO-M2 (receipt),1.45,-0.37
March,2020,TETCO-M3,1.61,-0.21
March,2020,TETCO-Manhattan,,
March,2020,TETCO-STX,1.76,-0.06
March,2020,TETCO-WLA,1.74,-0.08
March,2020,TGP-500L,1.75,-0.07
March,2020,TGP-800L,1.71,-0.11
March,2020,TGP-Mahwah,,
March,2020,TGP-Niagara,1.69,-0.13
March,2020,TGP-Z0 Border Pool,1.69,-0.13
March,2020,TGP-Z0 North,1.69,-0.13
March,2020,TGP-Z0 South,1.69,-0.13
March,2020,TGP-Z1 100L,,
March,2020,TGP-Z1 800L Pool,,
March,2020,TGP-Z1 Sta-87,,
March,2020,TGP-Z4 300L,1.45,-0.37
March,2020,TGP-Z4 Marcellus,1.45,-0.37
March,2020,TGP-Z4 Sta-219,,
March,2020,TGP-Z4 Sta-313,1.49,-0.33
March,2020,TGP-Z5 200L,1.62,-0.2
March,2020,TGP-Z6 200L,,
March,2020,TGP-Z6 200L North,,
March,2020,TGP-Z6 200L South,,
March,2020,TGP-Z6 300L,,
March,2020,TGT-Mainline,1.66,-0.16
March,2020,TGT-North LA,,
March,2020,TGT-SL,1.7,-0.12
March,2020,Transco Zn3,1.77,-0.05
March,2020,Transco-165,,
March,2020,Transco-30,1.76,-0.06
March,2020,Transco-45,1.78,-0.04
March,2020,Transco-65,,
March,2020,Transco-85,1.79,-0.03
March,2020,Transco-River Road,,
March,2020,Transco-Z5,1.89,0.07
March,2020,Transco-Z5 North,,
March,2020,Transco-Z5 South,1.89,0.07
March,2020,Transco-Z6 (non-NY north ML),,
March,2020,Transco-Z6 (non-NY north),1.66,-0.16
March,2020,Transco-Z6 (non-NY south),,
March,2020,Transco-Z6 (non-NY),1.66,-0.16
March,2020,Transco-Z6 (NY),1.7,-0.12
March,2020,Transco-Z6 Sta-210,,
March,2020,Tres Palacios (inj),,
March,2020,Tres Palacios (w/d),,
March,2020,Trunkline-ELA,1.72,-0.1
March,2020,Trunkline-WLA,1.72,-0.1
March,2020,Trunkline-Z1A,1.66,-0.16
March,2020,TW-Blanco,1.46,-0.36
March,2020,TW-Central,,
March,2020,TW-Panhandle,-0.27,-2.09
March,2020,TW-WTX,,
March,2020,Union-Dawn,1.67,-0.15
March,2020,Waha,-0.29,-2.11
March,2020,White River Hub,,
March,2020,WIC,,
March,2020,0,,
March,2020,0,,
March,2020,0,,
March,2020,0,,
April,2020,AB Pool (inter),,
April,2020,AB Pool (intra),,
April,2020,AGT-CG,,
April,2020,AGT-CG (non-G),1.47,-0.16
April,2020,Agua Dulce Hub,,
April,2020,ANR-Joliet Hub,,
April,2020,ANR-SE,,
April,2020,ANR-SE-T,1.56,-0.07
April,2020,ANR-SW,1.19,-0.44
April,2020,APC-ACE,,
April,2020,APC-ANR,,
April,2020,APC-MGTC,,
April,2020,APC-NGPL,,
April,2020,APC-Nicor,,
April,2020,APC-VPC,,
April,2020,Arena WTX Pool,,
April,2020,Atmos Zone 3,,
April,2020,Banquete Hub,,
April,2020,Bay Gas Storage,,
April,2020,Bennington,,
April,2020,Beverly Salem,,
April,2020,Bluewater Hub,,
April,2020,Bobcat Inter,,
April,2020,Bobcat Stor,,
April,2020,Carthage,,
April,2020,CG-Mainline,1.42,-0.21
April,2020,CG-Onshore,1.55,-0.08
April,2020,Cheyenne,1.24,-0.39
April,2020,Chicago,1.46,-0.17
April,2020,CIG-Mainline,1.28,-0.35
April,2020,CIG-Mainline Pool,,
April,2020,CIG-Mainline South,,
April,2020,Clarington,,
April,2020,Clarington-Tenn,,
April,2020,Consumers,1.5,-0.13
April,2020,Cove Point,,
April,2020,Dracut,,
April,2020,Eastern Gas-North,,
April,2020,Eastern Gas-South,,
April,2020,Egan Inter,,
April,2020,Egan Stor,,
April,2020,EGT-Flex,,
April,2020,EGT-North,,
April,2020,EGT-Perryville Hub,1.34,-0.29
April,2020,EGT-South,,
April,2020,EGT-West,,
April,2020,Enable East Pool,,
April,2020,Enable West Pool ,,
April,2020,ENT-STX Map,,
April,2020,EP-Anadarko,,
April,2020,EP-Keystone,,
April,2020,EP-Plains Pool,,
April,2020,EP-S.Mainline,,
April,2020,EP-SJ Blanco Pool,1.08,-0.55
April,2020,EP-SJ Bondad Stn,,
April,2020,EP-Waha Pool,0.22,-1.41
April,2020,ETC-Cleburne,,
April,2020,ETC-Maypearl,,
April,2020,ETC-Tiger Gas (receipt),,
April,2020,FGT-CG,,
April,2020,FGT-Z1,1.58,-0.05
April,2020,FGT-Z2,1.62,-0.01
April,2020,FGT-Z3,1.65,0.02
April,2020,GCX Waha Hub,,
April,2020,Gillis Hub,,
April,2020,GLGT-St.Clair,,
April,2020,Golden Triangle,,
April,2020,GTN-Kingsgate,,
April,2020,GTN-Malin,,
April,2020,GTN-Stanfield,,
April,2020,Guardian Hub,,
April,2020,Gulf S. Pool 16,,
April,2020,Gulf South - Perryville,,
April,2020,Henry,1.63,0.0
April,2020,HPL-ETX Pool,,
April,2020,HSC-HPL Pool,1.57,-0.06
April,2020,HSC-Kinder Morgan,,
April,2020,Iroquois (into),1.54,-0.09
April,2020,Iroquois-Z1,,
April,2020,Iroquois-Z2,1.54,-0.09
April,2020,Iroquois-Z2 Hunts Pt,,
April,2020,Jefferson Island,,
April,2020,Katy-Enstor Pool,1.58,-0.05
April,2020,Katy-Lonestar Inter,,
April,2020,Katy-Lonestar Intra,,
April,2020,Katy-Oasis,,
April,2020,KRGT-Del Pool,1.46,-0.17
April,2020,KRGT-Rec Pool,,
April,2020,Lebanon,1.4,-0.23
April,2020,Leidy,,
April,2020,Leidy-Transco,1.18,-0.45
April,2020,M&N US,,
April,2020,MEP-Lamar,,
April,2020,Michcon,1.48,-0.15
April,2020,Midship (receipt),,
April,2020,Millennium,,
April,2020,Millennium East Pool,1.2,-0.43
April,2020,Millennium-Ramapo,,
April,2020,Moss Bluff Inter,,
April,2020,Moss Bluff Stor,,
April,2020,MS Hub,,
April,2020,NBPL-Bakken (receipt),,
April,2020,NBPL-Harper,,
April,2020,NBPL-Nicor,1.49,-0.14
April,2020,NBPL-Vector,,
April,2020,NBPL-Ventura,1.4,-0.23
April,2020,NBPL-Will County,,
April,2020,NGPL-AM Pool,,
April,2020,NGPL-AM Stor,,
April,2020,NGPL-GC Mainline,,
April,2020,NGPL-IA/IL AM Pool,,
April,2020,NGPL-IA/IL AM Stor,,
April,2020,NGPL-IA/IL GC Pool,,
April,2020,NGPL-IA/IL GC Stor,,
April,2020,NGPL-LA Pool,,
April,2020,NGPL-LA Stor,,
April,2020,NGPL-MidAm,,
April,2020,NGPL-Midcont Pool,1.05,-0.58
April,2020,NGPL-Midcont Stor,,
April,2020,NGPL-Nicor,1.49,-0.14
April,2020,NGPL-Nipsco,1.46,-0.17
April,2020,NGPL-STX,1.56,-0.07
April,2020,NGPL-TXOK East,1.43,-0.2
April,2020,NGPL-TXOK East Stor,1.43,-0.2
April,2020,NGPL-TXOK West,1.43,-0.2
April,2020,NNG-Demarc,1.36,-0.27
April,2020,NNG-Mid 13-16A,,
April,2020,NNG-Mid 1-7,,
April,2020,NNG-Mid 8-12,,
April,2020,NNG-Ventura,1.37,-0.26
April,2020,Nortex-Tolar Hub,,
April,2020,NWP-Rocky Mtn,1.29,-0.34
April,2020,NWP-Sumas,1.35,-0.28
April,2020,NWP-Wyoming,,
April,2020,Oasis - Waha Pool,,
April,2020,OGT,,
April,2020,ONEOK Westex,1.09,-0.54
April,2020,Opal,,
April,2020,Panhandle,1.07,-0.56
April,2020,PG&E-Citygate,2.33,0.7
April,2020,PG&E-Daggett,,
April,2020,PG&E-KRS,,
April,2020,PG&E-Topock,,
April,2020,PGLC,1.39,-0.24
April,2020,Pine Prairie,1.56,-0.07
April,2020,Pioneer,,
April,2020,PNGTS,,
April,2020,Questar-North,,
April,2020,Questar-South,,
April,2020,REX Cheyenne Comp Pool,,
April,2020,REX E-ANR,,
April,2020,REX E-MidW,,
April,2020,REX E-NGPL,,
April,2020,REX E-PEPL,,
April,2020,REX E-Trunk,,
April,2020,REX W-ANR,,
April,2020,REX W-NGPL,,
April,2020,REX W-NNG,,
April,2020,REX W-PEPL,,
April,2020,REX-Z3 (receipt) ,,
April,2020,REX-Z3 Del Pool,1.41,-0.22
April,2020,Rover (receipt),,
April,2020,Rover-ANR,1.41,-0.22
April,2020,Rover-PEPL,1.41,-0.22
April,2020,Ruby-Onyx Hill,,
April,2020,Ruby-Rec Pool,,
April,2020,Ryckman Creek Stor,,
April,2020,Salt Plains Inter,,
April,2020,Salt Plains Stor,,
April,2020,Socal-Blythe,,
April,2020,Socal-Border,1.2,-0.43
April,2020,Socal-Citygate,1.64,0.01
April,2020,Socal-Ehrenberg,,
April,2020,Socal-Firm Stor,,
April,2020,Socal-IT Stor,,
April,2020,Socal-Kramer,,
April,2020,Socal-KRS,,
April,2020,Socal-Needles,,
April,2020,Socal-Storage,,
April,2020,Socal-Topock (EP),,
April,2020,Socal-Topock (TW),,
April,2020,Socal-WR,,
April,2020,Sonat-Z0 South,1.57,-0.06
April,2020,Sonat-Z1 North,,
April,2020,Southern Pines Hub,,
April,2020,Southern Star,1.25,-0.38
April,2020,Spectra - Hunt,,
April,2020,Stagecoach ,,
April,2020,Stingray,,
April,2020,TCO,1.34,-0.29
April,2020,TCO-A04 Pool,,
April,2020,TCO-A06 Pool,,
April,2020,TCO-A08 Pool,,
April,2020,TCO-Seg Pool,,
April,2020,TETCO-ELA,1.53,-0.1
April,2020,TETCO-ETX,1.43,-0.2
April,2020,TETCO-M1 24,,
April,2020,TETCO-M1 30,1.53,-0.1
April,2020,TETCO-M2,,
April,2020,TETCO-M2 (receipt),1.17,-0.46
April,2020,TETCO-M3,1.25,-0.38
April,2020,TETCO-Manhattan,,
April,2020,TETCO-STX,1.58,-0.05
April,2020,TETCO-WLA,1.57,-0.06
April,2020,TGP-500L,1.57,-0.06
April,2020,TGP-800L,1.54,-0.09
April,2020,TGP-Mahwah,,
April,2020,TGP-Niagara,1.43,-0.2
April,2020,TGP-Z0 Border Pool,1.5,-0.13
April,2020,TGP-Z0 North,1.5,-0.13
April,2020,TGP-Z0 South,1.5,-0.13
April,2020,TGP-Z1 100L,,
April,2020,TGP-Z1 800L Pool,,
April,2020,TGP-Z1 Sta-87,,
April,2020,TGP-Z4 300L,1.17,-0.46
April,2020,TGP-Z4 Marcellus,1.17,-0.46
April,2020,TGP-Z4 Sta-219,,
April,2020,TGP-Z4 Sta-313,1.29,-0.34
April,2020,TGP-Z5 200L,1.39,-0.24
April,2020,TGP-Z6 200L,1.5,-0.13
April,2020,TGP-Z6 200L North,,
April,2020,TGP-Z6 200L South,1.5,-0.13
April,2020,TGP-Z6 300L,,
April,2020,TGT-Mainline,1.43,-0.2
April,2020,TGT-North LA,,
April,2020,TGT-SL,1.47,-0.16
April,2020,Transco Zn3,1.58,-0.05
April,2020,Transco-165,,
April,2020,Transco-30,1.57,-0.06
April,2020,Transco-45,1.58,-0.05
April,2020,Transco-65,,
April,2020,Transco-85,1.58,-0.05
April,2020,Transco-River Road,,
April,2020,Transco-Z5,1.61,-0.02
April,2020,Transco-Z5 North,,
April,2020,Transco-Z5 South,1.63,0.0
April,2020,Transco-Z6 (non-NY north ML),,
April,2020,Transco-Z6 (non-NY north),1.26,-0.37
April,2020,Transco-Z6 (non-NY south),,
April,2020,Transco-Z6 (non-NY),1.26,-0.37
April,2020,Transco-Z6 (NY),1.27,-0.36
April,2020,Transco-Z6 Sta-210,,
April,2020,Tres Palacios (inj),,
April,2020,Tres Palacios (w/d),,
April,2020,Trunkline-ELA,1.57,-0.06
April,2020,Trunkline-WLA,1.57,-0.06
April,2020,Trunkline-Z1A,1.43,-0.2
April,2020,TW-Blanco,1.2,-0.43
April,2020,TW-Central,,
April,2020,TW-Panhandle,0.18,-1.45
April,2020,TW-WTX,,
April,2020,Union-Dawn,1.49,-0.14
April,2020,Waha,0.21,-1.42
April,2020,White River Hub,,
April,2020,WIC,,
April,2020,0,,
April,2020,0,,
April,2020,0,,
April,2020,0,,
May,2020,AB Pool (inter),,
May,2020,AB Pool (intra),,
May,2020,AGT-CG,,
May,2020,AGT-CG (non-G),1.62,-0.17
May,2020,Agua Dulce Hub,,
May,2020,ANR-Joliet Hub,,
May,2020,ANR-SE,,
May,2020,ANR-SE-T,1.73,-0.06
May,2020,ANR-SW,1.62,-0.17
May,2020,APC-ACE,,
May,2020,APC-ANR,,
May,2020,APC-MGTC,,
May,2020,APC-NGPL,,
May,2020,APC-Nicor,,
May,2020,APC-VPC,,
May,2020,Arena WTX Pool,,
May,2020,Atmos Zone 3,,
May,2020,Banquete Hub,,
May,2020,Bay Gas Storage,,
May,2020,Bennington,,
May,2020,Beverly Salem,,
May,2020,Bluewater Hub,,
May,2020,Bobcat Inter,,
May,2020,Bobcat Stor,,
May,2020,Carthage,,
May,2020,CG-Mainline,1.65,-0.14
May,2020,CG-Onshore,1.71,-0.08
May,2020,Cheyenne,1.58,-0.21
May,2020,Chicago,1.82,0.03
May,2020,CIG-Mainline,1.53,-0.26
May,2020,CIG-Mainline Pool,,
May,2020,CIG-Mainline South,,
May,2020,Clarington,,
May,2020,Clarington-Tenn,,
May,2020,Consumers,1.83,0.04
May,2020,Cove Point,,
May,2020,Dracut,,
May,2020,Eastern Gas-North,,
May,2020,Eastern Gas-South,,
May,2020,Egan Inter,,
May,2020,Egan Stor,,
May,2020,EGT-Flex,,
May,2020,EGT-North,,
May,2020,EGT-Perryville Hub,1.63,-0.16
May,2020,EGT-South,,
May,2020,EGT-West,,
May,2020,Enable East Pool,,
May,2020,Enable West Pool ,,
May,2020,ENT-STX Map,,
May,2020,EP-Anadarko,,
May,2020,EP-Keystone,,
May,2020,EP-Plains Pool,,
May,2020,EP-S.Mainline,,
May,2020,EP-SJ Blanco Pool,1.44,-0.35
May,2020,EP-SJ Bondad Stn,,
May,2020,EP-Waha Pool,1.19,-0.6
May,2020,ETC-Cleburne,,
May,2020,ETC-Maypearl,,
May,2020,ETC-Tiger Gas (receipt),,
May,2020,FGT-CG,,
May,2020,FGT-Z1,1.74,-0.05
May,2020,FGT-Z2,1.76,-0.03
May,2020,FGT-Z3,1.8,0.01
May,2020,GCX Waha Hub,,
May,2020,Gillis Hub,,
May,2020,GLGT-St.Clair,,
May,2020,Golden Triangle,,
May,2020,GTN-Kingsgate,,
May,2020,GTN-Malin,,
May,2020,GTN-Stanfield,,
May,2020,Guardian Hub,,
May,2020,Gulf S. Pool 16,,
May,2020,Gulf South - Perryville,,
May,2020,Henry,1.79,0.0
May,2020,HPL-ETX Pool,,
May,2020,HSC-HPL Pool,1.76,-0.03
May,2020,HSC-Kinder Morgan,,
May,2020,Iroquois (into),1.71,-0.08
May,2020,Iroquois-Z1,,
May,2020,Iroquois-Z2,1.7,-0.09
May,2020,Iroquois-Z2 Hunts Pt,,
May,2020,Jefferson Island,,
May,2020,Katy-Enstor Pool,1.76,-0.03
May,2020,Katy-Lonestar Inter,,
May,2020,Katy-Lonestar Intra,,
May,2020,Katy-Oasis,,
May,2020,KRGT-Del Pool,1.78,-0.01
May,2020,KRGT-Rec Pool,,
May,2020,Lebanon,1.68,-0.11
May,2020,Leidy,,
May,2020,Leidy-Transco,1.41,-0.38
May,2020,M&N US,,
May,2020,MEP-Lamar,,
May,2020,Michcon,1.78,-0.01
May,2020,Midship (receipt),,
May,2020,Millennium,,
May,2020,Millennium East Pool,1.41,-0.38
May,2020,Millennium-Ramapo,,
May,2020,Moss Bluff Inter,,
May,2020,Moss Bluff Stor,,
May,2020,MS Hub,,
May,2020,NBPL-Bakken (receipt),,
May,2020,NBPL-Harper,,
May,2020,NBPL-Nicor,1.82,0.03
May,2020,NBPL-Vector,,
May,2020,NBPL-Ventura,1.75,-0.04
May,2020,NBPL-Will County,,
May,2020,NGPL-AM Pool,,
May,2020,NGPL-AM Stor,,
May,2020,NGPL-GC Mainline,,
May,2020,NGPL-IA/IL AM Pool,,
May,2020,NGPL-IA/IL AM Stor,,
May,2020,NGPL-IA/IL GC Pool,,
May,2020,NGPL-IA/IL GC Stor,,
May,2020,NGPL-LA Pool,,
May,2020,NGPL-LA Stor,,
May,2020,NGPL-MidAm,,
May,2020,NGPL-Midcont Pool,1.57,-0.22
May,2020,NGPL-Midcont Stor,,
May,2020,NGPL-Nicor,1.82,0.03
May,2020,NGPL-Nipsco,1.76,-0.03
May,2020,NGPL-STX,1.78,-0.01
May,2020,NGPL-TXOK East,1.68,-0.11
May,2020,NGPL-TXOK East Stor,1.68,-0.11
May,2020,NGPL-TXOK West,1.68,-0.11
May,2020,NNG-Demarc,1.74,-0.05
May,2020,NNG-Mid 13-16A,,
May,2020,NNG-Mid 1-7,,
May,2020,NNG-Mid 8-12,,
May,2020,NNG-Ventura,1.73,-0.06
May,2020,Nortex-Tolar Hub,,
May,2020,NWP-Rocky Mtn,1.59,-0.2
May,2020,NWP-Sumas,1.59,-0.2
May,2020,NWP-Wyoming,,
May,2020,Oasis - Waha Pool,,
May,2020,OGT,,
May,2020,ONEOK Westex,1.6,-0.19
May,2020,Opal,,
May,2020,Panhandle,1.54,-0.25
May,2020,PG&E-Citygate,1.53,-0.26
May,2020,PG&E-Daggett,,
May,2020,PG&E-KRS,,
May,2020,PG&E-Topock,,
May,2020,PGLC,1.73,-0.06
May,2020,Pine Prairie,1.74,-0.05
May,2020,Pioneer,,
May,2020,PNGTS,,
May,2020,Questar-North,,
May,2020,Questar-South,,
May,2020,REX Cheyenne Comp Pool,,
May,2020,REX E-ANR,,
May,2020,REX E-MidW,,
May,2020,REX E-NGPL,,
May,2020,REX E-PEPL,,
May,2020,REX E-Trunk,,
May,2020,REX W-ANR,,
May,2020,REX W-NGPL,,
May,2020,REX W-NNG,,
May,2020,REX W-PEPL,,
May,2020,REX-Z3 (receipt) ,,
May,2020,REX-Z3 Del Pool,1.69,-0.1
May,2020,Rover (receipt),,
May,2020,Rover-ANR,1.67,-0.12
May,2020,Rover-PEPL,1.67,-0.12
May,2020,Ruby-Onyx Hill,,
May,2020,Ruby-Rec Pool,,
May,2020,Ryckman Creek Stor,,
May,2020,Salt Plains Inter,,
May,2020,Salt Plains Stor,,
May,2020,Socal-Blythe,,
May,2020,Socal-Border,1.53,-0.26
May,2020,Socal-Citygate,1.92,0.13
May,2020,Socal-Ehrenberg,,
May,2020,Socal-Firm Stor,,
May,2020,Socal-IT Stor,,
May,2020,Socal-Kramer,,
May,2020,Socal-KRS,,
May,2020,Socal-Needles,,
May,2020,Socal-Storage,,
May,2020,Socal-Topock (EP),,
May,2020,Socal-Topock (TW),,
May,2020,Socal-WR,,
May,2020,Sonat-Z0 South,1.74,-0.05
May,2020,Sonat-Z1 North,,
May,2020,Southern Pines Hub,,
May,2020,Southern Star,1.59,-0.2
May,2020,Spectra - Hunt,,
May,2020,Stagecoach ,,
May,2020,Stingray,,
May,2020,TCO,1.59,-0.2
May,2020,TCO-A04 Pool,,
May,2020,TCO-A06 Pool,,
May,2020,TCO-A08 Pool,,
May,2020,TCO-Seg Pool,,
May,2020,TETCO-ELA,1.73,-0.06
May,2020,TETCO-ETX,1.67,-0.12
May,2020,TETCO-M1 24,,
May,2020,TETCO-M1 30,1.72,-0.07
May,2020,TETCO-M2,,
May,2020,TETCO-M2 (receipt),1.42,-0.37
May,2020,TETCO-M3,1.5,-0.29
May,2020,TETCO-Manhattan,,
May,2020,TETCO-STX,1.77,-0.02
May,2020,TETCO-WLA,1.75,-0.04
May,2020,TGP-500L,1.73,-0.06
May,2020,TGP-800L,1.71,-0.08
May,2020,TGP-Mahwah,,
May,2020,TGP-Niagara,1.63,-0.16
May,2020,TGP-Z0 Border Pool,1.69,-0.1
May,2020,TGP-Z0 North,1.69,-0.1
May,2020,TGP-Z0 South,1.69,-0.1
May,2020,TGP-Z1 100L,,
May,2020,TGP-Z1 800L Pool,,
May,2020,TGP-Z1 Sta-87,,
May,2020,TGP-Z4 300L,1.37,-0.42
May,2020,TGP-Z4 Marcellus,1.37,-0.42
May,2020,TGP-Z4 Sta-219,,
May,2020,TGP-Z4 Sta-313,1.55,-0.24
May,2020,TGP-Z5 200L,1.61,-0.18
May,2020,TGP-Z6 200L,1.69,-0.1
May,2020,TGP-Z6 200L North,1.69,-0.1
May,2020,TGP-Z6 200L South,1.64,-0.15
May,2020,TGP-Z6 300L,,
May,2020,TGT-Mainline,1.66,-0.13
May,2020,TGT-North LA,,
May,2020,TGT-SL,1.7,-0.09
May,2020,Transco Zn3,1.73,-0.06
May,2020,Transco-165,,
May,2020,Transco-30,1.73,-0.06
May,2020,Transco-45,1.74,-0.05
May,2020,Transco-65,,
May,2020,Transco-85,1.74,-0.05
May,2020,Transco-River Road,,
May,2020,Transco-Z5,1.75,-0.04
May,2020,Transco-Z5 North,,
May,2020,Transco-Z5 South,1.75,-0.04
May,2020,Transco-Z6 (non-NY north ML),,
May,2020,Transco-Z6 (non-NY north),1.49,-0.3
May,2020,Transco-Z6 (non-NY south),,
May,2020,Transco-Z6 (non-NY),1.49,-0.3
May,2020,Transco-Z6 (NY),1.52,-0.27
May,2020,Transco-Z6 Sta-210,,
May,2020,Tres Palacios (inj),,
May,2020,Tres Palacios (w/d),,
May,2020,Trunkline-ELA,,
May,2020,Trunkline-WLA,,
May,2020,Trunkline-Z1A,1.66,-0.13
May,2020,TW-Blanco,1.51,-0.28
May,2020,TW-Central,,
May,2020,TW-Panhandle,1.16,-0.63
May,2020,TW-WTX,,
May,2020,Union-Dawn,1.81,0.02
May,2020,Waha,1.2,-0.59
May,2020,White River Hub,,
May,2020,WIC,,
May,2020,0,,
May,2020,0,,
May,2020,0,,
May,2020,0,,
June,2020,AB Pool (inter),,
June,2020,AB Pool (intra),,
June,2020,AGT-CG,,
June,2020,AGT-CG (non-G),1.34,-0.38
June,2020,Agua Dulce Hub,,
June,2020,ANR-Joliet Hub,,
June,2020,ANR-SE,,
June,2020,ANR-SE-T,1.64,-0.08
June,2020,ANR-SW,1.51,-0.21
June,2020,APC-ACE,,
June,2020,APC-ANR,,
June,2020,APC-MGTC,,
June,2020,APC-NGPL,,
June,2020,APC-Nicor,,
June,2020,APC-VPC,,
June,2020,Arena WTX Pool,,
June,2020,Atmos Zone 3,,
June,2020,Banquete Hub,,
June,2020,Bay Gas Storage,,
June,2020,Bennington,,
June,2020,Beverly Salem,,
June,2020,Bluewater Hub,,
June,2020,Bobcat Inter,,
June,2020,Bobcat Stor,,
June,2020,Carthage,,
June,2020,CG-Mainline,1.55,-0.17
June,2020,CG-Onshore,1.63,-0.09
June,2020,Cheyenne,1.52,-0.2
June,2020,Chicago,1.6,-0.12
June,2020,CIG-Mainline,1.46,-0.26
June,2020,CIG-Mainline Pool,,
June,2020,CIG-Mainline South,,
June,2020,Clarington,,
June,2020,Clarington-Tenn,,
June,2020,Consumers,1.64,-0.08
June,2020,Cove Point,,
June,2020,Dracut,,
June,2020,Eastern Gas-North,,
June,2020,Eastern Gas-South,,
June,2020,Egan Inter,,
June,2020,Egan Stor,,
June,2020,EGT-Flex,,
June,2020,EGT-North,,
June,2020,EGT-Perryville Hub,1.59,-0.13
June,2020,EGT-South,,
June,2020,EGT-West,,
June,2020,Enable East Pool,,
June,2020,Enable West Pool ,,
June,2020,ENT-STX Map,,
June,2020,EP-Anadarko,,
June,2020,EP-Keystone,,
June,2020,EP-Plains Pool,,
June,2020,EP-S.Mainline,,
June,2020,EP-SJ Blanco Pool,1.5,-0.22
June,2020,EP-SJ Bondad Stn,,
June,2020,EP-Waha Pool,1.4,-0.32
June,2020,ETC-Cleburne,,
June,2020,ETC-Maypearl,,
June,2020,ETC-Tiger Gas (receipt),,
June,2020,FGT-CG,,
June,2020,FGT-Z1,1.66,-0.06
June,2020,FGT-Z2,1.68,-0.04
June,2020,FGT-Z3,1.73,0.01
June,2020,GCX Waha Hub,,
June,2020,Gillis Hub,,
June,2020,GLGT-St.Clair,,
June,2020,Golden Triangle,,
June,2020,GTN-Kingsgate,,
June,2020,GTN-Malin,,
June,2020,GTN-Stanfield,,
June,2020,Guardian Hub,,
June,2020,Gulf S. Pool 16,,
June,2020,Gulf South - Perryville,,
June,2020,Henry,1.72,0.0
June,2020,HPL-ETX Pool,,
June,2020,HSC-HPL Pool,1.69,-0.03
June,2020,HSC-Kinder Morgan,,
June,2020,Iroquois (into),1.49,-0.23
June,2020,Iroquois-Z1,,
June,2020,Iroquois-Z2,1.44,-0.28
June,2020,Iroquois-Z2 Hunts Pt,,
June,2020,Jefferson Island,,
June,2020,Katy-Enstor Pool,1.69,-0.03
June,2020,Katy-Lonestar Inter,,
June,2020,Katy-Lonestar Intra,,
June,2020,Katy-Oasis,,
June,2020,KRGT-Del Pool,1.82,0.1
June,2020,KRGT-Rec Pool,,
June,2020,Lebanon,1.56,-0.16
June,2020,Leidy,,
June,2020,Leidy-Transco,1.2,-0.52
June,2020,M&N US,,
June,2020,MEP-Lamar,,
June,2020,Michcon,1.6,-0.12
June,2020,Midship (receipt),,
June,2020,Millennium,,
June,2020,Millennium East Pool,1.22,-0.5
June,2020,Millennium-Ramapo,,
June,2020,Moss Bluff Inter,,
June,2020,Moss Bluff Stor,,
June,2020,MS Hub,,
June,2020,NBPL-Bakken (receipt),,
June,2020,NBPL-Harper,,
June,2020,NBPL-Nicor,1.62,-0.1
June,2020,NBPL-Vector,,
June,2020,NBPL-Ventura,1.66,-0.06
June,2020,NBPL-Will County,,
June,2020,NGPL-AM Pool,,
June,2020,NGPL-AM Stor,,
June,2020,NGPL-GC Mainline,,
June,2020,NGPL-IA/IL AM Pool,,
June,2020,NGPL-IA/IL AM Stor,,
June,2020,NGPL-IA/IL GC Pool,,
June,2020,NGPL-IA/IL GC Stor,,
June,2020,NGPL-LA Pool,,
June,2020,NGPL-LA Stor,,
June,2020,NGPL-MidAm,,
June,2020,NGPL-Midcont Pool,1.57,-0.15
June,2020,NGPL-Midcont Stor,,
June,2020,NGPL-Nicor,1.62,-0.1
June,2020,NGPL-Nipsco,1.6,-0.12
June,2020,NGPL-STX,1.68,-0.04
June,2020,NGPL-TXOK East,1.57,-0.15
June,2020,NGPL-TXOK East Stor,1.57,-0.15
June,2020,NGPL-TXOK West,1.57,-0.15
June,2020,NNG-Demarc,1.67,-0.05
June,2020,NNG-Mid 13-16A,,
June,2020,NNG-Mid 1-7,,
June,2020,NNG-Mid 8-12,,
June,2020,NNG-Ventura,1.63,-0.09
June,2020,Nortex-Tolar Hub,,
June,2020,NWP-Rocky Mtn,1.54,-0.18
June,2020,NWP-Sumas,1.54,-0.18
June,2020,NWP-Wyoming,,
June,2020,Oasis - Waha Pool,,
June,2020,OGT,,
June,2020,ONEOK Westex,1.59,-0.13
June,2020,Opal,,
June,2020,Panhandle,1.48,-0.24
June,2020,PG&E-Citygate,2.54,0.82
June,2020,PG&E-Daggett,,
June,2020,PG&E-KRS,,
June,2020,PG&E-Topock,,
June,2020,PGLC,1.66,-0.06
June,2020,Pine Prairie,1.66,-0.06
June,2020,Pioneer,,
June,2020,PNGTS,,
June,2020,Questar-North,,
June,2020,Questar-South,,
June,2020,REX Cheyenne Comp Pool,,
June,2020,REX E-ANR,,
June,2020,REX E-MidW,,
June,2020,REX E-NGPL,,
June,2020,REX E-PEPL,,
June,2020,REX E-Trunk,,
June,2020,REX W-ANR,,
June,2020,REX W-NGPL,,
June,2020,REX W-NNG,,
June,2020,REX W-PEPL,,
June,2020,REX-Z3 (receipt) ,,
June,2020,REX-Z3 Del Pool,1.56,-0.16
June,2020,Rover (receipt),,
June,2020,Rover-ANR,1.54,-0.18
June,2020,Rover-PEPL,1.54,-0.18
June,2020,Ruby-Onyx Hill,,
June,2020,Ruby-Rec Pool,,
June,2020,Ryckman Creek Stor,,
June,2020,Salt Plains Inter,,
June,2020,Salt Plains Stor,,
June,2020,Socal-Blythe,,
June,2020,Socal-Border,1.66,-0.06
June,2020,Socal-Citygate,2.06,0.34
June,2020,Socal-Ehrenberg,,
June,2020,Socal-Firm Stor,,
June,2020,Socal-IT Stor,,
June,2020,Socal-Kramer,,
June,2020,Socal-KRS,,
June,2020,Socal-Needles,,
June,2020,Socal-Storage,,
June,2020,Socal-Topock (EP),,
June,2020,Socal-Topock (TW),,
June,2020,Socal-WR,,
June,2020,Sonat-Z0 South,1.65,-0.07
June,2020,Sonat-Z1 North,,
June,2020,Southern Pines Hub,,
June,2020,Southern Star,1.51,-0.21
June,2020,Spectra - Hunt,,
June,2020,Stagecoach ,,
June,2020,Stingray,,
June,2020,TCO,1.47,-0.25
June,2020,TCO-A04 Pool,,
June,2020,TCO-A06 Pool,,
June,2020,TCO-A08 Pool,,
June,2020,TCO-Seg Pool,,
June,2020,TETCO-ELA,1.64,-0.08
June,2020,TETCO-ETX,1.58,-0.14
June,2020,TETCO-M1 24,,
June,2020,TETCO-M1 30,1.58,-0.14
June,2020,TETCO-M2,,
June,2020,TETCO-M2 (receipt),1.24,-0.48
June,2020,TETCO-M3,1.3,-0.42
June,2020,TETCO-Manhattan,,
June,2020,TETCO-STX,1.68,-0.04
June,2020,TETCO-WLA,1.65,-0.07
June,2020,TGP-500L,1.65,-0.07
June,2020,TGP-800L,1.61,-0.11
June,2020,TGP-Mahwah,,
June,2020,TGP-Niagara,1.46,-0.26
June,2020,TGP-Z0 Border Pool,1.59,-0.13
June,2020,TGP-Z0 North,1.59,-0.13
June,2020,TGP-Z0 South,1.59,-0.13
June,2020,TGP-Z1 100L,,
June,2020,TGP-Z1 800L Pool,,
June,2020,TGP-Z1 Sta-87,,
June,2020,TGP-Z4 300L,1.14,-0.58
June,2020,TGP-Z4 Marcellus,1.14,-0.58
June,2020,TGP-Z4 Sta-219,,
June,2020,TGP-Z4 Sta-313,1.34,-0.38
June,2020,TGP-Z5 200L,1.43,-0.29
June,2020,TGP-Z6 200L,1.44,-0.28
June,2020,TGP-Z6 200L North,,
June,2020,TGP-Z6 200L South,1.44,-0.28
June,2020,TGP-Z6 300L,,
June,2020,TGT-Mainline,1.57,-0.15
June,2020,TGT-North LA,,
June,2020,TGT-SL,1.61,-0.11
June,2020,Transco Zn3,1.65,-0.07
June,2020,Transco-165,,
June,2020,Transco-30,1.66,-0.06
June,2020,Transco-45,1.67,-0.05
June,2020,Transco-65,,
June,2020,Transco-85,1.66,-0.06
June,2020,Transco-River Road,,
June,2020,Transco-Z5,1.68,-0.04
June,2020,Transco-Z5 North,,
June,2020,Transco-Z5 South,1.68,-0.04
June,2020,Transco-Z6 (non-NY north ML),,
June,2020,Transco-Z6 (non-NY north),1.28,-0.44
June,2020,Transco-Z6 (non-NY south),,
June,2020,Transco-Z6 (non-NY),1.28,-0.44
June,2020,Transco-Z6 (NY),1.28,-0.44
June,2020,Transco-Z6 Sta-210,,
June,2020,Tres Palacios (inj),,
June,2020,Tres Palacios (w/d),,
June,2020,Trunkline-ELA,1.67,-0.05
June,2020,Trunkline-WLA,1.67,-0.05
June,2020,Trunkline-Z1A,1.56,-0.16
June,2020,TW-Blanco,1.55,-0.17
June,2020,TW-Central,,
June,2020,TW-Panhandle,1.4,-0.32
June,2020,TW-WTX,,
June,2020,Union-Dawn,1.63,-0.09
June,2020,Waha,1.41,-0.31
June,2020,White River Hub,,
June,2020,WIC,,
June,2020,0,,
June,2020,0,,
June,2020,0,,
June,2020,0,,
July,2020,AB Pool (inter),,
July,2020,AB Pool (intra),,
July,2020,AGT-CG,,
July,2020,AGT-CG (non-G),1.48,-0.02
July,2020,Agua Dulce Hub,,
July,2020,ANR-Joliet Hub,,
July,2020,ANR-SE,,
July,2020,ANR-SE-T,1.45,-0.05
July,2020,ANR-SW,1.43,-0.07
July,2020,APC-ACE,,
July,2020,APC-ANR,,
July,2020,APC-MGTC,,
July,2020,APC-NGPL,,
July,2020,APC-Nicor,,
July,2020,APC-VPC,,
July,2020,Arena WTX Pool,,
July,2020,Atmos Zone 3,,
July,2020,Banquete Hub,,
July,2020,Bay Gas Storage,,
July,2020,Bennington,,
July,2020,Beverly Salem,,
July,2020,Bluewater Hub,,
July,2020,Bobcat Inter,,
July,2020,Bobcat Stor,,
July,2020,Carthage,,
July,2020,CG-Mainline,1.33,-0.17
July,2020,CG-Onshore,1.41,-0.09
July,2020,Cheyenne,1.47,-0.03
July,2020,Chicago,1.54,0.04
July,2020,CIG-Mainline,1.49,-0.01
July,2020,CIG-Mainline Pool,,
July,2020,CIG-Mainline South,,
July,2020,Clarington,,
July,2020,Clarington-Tenn,,
July,2020,Consumers,1.47,-0.03
July,2020,Cove Point,,
July,2020,Dracut,,
July,2020,Eastern Gas-North,,
July,2020,Eastern Gas-South,,
July,2020,Egan Inter,,
July,2020,Egan Stor,,
July,2020,EGT-Flex,,
July,2020,EGT-North,,
July,2020,EGT-Perryville Hub,1.43,-0.07
July,2020,EGT-South,,
July,2020,EGT-West,,
July,2020,Enable East Pool,,
July,2020,Enable West Pool ,,
July,2020,ENT-STX Map,,
July,2020,EP-Anadarko,,
July,2020,EP-Keystone,,
July,2020,EP-Plains Pool,,
July,2020,EP-S.Mainline,,
July,2020,EP-SJ Blanco Pool,1.5,0.0
July,2020,EP-SJ Bondad Stn,,
July,2020,EP-Waha Pool,1.34,-0.16
July,2020,ETC-Cleburne,,
July,2020,ETC-Maypearl,,
July,2020,ETC-Tiger Gas (receipt),,
July,2020,FGT-CG,,
July,2020,FGT-Z1,1.46,-0.04
July,2020,FGT-Z2,1.46,-0.04
July,2020,FGT-Z3,1.54,0.04
July,2020,GCX Waha Hub,,
July,2020,Gillis Hub,,
July,2020,GLGT-St.Clair,,
July,2020,Golden Triangle,,
July,2020,GTN-Kingsgate,,
July,2020,GTN-Malin,,
July,2020,GTN-Stanfield,,
July,2020,Guardian Hub,,
July,2020,Gulf S. Pool 16,,
July,2020,Gulf South - Perryville,,
July,2020,Henry,1.5,0.0
July,2020,HPL-ETX Pool,,
July,2020,HSC-HPL Pool,1.46,-0.04
July,2020,HSC-Kinder Morgan,,
July,2020,Iroquois (into),1.5,0.0
July,2020,Iroquois-Z1,,
July,2020,Iroquois-Z2,1.53,0.03
July,2020,Iroquois-Z2 Hunts Pt,,
July,2020,Jefferson Island,,
July,2020,Katy-Enstor Pool,1.47,-0.03
July,2020,Katy-Lonestar Inter,,
July,2020,Katy-Lonestar Intra,,
July,2020,Katy-Oasis,,
July,2020,KRGT-Del Pool,1.89,0.39
July,2020,KRGT-Rec Pool,,
July,2020,Lebanon,1.38,-0.12
July,2020,Leidy,,
July,2020,Leidy-Transco,1.15,-0.35
July,2020,M&N US,,
July,2020,MEP-Lamar,,
July,2020,Michcon,1.44,-0.06
July,2020,Midship (receipt),,
July,2020,Millennium,,
July,2020,Millennium East Pool,1.17,-0.33
July,2020,Millennium-Ramapo,,
July,2020,Moss Bluff Inter,,
July,2020,Moss Bluff Stor,,
July,2020,MS Hub,,
July,2020,NBPL-Bakken (receipt),,
July,2020,NBPL-Harper,,
July,2020,NBPL-Nicor,1.61,0.11
July,2020,NBPL-Vector,,
July,2020,NBPL-Ventura,1.51,0.01
July,2020,NBPL-Will County,,
July,2020,NGPL-AM Pool,,
July,2020,NGPL-AM Stor,,
July,2020,NGPL-GC Mainline,,
July,2020,NGPL-IA/IL AM Pool,,
July,2020,NGPL-IA/IL AM Stor,,
July,2020,NGPL-IA/IL GC Pool,,
July,2020,NGPL-IA/IL GC Stor,,
July,2020,NGPL-LA Pool,,
July,2020,NGPL-LA Stor,,
July,2020,NGPL-MidAm,,
July,2020,NGPL-Midcont Pool,1.37,-0.13
July,2020,NGPL-Midcont Stor,,
July,2020,NGPL-Nicor,1.61,0.11
July,2020,NGPL-Nipsco,1.51,0.01
July,2020,NGPL-STX,1.48,-0.02
July,2020,NGPL-TXOK East,1.38,-0.12
July,2020,NGPL-TXOK East Stor,1.38,-0.12
July,2020,NGPL-TXOK West,1.38,-0.12
July,2020,NNG-Demarc,1.55,0.05
July,2020,NNG-Mid 13-16A,,
July,2020,NNG-Mid 1-7,,
July,2020,NNG-Mid 8-12,,
July,2020,NNG-Ventura,1.47,-0.03
July,2020,Nortex-Tolar Hub,,
July,2020,NWP-Rocky Mtn,1.53,0.03
July,2020,NWP-Sumas,1.49,-0.01
July,2020,NWP-Wyoming,,
July,2020,Oasis - Waha Pool,,
July,2020,OGT,,
July,2020,ONEOK Westex,1.39,-0.11
July,2020,Opal,,
July,2020,Panhandle,1.32,-0.18
July,2020,PG&E-Citygate,2.46,0.96
July,2020,PG&E-Daggett,,
July,2020,PG&E-KRS,,
July,2020,PG&E-Topock,,
July,2020,PGLC,1.59,0.09
July,2020,Pine Prairie,1.46,-0.04
July,2020,Pioneer,,
July,2020,PNGTS,,
July,2020,Questar-North,,
July,2020,Questar-South,,
July,2020,REX Cheyenne Comp Pool,,
July,2020,REX E-ANR,,
July,2020,REX E-MidW,,
July,2020,REX E-NGPL,,
July,2020,REX E-PEPL,,
July,2020,REX E-Trunk,,
July,2020,REX W-ANR,,
July,2020,REX W-NGPL,,
July,2020,REX W-NNG,,
July,2020,REX W-PEPL,,
July,2020,REX-Z3 (receipt) ,,
July,2020,REX-Z3 Del Pool,1.39,-0.11
July,2020,Rover (receipt),,
July,2020,Rover-ANR,1.38,-0.12
July,2020,Rover-PEPL,1.38,-0.12
July,2020,Ruby-Onyx Hill,,
July,2020,Ruby-Rec Pool,,
July,2020,Ryckman Creek Stor,,
July,2020,Salt Plains Inter,,
July,2020,Salt Plains Stor,,
July,2020,Socal-Blythe,,
July,2020,Socal-Border,1.73,0.23
July,2020,Socal-Citygate,2.28,0.78
July,2020,Socal-Ehrenberg,,
July,2020,Socal-Firm Stor,,
July,2020,Socal-IT Stor,,
July,2020,Socal-Kramer,,
July,2020,Socal-KRS,,
July,2020,Socal-Needles,,
July,2020,Socal-Storage,,
July,2020,Socal-Topock (EP),,
July,2020,Socal-Topock (TW),,
July,2020,Socal-WR,,
July,2020,Sonat-Z0 South,1.44,-0.06
July,2020,Sonat-Z1 North,,
July,2020,Southern Pines Hub,,
July,2020,Southern Star,1.33,-0.17
July,2020,Spectra - Hunt,,
July,2020,Stagecoach ,,
July,2020,Stingray,,
July,2020,TCO,1.26,-0.24
July,2020,TCO-A04 Pool,,
July,2020,TCO-A06 Pool,,
July,2020,TCO-A08 Pool,,
July,2020,TCO-Seg Pool,,
July,2020,TETCO-ELA,1.42,-0.08
July,2020,TETCO-ETX,1.35,-0.15
July,2020,TETCO-M1 24,,
July,2020,TETCO-M1 30,1.4,-0.1
July,2020,TETCO-M2,,
July,2020,TETCO-M2 (receipt),1.12,-0.38
July,2020,TETCO-M3,1.33,-0.17
July,2020,TETCO-Manhattan,,
July,2020,TETCO-STX,1.44,-0.06
July,2020,TETCO-WLA,1.43,-0.07
July,2020,TGP-500L,1.42,-0.08
July,2020,TGP-800L,1.4,-0.1
July,2020,TGP-Mahwah,,
July,2020,TGP-Niagara,1.32,-0.18
July,2020,TGP-Z0 Border Pool,1.37,-0.13
July,2020,TGP-Z0 North,1.37,-0.13
July,2020,TGP-Z0 South,1.37,-0.13
July,2020,TGP-Z1 100L,,
July,2020,TGP-Z1 800L Pool,,
July,2020,TGP-Z1 Sta-87,,
July,2020,TGP-Z4 300L,1.1,-0.4
July,2020,TGP-Z4 Marcellus,1.1,-0.4
July,2020,TGP-Z4 Sta-219,,
July,2020,TGP-Z4 Sta-313,1.24,-0.26
July,2020,TGP-Z5 200L,1.27,-0.23
July,2020,TGP-Z6 200L,1.43,-0.07
July,2020,TGP-Z6 200L North,1.5,0.0
July,2020,TGP-Z6 200L South,1.4,-0.1
July,2020,TGP-Z6 300L,,
July,2020,TGT-Mainline,1.37,-0.13
July,2020,TGT-North LA,,
July,2020,TGT-SL,1.41,-0.09
July,2020,Transco Zn3,1.43,-0.07
July,2020,Transco-165,,
July,2020,Transco-30,1.44,-0.06
July,2020,Transco-45,1.45,-0.05
July,2020,Transco-65,,
July,2020,Transco-85,1.46,-0.04
July,2020,Transco-River Road,,
July,2020,Transco-Z5,1.51,0.01
July,2020,Transco-Z5 North,,
July,2020,Transco-Z5 South,1.51,0.01
July,2020,Transco-Z6 (non-NY north ML),,
July,2020,Transco-Z6 (non-NY north),1.33,-0.17
July,2020,Transco-Z6 (non-NY south),,
July,2020,Transco-Z6 (non-NY),1.33,-0.17
July,2020,Transco-Z6 (NY),1.34,-0.16
July,2020,Transco-Z6 Sta-210,,
July,2020,Tres Palacios (inj),,
July,2020,Tres Palacios (w/d),,
July,2020,Trunkline-ELA,1.47,-0.03
July,2020,Trunkline-WLA,1.47,-0.03
July,2020,Trunkline-Z1A,1.37,-0.13
July,2020,TW-Blanco,1.54,0.04
July,2020,TW-Central,,
July,2020,TW-Panhandle,1.33,-0.17
July,2020,TW-WTX,,
July,2020,Union-Dawn,1.48,-0.02
July,2020,Waha,1.33,-0.17
July,2020,White River Hub,,
July,2020,WIC,,
July,2020,0,,
July,2020,0,,
July,2020,0,,
July,2020,0,,
August,2020,AB Pool (inter),,
August,2020,AB Pool (intra),,
August,2020,AGT-CG,,
August,2020,AGT-CG (non-G),1.65,-0.2
August,2020,Agua Dulce Hub,,
August,2020,ANR-Joliet Hub,,
August,2020,ANR-SE,,
August,2020,ANR-SE-T,1.8,-0.05
August,2020,ANR-SW,1.7,-0.15
August,2020,APC-ACE,,
August,2020,APC-ANR,,
August,2020,APC-MGTC,,
August,2020,APC-NGPL,,
August,2020,APC-Nicor,,
August,2020,APC-VPC,,
August,2020,Arena WTX Pool,,
August,2020,Atmos Zone 3,,
August,2020,Banquete Hub,,
August,2020,Bay Gas Storage,,
August,2020,Bennington,,
August,2020,Beverly Salem,,
August,2020,Bluewater Hub,,
August,2020,Bobcat Inter,,
August,2020,Bobcat Stor,,
August,2020,Carthage,,
August,2020,CG-Mainline,1.71,-0.14
August,2020,CG-Onshore,1.77,-0.08
August,2020,Cheyenne,1.59,-0.26
August,2020,Chicago,1.75,-0.1
August,2020,CIG-Mainline,1.58,-0.27
August,2020,CIG-Mainline Pool,,
August,2020,CIG-Mainline South,,
August,2020,Clarington,,
August,2020,Clarington-Tenn,,
August,2020,Consumers,1.79,-0.06
August,2020,Cove Point,,
August,2020,Dracut,,
August,2020,Eastern Gas-North,,
August,2020,Eastern Gas-South,,
August,2020,Egan Inter,,
August,2020,Egan Stor,,
August,2020,EGT-Flex,,
August,2020,EGT-North,,
August,2020,EGT-Perryville Hub,1.79,-0.06
August,2020,EGT-South,,
August,2020,EGT-West,,
August,2020,Enable East Pool,,
August,2020,Enable West Pool ,,
August,2020,ENT-STX Map,,
August,2020,EP-Anadarko,,
August,2020,EP-Keystone,,
August,2020,EP-Plains Pool,,
August,2020,EP-S.Mainline,,
August,2020,EP-SJ Blanco Pool,1.62,-0.23
August,2020,EP-SJ Bondad Stn,,
August,2020,EP-Waha Pool,1.31,-0.54
August,2020,ETC-Cleburne,,
August,2020,ETC-Maypearl,,
August,2020,ETC-Tiger Gas (receipt),,
August,2020,FGT-CG,,
August,2020,FGT-Z1,1.82,-0.03
August,2020,FGT-Z2,1.84,-0.01
August,2020,FGT-Z3,1.95,0.1
August,2020,GCX Waha Hub,,
August,2020,Gillis Hub,,
August,2020,GLGT-St.Clair,,
August,2020,Golden Triangle,,
August,2020,GTN-Kingsgate,,
August,2020,GTN-Malin,,
August,2020,GTN-Stanfield,,
August,2020,Guardian Hub,,
August,2020,Gulf S. Pool 16,,
August,2020,Gulf South - Perryville,,
August,2020,Henry,1.85,0.0
August,2020,HPL-ETX Pool,,
August,2020,HSC-HPL Pool,1.85,0.0
August,2020,HSC-Kinder Morgan,,
August,2020,Iroquois (into),1.79,-0.06
August,2020,Iroquois-Z1,,
August,2020,Iroquois-Z2,1.82,-0.03
August,2020,Iroquois-Z2 Hunts Pt,,
August,2020,Jefferson Island,,
August,2020,Katy-Enstor Pool,1.75,-0.1
August,2020,Katy-Lonestar Inter,,
August,2020,Katy-Lonestar Intra,,
August,2020,Katy-Oasis,,
August,2020,KRGT-Del Pool,2.08,0.23
August,2020,KRGT-Rec Pool,,
August,2020,Lebanon,1.71,-0.14
August,2020,Leidy,,
August,2020,Leidy-Transco,1.27,-0.58
August,2020,M&N US,,
August,2020,MEP-Lamar,,
August,2020,Michcon,1.7,-0.15
August,2020,Midship (receipt),,
August,2020,Millennium,,
August,2020,Millennium East Pool,1.27,-0.58
August,2020,Millennium-Ramapo,,
August,2020,Moss Bluff Inter,,
August,2020,Moss Bluff Stor,,
August,2020,MS Hub,,
August,2020,NBPL-Bakken (receipt),,
August,2020,NBPL-Harper,,
August,2020,NBPL-Nicor,1.73,-0.12
August,2020,NBPL-Vector,,
August,2020,NBPL-Ventura,1.69,-0.16
August,2020,NBPL-Will County,,
August,2020,NGPL-AM Pool,,
August,2020,NGPL-AM Stor,,
August,2020,NGPL-GC Mainline,,
August,2020,NGPL-IA/IL AM Pool,,
August,2020,NGPL-IA/IL AM Stor,,
August,2020,NGPL-IA/IL GC Pool,,
August,2020,NGPL-IA/IL GC Stor,,
August,2020,NGPL-LA Pool,,
August,2020,NGPL-LA Stor,,
August,2020,NGPL-MidAm,,
August,2020,NGPL-Midcont Pool,1.61,-0.24
August,2020,NGPL-Midcont Stor,,
August,2020,NGPL-Nicor,1.73,-0.12
August,2020,NGPL-Nipsco,1.76,-0.09
August,2020,NGPL-STX,1.85,0.0
August,2020,NGPL-TXOK East,1.75,-0.1
August,2020,NGPL-TXOK East Stor,1.75,-0.1
August,2020,NGPL-TXOK West,1.75,-0.1
August,2020,NNG-Demarc,1.71,-0.14
August,2020,NNG-Mid 13-16A,,
August,2020,NNG-Mid 1-7,,
August,2020,NNG-Mid 8-12,,
August,2020,NNG-Ventura,1.66,-0.19
August,2020,Nortex-Tolar Hub,,
August,2020,NWP-Rocky Mtn,1.69,-0.16
August,2020,NWP-Sumas,1.74,-0.11
August,2020,NWP-Wyoming,,
August,2020,Oasis - Waha Pool,,
August,2020,OGT,,
August,2020,ONEOK Westex,1.71,-0.14
August,2020,Opal,,
August,2020,Panhandle,1.61,-0.24
August,2020,PG&E-Citygate,2.53,0.68
August,2020,PG&E-Daggett,,
August,2020,PG&E-KRS,,
August,2020,PG&E-Topock,,
August,2020,PGLC,1.8,-0.05
August,2020,Pine Prairie,1.81,-0.04
August,2020,Pioneer,,
August,2020,PNGTS,,
August,2020,Questar-North,,
August,2020,Questar-South,,
August,2020,REX Cheyenne Comp Pool,,
August,2020,REX E-ANR,,
August,2020,REX E-MidW,,
August,2020,REX E-NGPL,,
August,2020,REX E-PEPL,,
August,2020,REX E-Trunk,,
August,2020,REX W-ANR,,
August,2020,REX W-NGPL,,
August,2020,REX W-NNG,,
August,2020,REX W-PEPL,,
August,2020,REX-Z3 (receipt) ,,
August,2020,REX-Z3 Del Pool,1.71,-0.14
August,2020,Rover (receipt),,
August,2020,Rover-ANR,1.71,-0.14
August,2020,Rover-PEPL,1.71,-0.14
August,2020,Ruby-Onyx Hill,,
August,2020,Ruby-Rec Pool,,
August,2020,Ryckman Creek Stor,,
August,2020,Salt Plains Inter,,
August,2020,Salt Plains Stor,,
August,2020,Socal-Blythe,,
August,2020,Socal-Border,1.81,-0.04
August,2020,Socal-Citygate,2.3,0.45
August,2020,Socal-Ehrenberg,,
August,2020,Socal-Firm Stor,,
August,2020,Socal-IT Stor,,
August,2020,Socal-Kramer,,
August,2020,Socal-KRS,,
August,2020,Socal-Needles,,
August,2020,Socal-Storage,,
August,2020,Socal-Topock (EP),,
August,2020,Socal-Topock (TW),,
August,2020,Socal-WR,,
August,2020,Sonat-Z0 South,1.81,-0.04
August,2020,Sonat-Z1 North,,
August,2020,Southern Pines Hub,,
August,2020,Southern Star,1.64,-0.21
August,2020,Spectra - Hunt,,
August,2020,Stagecoach ,,
August,2020,Stingray,,
August,2020,TCO,1.63,-0.22
August,2020,TCO-A04 Pool,,
August,2020,TCO-A06 Pool,,
August,2020,TCO-A08 Pool,,
August,2020,TCO-Seg Pool,,
August,2020,TETCO-ELA,1.8,-0.05
August,2020,TETCO-ETX,1.72,-0.13
August,2020,TETCO-M1 24,,
August,2020,TETCO-M1 30,1.77,-0.08
August,2020,TETCO-M2,,
August,2020,TETCO-M2 (receipt),1.18,-0.67
August,2020,TETCO-M3,1.79,-0.06
August,2020,TETCO-Manhattan,,
August,2020,TETCO-STX,1.82,-0.03
August,2020,TETCO-WLA,1.81,-0.04
August,2020,TGP-500L,1.8,-0.05
August,2020,TGP-800L,1.78,-0.07
August,2020,TGP-Mahwah,,
August,2020,TGP-Niagara,1.59,-0.26
August,2020,TGP-Z0 Border Pool,1.77,-0.08
August,2020,TGP-Z0 North,1.77,-0.08
August,2020,TGP-Z0 South,1.77,-0.08
August,2020,TGP-Z1 100L,,
August,2020,TGP-Z1 800L Pool,,
August,2020,TGP-Z1 Sta-87,,
August,2020,TGP-Z4 300L,1.21,-0.64
August,2020,TGP-Z4 Marcellus,1.21,-0.64
August,2020,TGP-Z4 Sta-219,,
August,2020,TGP-Z4 Sta-313,1.4,-0.45
August,2020,TGP-Z5 200L,1.58,-0.27
August,2020,TGP-Z6 200L,1.62,-0.23
August,2020,TGP-Z6 200L North,,
August,2020,TGP-Z6 200L South,1.62,-0.23
August,2020,TGP-Z6 300L,,
August,2020,TGT-Mainline,1.73,-0.12
August,2020,TGT-North LA,,
August,2020,TGT-SL,1.77,-0.08
August,2020,Transco Zn3,1.82,-0.03
August,2020,Transco-165,,
August,2020,Transco-30,1.79,-0.06
August,2020,Transco-45,1.83,-0.02
August,2020,Transco-65,,
August,2020,Transco-85,1.85,0.0
August,2020,Transco-River Road,,
August,2020,Transco-Z5,1.91,0.06
August,2020,Transco-Z5 North,,
August,2020,Transco-Z5 South,1.91,0.06
August,2020,Transco-Z6 (non-NY north ML),,
August,2020,Transco-Z6 (non-NY north),1.69,-0.16
August,2020,Transco-Z6 (non-NY south),,
August,2020,Transco-Z6 (non-NY),1.69,-0.16
August,2020,Transco-Z6 (NY),1.71,-0.14
August,2020,Transco-Z6 Sta-210,,
August,2020,Tres Palacios (inj),,
August,2020,Tres Palacios (w/d),,
August,2020,Trunkline-ELA,1.84,-0.01
August,2020,Trunkline-WLA,1.84,-0.01
August,2020,Trunkline-Z1A,1.74,-0.11
August,2020,TW-Blanco,1.63,-0.22
August,2020,TW-Central,,
August,2020,TW-Panhandle,1.28,-0.57
August,2020,TW-WTX,,
August,2020,Union-Dawn,1.74,-0.11
August,2020,Waha,1.3,-0.55
August,2020,White River Hub,,
August,2020,WIC,,
August,2020,0,,
August,2020,0,,
August,2020,0,,
August,2020,0,,
September,2020,AB Pool (inter),,
September,2020,AB Pool (intra),,
September,2020,AGT-CG,,
September,2020,AGT-CG (non-G),1.49,-1.09
September,2020,Agua Dulce Hub,,
September,2020,ANR-Joliet Hub,,
September,2020,ANR-SE,,
September,2020,ANR-SE-T,2.46,-0.12
September,2020,ANR-SW,2.22,-0.36
September,2020,APC-ACE,,
September,2020,APC-ANR,,
September,2020,APC-MGTC,,
September,2020,APC-NGPL,,
September,2020,APC-Nicor,,
September,2020,APC-VPC,,
September,2020,Arena WTX Pool,,
September,2020,Atmos Zone 3,,
September,2020,Banquete Hub,,
September,2020,Bay Gas Storage,,
September,2020,Bennington,,
September,2020,Beverly Salem,,
September,2020,Bluewater Hub,,
September,2020,Bobcat Inter,,
September,2020,Bobcat Stor,,
September,2020,Carthage,,
September,2020,CG-Mainline,2.33,-0.25
September,2020,CG-Onshore,2.46,-0.12
September,2020,Cheyenne,2.18,-0.4
September,2020,Chicago,2.32,-0.26
September,2020,CIG-Mainline,2.2,-0.38
September,2020,CIG-Mainline Pool,,
September,2020,CIG-Mainline South,,
September,2020,Clarington,,
September,2020,Clarington-Tenn,,
September,2020,Consumers,2.3,-0.28
September,2020,Cove Point,,
September,2020,Dracut,,
September,2020,Eastern Gas-North,,
September,2020,Eastern Gas-South,,
September,2020,Egan Inter,,
September,2020,Egan Stor,,
September,2020,EGT-Flex,,
September,2020,EGT-North,,
September,2020,EGT-Perryville Hub,2.29,-0.29
September,2020,EGT-South,,
September,2020,EGT-West,,
September,2020,Enable East Pool,,
September,2020,Enable West Pool ,,
September,2020,ENT-STX Map,,
September,2020,EP-Anadarko,,
September,2020,EP-Keystone,,
September,2020,EP-Plains Pool,,
September,2020,EP-S.Mainline,,
September,2020,EP-SJ Blanco Pool,2.27,-0.31
September,2020,EP-SJ Bondad Stn,,
September,2020,EP-Waha Pool,1.41,-1.17
September,2020,ETC-Cleburne,,
September,2020,ETC-Maypearl,,
September,2020,ETC-Tiger Gas (receipt),,
September,2020,FGT-CG,,
September,2020,FGT-Z1,2.51,-0.07
September,2020,FGT-Z2,2.57,-0.01
September,2020,FGT-Z3,2.65,0.07
September,2020,GCX Waha Hub,,
September,2020,Gillis Hub,,
September,2020,GLGT-St.Clair,,
September,2020,Golden Triangle,,
September,2020,GTN-Kingsgate,,
September,2020,GTN-Malin,,
September,2020,GTN-Stanfield,,
September,2020,Guardian Hub,,
September,2020,Gulf S. Pool 16,,
September,2020,Gulf South - Perryville,,
September,2020,Henry,2.58,0.0
September,2020,HPL-ETX Pool,,
September,2020,HSC-HPL Pool,2.55,-0.03
September,2020,HSC-Kinder Morgan,,
September,2020,Iroquois (into),1.93,-0.65
September,2020,Iroquois-Z1,,
September,2020,Iroquois-Z2,1.94,-0.64
September,2020,Iroquois-Z2 Hunts Pt,,
September,2020,Jefferson Island,,
September,2020,Katy-Enstor Pool,2.49,-0.09
September,2020,Katy-Lonestar Inter,,
September,2020,Katy-Lonestar Intra,,
September,2020,Katy-Oasis,,
September,2020,KRGT-Del Pool,3.83,1.25
September,2020,KRGT-Rec Pool,,
September,2020,Lebanon,2.28,-0.3
September,2020,Leidy,,
September,2020,Leidy-Transco,1.1,-1.48
September,2020,M&N US,,
September,2020,MEP-Lamar,,
September,2020,Michcon,2.2,-0.38
September,2020,Midship (receipt),,
September,2020,Millennium,,
September,2020,Millennium East Pool,1.1,-1.48
September,2020,Millennium-Ramapo,,
September,2020,Moss Bluff Inter,,
September,2020,Moss Bluff Stor,,
September,2020,MS Hub,,
September,2020,NBPL-Bakken (receipt),,
September,2020,NBPL-Harper,,
September,2020,NBPL-Nicor,2.28,-0.3
September,2020,NBPL-Vector,,
September,2020,NBPL-Ventura,2.22,-0.36
September,2020,NBPL-Will County,,
September,2020,NGPL-AM Pool,,
September,2020,NGPL-AM Stor,,
September,2020,NGPL-GC Mainline,,
September,2020,NGPL-IA/IL AM Pool,,
September,2020,NGPL-IA/IL AM Stor,,
September,2020,NGPL-IA/IL GC Pool,,
September,2020,NGPL-IA/IL GC Stor,,
September,2020,NGPL-LA Pool,,
September,2020,NGPL-LA Stor,,
September,2020,NGPL-MidAm,,
September,2020,NGPL-Midcont Pool,2.2,-0.38
September,2020,NGPL-Midcont Stor,,
September,2020,NGPL-Nicor,2.28,-0.3
September,2020,NGPL-Nipsco,2.33,-0.25
September,2020,NGPL-STX,2.47,-0.11
September,2020,NGPL-TXOK East,2.37,-0.21
September,2020,NGPL-TXOK East Stor,2.37,-0.21
September,2020,NGPL-TXOK West,2.37,-0.21
September,2020,NNG-Demarc,2.2,-0.38
September,2020,NNG-Mid 13-16A,,
September,2020,NNG-Mid 1-7,,
September,2020,NNG-Mid 8-12,,
September,2020,NNG-Ventura,2.19,-0.39
September,2020,Nortex-Tolar Hub,,
September,2020,NWP-Rocky Mtn,2.39,-0.19
September,2020,NWP-Sumas,2.43,-0.15
September,2020,NWP-Wyoming,,
September,2020,Oasis - Waha Pool,,
September,2020,OGT,,
September,2020,ONEOK Westex,2.28,-0.3
September,2020,Opal,,
September,2020,Panhandle,2.2,-0.38
September,2020,PG&E-Citygate,3.47,0.89
September,2020,PG&E-Daggett,,
September,2020,PG&E-KRS,,
September,2020,PG&E-Topock,,
September,2020,PGLC,2.27,-0.31
September,2020,Pine Prairie,2.49,-0.09
September,2020,Pioneer,,
September,2020,PNGTS,,
September,2020,Questar-North,,
September,2020,Questar-South,,
September,2020,REX Cheyenne Comp Pool,,
September,2020,REX E-ANR,,
September,2020,REX E-MidW,,
September,2020,REX E-NGPL,,
September,2020,REX E-PEPL,,
September,2020,REX E-Trunk,,
September,2020,REX W-ANR,,
September,2020,REX W-NGPL,,
September,2020,REX W-NNG,,
September,2020,REX W-PEPL,,
September,2020,REX-Z3 (receipt) ,,
September,2020,REX-Z3 Del Pool,2.31,-0.27
September,2020,Rover (receipt),,
September,2020,Rover-ANR,2.27,-0.31
September,2020,Rover-PEPL,2.27,-0.31
September,2020,Ruby-Onyx Hill,,
September,2020,Ruby-Rec Pool,,
September,2020,Ryckman Creek Stor,,
September,2020,Salt Plains Inter,,
September,2020,Salt Plains Stor,,
September,2020,Socal-Blythe,,
September,2020,Socal-Border,2.88,0.3
September,2020,Socal-Citygate,4.5,1.92
September,2020,Socal-Ehrenberg,,
September,2020,Socal-Firm Stor,,
September,2020,Socal-IT Stor,,
September,2020,Socal-Kramer,,
September,2020,Socal-KRS,,
September,2020,Socal-Needles,,
September,2020,Socal-Storage,,
September,2020,Socal-Topock (EP),,
September,2020,Socal-Topock (TW),,
September,2020,Socal-WR,,
September,2020,Sonat-Z0 South,2.51,-0.07
September,2020,Sonat-Z1 North,,
September,2020,Southern Pines Hub,,
September,2020,Southern Star,2.23,-0.35
September,2020,Spectra - Hunt,,
September,2020,Stagecoach ,,
September,2020,Stingray,,
September,2020,TCO,1.7,-0.88
September,2020,TCO-A04 Pool,,
September,2020,TCO-A06 Pool,,
September,2020,TCO-A08 Pool,,
September,2020,TCO-Seg Pool,,
September,2020,TETCO-ELA,2.47,-0.11
September,2020,TETCO-ETX,2.37,-0.21
September,2020,TETCO-M1 24,,
September,2020,TETCO-M1 30,2.44,-0.14
September,2020,TETCO-M2,,
September,2020,TETCO-M2 (receipt),1.0,-1.58
September,2020,TETCO-M3,1.26,-1.32
September,2020,TETCO-Manhattan,,
September,2020,TETCO-STX,2.53,-0.05
September,2020,TETCO-WLA,2.51,-0.07
September,2020,TGP-500L,2.5,-0.08
September,2020,TGP-800L,2.47,-0.11
September,2020,TGP-Mahwah,,
September,2020,TGP-Niagara,1.69,-0.89
September,2020,TGP-Z0 Border Pool,2.45,-0.13
September,2020,TGP-Z0 North,2.45,-0.13
September,2020,TGP-Z0 South,2.45,-0.13
September,2020,TGP-Z1 100L,,
September,2020,TGP-Z1 800L Pool,,
September,2020,TGP-Z1 Sta-87,,
September,2020,TGP-Z4 300L,0.99,-1.59
September,2020,TGP-Z4 Marcellus,0.99,-1.59
September,2020,TGP-Z4 Sta-219,,
September,2020,TGP-Z4 Sta-313,1.22,-1.36
September,2020,TGP-Z5 200L,1.74,-0.84
September,2020,TGP-Z6 200L,1.66,-0.92
September,2020,TGP-Z6 200L North,1.68,-0.9
September,2020,TGP-Z6 200L South,1.52,-1.06
September,2020,TGP-Z6 300L,,
September,2020,TGT-Mainline,2.35,-0.23
September,2020,TGT-North LA,,
September,2020,TGT-SL,2.39,-0.19
September,2020,Transco Zn3,2.51,-0.07
September,2020,Transco-165,,
September,2020,Transco-30,2.51,-0.07
September,2020,Transco-45,2.52,-0.06
September,2020,Transco-65,,
September,2020,Transco-85,2.53,-0.05
September,2020,Transco-River Road,,
September,2020,Transco-Z5,2.55,-0.03
September,2020,Transco-Z5 North,,
September,2020,Transco-Z5 South,2.55,-0.03
September,2020,Transco-Z6 (non-NY north ML),,
September,2020,Transco-Z6 (non-NY north),1.22,-1.36
September,2020,Transco-Z6 (non-NY south),,
September,2020,Transco-Z6 (non-NY),1.22,-1.36
September,2020,Transco-Z6 (NY),1.24,-1.34
September,2020,Transco-Z6 Sta-210,,
September,2020,Tres Palacios (inj),,
September,2020,Tres Palacios (w/d),,
September,2020,Trunkline-ELA,2.42,-0.16
September,2020,Trunkline-WLA,2.42,-0.16
September,2020,Trunkline-Z1A,2.32,-0.26
September,2020,TW-Blanco,2.3,-0.28
September,2020,TW-Central,,
September,2020,TW-Panhandle,1.46,-1.12
September,2020,TW-WTX,,
September,2020,Union-Dawn,2.2,-0.38
September,2020,Waha,1.42,-1.16
September,2020,White River Hub,,
September,2020,WIC,,
September,2020,0,,
September,2020,0,,
September,2020,0,,
September,2020,0,,
October,2020,AB Pool (inter),,
October,2020,AB Pool (intra),,
October,2020,AGT-CG,,
October,2020,AGT-CG (non-G),1.51,-0.59
October,2020,Agua Dulce Hub,,
October,2020,ANR-Joliet Hub,,
October,2020,ANR-SE,,
October,2020,ANR-SE-T,1.91,-0.19
October,2020,ANR-SW,1.89,-0.21
October,2020,APC-ACE,,
October,2020,APC-ANR,,
October,2020,APC-MGTC,,
October,2020,APC-NGPL,,
October,2020,APC-Nicor,,
October,2020,APC-VPC,,
October,2020,Arena WTX Pool,,
October,2020,Atmos Zone 3,,
October,2020,Banquete Hub,,
October,2020,Bay Gas Storage,,
October,2020,Bennington,,
October,2020,Beverly Salem,,
October,2020,Bluewater Hub,,
October,2020,Bobcat Inter,,
October,2020,Bobcat Stor,,
October,2020,Carthage,,
October,2020,CG-Mainline,1.75,-0.35
October,2020,CG-Onshore,1.95,-0.15
October,2020,Cheyenne,1.96,-0.14
October,2020,Chicago,1.99,-0.11
October,2020,CIG-Mainline,1.93,-0.17
October,2020,CIG-Mainline Pool,,
October,2020,CIG-Mainline South,,
October,2020,Clarington,,
October,2020,Clarington-Tenn,,
October,2020,Consumers,1.84,-0.26
October,2020,Cove Point,,
October,2020,Dracut,,
October,2020,Eastern Gas-North,,
October,2020,Eastern Gas-South,,
October,2020,Egan Inter,,
October,2020,Egan Stor,,
October,2020,EGT-Flex,,
October,2020,EGT-North,,
October,2020,EGT-Perryville Hub,1.73,-0.37
October,2020,EGT-South,,
October,2020,EGT-West,,
October,2020,Enable East Pool,,
October,2020,Enable West Pool ,,
October,2020,ENT-STX Map,,
October,2020,EP-Anadarko,,
October,2020,EP-Keystone,,
October,2020,EP-Plains Pool,,
October,2020,EP-S.Mainline,,
October,2020,EP-SJ Blanco Pool,2.01,-0.09
October,2020,EP-SJ Bondad Stn,,
October,2020,EP-Waha Pool,1.33,-0.77
October,2020,ETC-Cleburne,,
October,2020,ETC-Maypearl,,
October,2020,ETC-Tiger Gas (receipt),,
October,2020,FGT-CG,,
October,2020,FGT-Z1,2.06,-0.04
October,2020,FGT-Z2,2.09,-0.01
October,2020,FGT-Z3,2.16,0.06
October,2020,GCX Waha Hub,,
October,2020,Gillis Hub,,
October,2020,GLGT-St.Clair,,
October,2020,Golden Triangle,,
October,2020,GTN-Kingsgate,,
October,2020,GTN-Malin,,
October,2020,GTN-Stanfield,,
October,2020,Guardian Hub,,
October,2020,Gulf S. Pool 16,,
October,2020,Gulf South - Perryville,,
October,2020,Henry,2.1,0.0
October,2020,HPL-ETX Pool,,
October,2020,HSC-HPL Pool,2.12,0.02
October,2020,HSC-Kinder Morgan,,
October,2020,Iroquois (into),1.7,-0.4
October,2020,Iroquois-Z1,,
October,2020,Iroquois-Z2,1.74,-0.36
October,2020,Iroquois-Z2 Hunts Pt,,
October,2020,Jefferson Island,,
October,2020,Katy-Enstor Pool,2.18,0.08
October,2020,Katy-Lonestar Inter,,
October,2020,Katy-Lonestar Intra,,
October,2020,Katy-Oasis,,
October,2020,KRGT-Del Pool,2.94,0.84
October,2020,KRGT-Rec Pool,,
October,2020,Lebanon,1.81,-0.29
October,2020,Leidy,,
October,2020,Leidy-Transco,1.0,-1.1
October,2020,M&N US,,
October,2020,MEP-Lamar,,
October,2020,Michcon,1.82,-0.28
October,2020,Midship (receipt),,
October,2020,Millennium,,
October,2020,Millennium East Pool,0.98,-1.12
October,2020,Millennium-Ramapo,,
October,2020,Moss Bluff Inter,,
October,2020,Moss Bluff Stor,,
October,2020,MS Hub,,
October,2020,NBPL-Bakken (receipt),,
October,2020,NBPL-Harper,,
October,2020,NBPL-Nicor,2.0,-0.1
October,2020,NBPL-Vector,,
October,2020,NBPL-Ventura,1.88,-0.22
October,2020,NBPL-Will County,,
October,2020,NGPL-AM Pool,,
October,2020,NGPL-AM Stor,,
October,2020,NGPL-GC Mainline,,
October,2020,NGPL-IA/IL AM Pool,,
October,2020,NGPL-IA/IL AM Stor,,
October,2020,NGPL-IA/IL GC Pool,,
October,2020,NGPL-IA/IL GC Stor,,
October,2020,NGPL-LA Pool,,
October,2020,NGPL-LA Stor,,
October,2020,NGPL-MidAm,,
October,2020,NGPL-Midcont Pool,1.88,-0.22
October,2020,NGPL-Midcont Stor,,
October,2020,NGPL-Nicor,2.0,-0.1
October,2020,NGPL-Nipsco,1.95,-0.15
October,2020,NGPL-STX,1.95,-0.15
October,2020,NGPL-TXOK East,1.85,-0.25
October,2020,NGPL-TXOK East Stor,1.85,-0.25
October,2020,NGPL-TXOK West,1.85,-0.25
October,2020,NNG-Demarc,1.96,-0.14
October,2020,NNG-Mid 13-16A,,
October,2020,NNG-Mid 1-7,,
October,2020,NNG-Mid 8-12,,
October,2020,NNG-Ventura,1.85,-0.25
October,2020,Nortex-Tolar Hub,,
October,2020,NWP-Rocky Mtn,2.23,0.13
October,2020,NWP-Sumas,3.14,1.04
October,2020,NWP-Wyoming,,
October,2020,Oasis - Waha Pool,,
October,2020,OGT,,
October,2020,ONEOK Westex,1.85,-0.25
October,2020,Opal,,
October,2020,Panhandle,1.78,-0.32
October,2020,PG&E-Citygate,3.98,1.88
October,2020,PG&E-Daggett,,
October,2020,PG&E-KRS,,
October,2020,PG&E-Topock,,
October,2020,PGLC,1.98,-0.12
October,2020,Pine Prairie,1.98,-0.12
October,2020,Pioneer,,
October,2020,PNGTS,,
October,2020,Questar-North,,
October,2020,Questar-South,,
October,2020,REX Cheyenne Comp Pool,,
October,2020,REX E-ANR,,
October,2020,REX E-MidW,,
October,2020,REX E-NGPL,,
October,2020,REX E-PEPL,,
October,2020,REX E-Trunk,,
October,2020,REX W-ANR,,
October,2020,REX W-NGPL,,
October,2020,REX W-NNG,,
October,2020,REX W-PEPL,,
October,2020,REX-Z3 (receipt) ,,
October,2020,REX-Z3 Del Pool,1.82,-0.28
October,2020,Rover (receipt),,
October,2020,Rover-ANR,1.78,-0.32
October,2020,Rover-PEPL,1.78,-0.32
October,2020,Ruby-Onyx Hill,,
October,2020,Ruby-Rec Pool,,
October,2020,Ryckman Creek Stor,,
October,2020,Salt Plains Inter,,
October,2020,Salt Plains Stor,,
October,2020,Socal-Blythe,,
October,2020,Socal-Border,2.51,0.41
October,2020,Socal-Citygate,3.48,1.38
October,2020,Socal-Ehrenberg,,
October,2020,Socal-Firm Stor,,
October,2020,Socal-IT Stor,,
October,2020,Socal-Kramer,,
October,2020,Socal-KRS,,
October,2020,Socal-Needles,,
October,2020,Socal-Storage,,
October,2020,Socal-Topock (EP),,
October,2020,Socal-Topock (TW),,
October,2020,Socal-WR,,
October,2020,Sonat-Z0 South,2.02,-0.08
October,2020,Sonat-Z1 North,,
October,2020,Southern Pines Hub,,
October,2020,Southern Star,1.8,-0.3
October,2020,Spectra - Hunt,,
October,2020,Stagecoach ,,
October,2020,Stingray,,
October,2020,TCO,1.2,-0.9
October,2020,TCO-A04 Pool,,
October,2020,TCO-A06 Pool,,
October,2020,TCO-A08 Pool,,
October,2020,TCO-Seg Pool,,
October,2020,TETCO-ELA,1.95,-0.15
October,2020,TETCO-ETX,1.97,-0.13
October,2020,TETCO-M1 24,,
October,2020,TETCO-M1 30,1.92,-0.18
October,2020,TETCO-M2,,
October,2020,TETCO-M2 (receipt),0.65,-1.45
October,2020,TETCO-M3,1.11,-0.99
October,2020,TETCO-Manhattan,,
October,2020,TETCO-STX,2.07,-0.03
October,2020,TETCO-WLA,1.98,-0.12
October,2020,TGP-500L,1.99,-0.11
October,2020,TGP-800L,1.89,-0.21
October,2020,TGP-Mahwah,,
October,2020,TGP-Niagara,1.48,-0.62
October,2020,TGP-Z0 Border Pool,1.95,-0.15
October,2020,TGP-Z0 North,1.95,-0.15
October,2020,TGP-Z0 South,1.95,-0.15
October,2020,TGP-Z1 100L,,
October,2020,TGP-Z1 800L Pool,,
October,2020,TGP-Z1 Sta-87,,
October,2020,TGP-Z4 300L,0.86,-1.24
October,2020,TGP-Z4 Marcellus,0.86,-1.24
October,2020,TGP-Z4 Sta-219,,
October,2020,TGP-Z4 Sta-313,1.08,-1.02
October,2020,TGP-Z5 200L,1.57,-0.53
October,2020,TGP-Z6 200L,1.5,-0.6
October,2020,TGP-Z6 200L North,1.87,-0.23
October,2020,TGP-Z6 200L South,1.5,-0.6
October,2020,TGP-Z6 300L,,
October,2020,TGT-Mainline,1.77,-0.33
October,2020,TGT-North LA,,
October,2020,TGT-SL,1.81,-0.29
October,2020,Transco Zn3,2.03,-0.07
October,2020,Transco-165,,
October,2020,Transco-30,2.06,-0.04
October,2020,Transco-45,2.04,-0.06
October,2020,Transco-65,,
October,2020,Transco-85,2.04,-0.06
October,2020,Transco-River Road,,
October,2020,Transco-Z5,2.08,-0.02
October,2020,Transco-Z5 North,,
October,2020,Transco-Z5 South,2.08,-0.02
October,2020,Transco-Z6 (non-NY north ML),,
October,2020,Transco-Z6 (non-NY north),1.11,-0.99
October,2020,Transco-Z6 (non-NY south),,
October,2020,Transco-Z6 (non-NY),1.11,-0.99
October,2020,Transco-Z6 (NY),1.1,-1.0
October,2020,Transco-Z6 Sta-210,,
October,2020,Tres Palacios (inj),,
October,2020,Tres Palacios (w/d),,
October,2020,Trunkline-ELA,1.87,-0.23
October,2020,Trunkline-WLA,1.87,-0.23
October,2020,Trunkline-Z1A,1.77,-0.33
October,2020,TW-Blanco,2.05,-0.05
October,2020,TW-Central,,
October,2020,TW-Panhandle,1.29,-0.81
October,2020,TW-WTX,,
October,2020,Union-Dawn,1.8,-0.3
October,2020,Waha,1.29,-0.81
October,2020,White River Hub,,
October,2020,WIC,,
October,2020,0,,
October,2020,0,,
October,2020,0,,
October,2020,0,,
November,2020,AB Pool (inter),,
November,2020,AB Pool (intra),,
November,2020,AGT-CG,,
November,2020,AGT-CG (non-G),3.27,0.27
November,2020,Agua Dulce Hub,,
November,2020,ANR-Joliet Hub,,
November,2020,ANR-SE,,
November,2020,ANR-SE-T,2.91,-0.09
November,2020,ANR-SW,2.86,-0.14
November,2020,APC-ACE,,
November,2020,APC-ANR,,
November,2020,APC-MGTC,,
November,2020,APC-NGPL,,
November,2020,APC-Nicor,,
November,2020,APC-VPC,,
November,2020,Arena WTX Pool,,
November,2020,Atmos Zone 3,,
November,2020,Banquete Hub,,
November,2020,Bay Gas Storage,,
November,2020,Bennington,,
November,2020,Beverly Salem,,
November,2020,Bluewater Hub,,
November,2020,Bobcat Inter,,
November,2020,Bobcat Stor,,
November,2020,Carthage,,
November,2020,CG-Mainline,2.68,-0.32
November,2020,CG-Onshore,2.85,-0.15
November,2020,Cheyenne,2.78,-0.22
November,2020,Chicago,2.89,-0.11
November,2020,CIG-Mainline,2.77,-0.23
November,2020,CIG-Mainline Pool,,
November,2020,CIG-Mainline South,,
November,2020,Clarington,,
November,2020,Clarington-Tenn,,
November,2020,Consumers,2.72,-0.28
November,2020,Cove Point,,
November,2020,Dracut,,
November,2020,Eastern Gas-North,,
November,2020,Eastern Gas-South,,
November,2020,Egan Inter,,
November,2020,Egan Stor,,
November,2020,EGT-Flex,,
November,2020,EGT-North,,
November,2020,EGT-Perryville Hub,2.66,-0.34
November,2020,EGT-South,,
November,2020,EGT-West,,
November,2020,Enable East Pool,,
November,2020,Enable West Pool ,,
November,2020,ENT-STX Map,,
November,2020,EP-Anadarko,,
November,2020,EP-Keystone,,
November,2020,EP-Plains Pool,,
November,2020,EP-S.Mainline,,
November,2020,EP-SJ Blanco Pool,2.71,-0.29
November,2020,EP-SJ Bondad Stn,,
November,2020,EP-Waha Pool,1.59,-1.41
November,2020,ETC-Cleburne,,
November,2020,ETC-Maypearl,,
November,2020,ETC-Tiger Gas (receipt),,
November,2020,FGT-CG,,
November,2020,FGT-Z1,2.92,-0.08
November,2020,FGT-Z2,2.95,-0.05
November,2020,FGT-Z3,3.0,0.0
November,2020,GCX Waha Hub,,
November,2020,Gillis Hub,,
November,2020,GLGT-St.Clair,,
November,2020,Golden Triangle,,
November,2020,GTN-Kingsgate,,
November,2020,GTN-Malin,,
November,2020,GTN-Stanfield,,
November,2020,Guardian Hub,,
November,2020,Gulf S. Pool 16,,
November,2020,Gulf South - Perryville,,
November,2020,Henry,3.0,0.0
November,2020,HPL-ETX Pool,,
November,2020,HSC-HPL Pool,2.95,-0.05
November,2020,HSC-Kinder Morgan,,
November,2020,Iroquois (into),2.92,-0.08
November,2020,Iroquois-Z1,,
November,2020,Iroquois-Z2,3.15,0.15
November,2020,Iroquois-Z2 Hunts Pt,,
November,2020,Jefferson Island,,
November,2020,Katy-Enstor Pool,2.99,-0.01
November,2020,Katy-Lonestar Inter,,
November,2020,Katy-Lonestar Intra,,
November,2020,Katy-Oasis,,
November,2020,KRGT-Del Pool,3.91,0.91
November,2020,KRGT-Rec Pool,,
November,2020,Lebanon,2.66,-0.34
November,2020,Leidy,,
November,2020,Leidy-Transco,1.68,-1.32
November,2020,M&N US,,
November,2020,MEP-Lamar,,
November,2020,Michcon,2.68,-0.32
November,2020,Midship (receipt),,
November,2020,Millennium,,
November,2020,Millennium East Pool,1.7,-1.3
November,2020,Millennium-Ramapo,,
November,2020,Moss Bluff Inter,,
November,2020,Moss Bluff Stor,,
November,2020,MS Hub,,
November,2020,NBPL-Bakken (receipt),,
November,2020,NBPL-Harper,,
November,2020,NBPL-Nicor,2.93,-0.07
November,2020,NBPL-Vector,,
November,2020,NBPL-Ventura,2.98,-0.02
November,2020,NBPL-Will County,,
November,2020,NGPL-AM Pool,,
November,2020,NGPL-AM Stor,,
November,2020,NGPL-GC Mainline,,
November,2020,NGPL-IA/IL AM Pool,,
November,2020,NGPL-IA/IL AM Stor,,
November,2020,NGPL-IA/IL GC Pool,,
November,2020,NGPL-IA/IL GC Stor,,
November,2020,NGPL-LA Pool,,
November,2020,NGPL-LA Stor,,
November,2020,NGPL-MidAm,,
November,2020,NGPL-Midcont Pool,2.8,-0.2
November,2020,NGPL-Midcont Stor,,
November,2020,NGPL-Nicor,2.93,-0.07
November,2020,NGPL-Nipsco,2.86,-0.14
November,2020,NGPL-STX,2.86,-0.14
November,2020,NGPL-TXOK East,2.76,-0.24
November,2020,NGPL-TXOK East Stor,2.76,-0.24
November,2020,NGPL-TXOK West,2.76,-0.24
November,2020,NNG-Demarc,2.94,-0.06
November,2020,NNG-Mid 13-16A,,
November,2020,NNG-Mid 1-7,,
November,2020,NNG-Mid 8-12,,
November,2020,NNG-Ventura,2.93,-0.07
November,2020,Nortex-Tolar Hub,,
November,2020,NWP-Rocky Mtn,3.03,0.03
November,2020,NWP-Sumas,3.67,0.67
November,2020,NWP-Wyoming,,
November,2020,Oasis - Waha Pool,,
November,2020,OGT,,
November,2020,ONEOK Westex,2.79,-0.21
November,2020,Opal,,
November,2020,Panhandle,2.69,-0.31
November,2020,PG&E-Citygate,4.01,1.01
November,2020,PG&E-Daggett,,
November,2020,PG&E-KRS,,
November,2020,PG&E-Topock,,
November,2020,PGLC,2.86,-0.14
November,2020,Pine Prairie,2.89,-0.11
November,2020,Pioneer,,
November,2020,PNGTS,,
November,2020,Questar-North,,
November,2020,Questar-South,,
November,2020,REX Cheyenne Comp Pool,,
November,2020,REX E-ANR,,
November,2020,REX E-MidW,,
November,2020,REX E-NGPL,,
November,2020,REX E-PEPL,,
November,2020,REX E-Trunk,,
November,2020,REX W-ANR,,
November,2020,REX W-NGPL,,
November,2020,REX W-NNG,,
November,2020,REX W-PEPL,,
November,2020,REX-Z3 (receipt) ,,
November,2020,REX-Z3 Del Pool,2.69,-0.31
November,2020,Rover (receipt),,
November,2020,Rover-ANR,2.64,-0.36
November,2020,Rover-PEPL,2.64,-0.36
November,2020,Ruby-Onyx Hill,,
November,2020,Ruby-Rec Pool,,
November,2020,Ryckman Creek Stor,,
November,2020,Salt Plains Inter,,
November,2020,Salt Plains Stor,,
November,2020,Socal-Blythe,,
November,2020,Socal-Border,3.37,0.37
November,2020,Socal-Citygate,4.57,1.57
November,2020,Socal-Ehrenberg,,
November,2020,Socal-Firm Stor,,
November,2020,Socal-IT Stor,,
November,2020,Socal-Kramer,,
November,2020,Socal-KRS,,
November,2020,Socal-Needles,,
November,2020,Socal-Storage,,
November,2020,Socal-Topock (EP),,
November,2020,Socal-Topock (TW),,
November,2020,Socal-WR,,
November,2020,Sonat-Z0 South,2.89,-0.11
November,2020,Sonat-Z1 North,,
November,2020,Southern Pines Hub,,
November,2020,Southern Star,2.78,-0.22
November,2020,Spectra - Hunt,,
November,2020,Stagecoach ,,
November,2020,Stingray,,
November,2020,TCO,2.25,-0.75
November,2020,TCO-A04 Pool,,
November,2020,TCO-A06 Pool,,
November,2020,TCO-A08 Pool,,
November,2020,TCO-Seg Pool,,
November,2020,TETCO-ELA,2.85,-0.15
November,2020,TETCO-ETX,2.76,-0.24
November,2020,TETCO-M1 24,,
November,2020,TETCO-M1 30,2.85,-0.15
November,2020,TETCO-M2,,
November,2020,TETCO-M2 (receipt),1.57,-1.43
November,2020,TETCO-M3,2.05,-0.95
November,2020,TETCO-Manhattan,,
November,2020,TETCO-STX,2.93,-0.07
November,2020,TETCO-WLA,2.87,-0.13
November,2020,TGP-500L,2.85,-0.15
November,2020,TGP-800L,2.84,-0.16
November,2020,TGP-Mahwah,,
November,2020,TGP-Niagara,2.53,-0.47
November,2020,TGP-Z0 Border Pool,2.84,-0.16
November,2020,TGP-Z0 North,2.84,-0.16
November,2020,TGP-Z0 South,2.84,-0.16
November,2020,TGP-Z1 100L,,
November,2020,TGP-Z1 800L Pool,,
November,2020,TGP-Z1 Sta-87,,
November,2020,TGP-Z4 300L,1.59,-1.41
November,2020,TGP-Z4 Marcellus,1.59,-1.41
November,2020,TGP-Z4 Sta-219,,
November,2020,TGP-Z4 Sta-313,1.8,-1.2
November,2020,TGP-Z5 200L,2.45,-0.55
November,2020,TGP-Z6 200L,3.28,0.28
November,2020,TGP-Z6 200L North,3.9,0.9
November,2020,TGP-Z6 200L South,3.27,0.27
November,2020,TGP-Z6 300L,,
November,2020,TGT-Mainline,2.74,-0.26
November,2020,TGT-North LA,,
November,2020,TGT-SL,2.78,-0.22
November,2020,Transco Zn3,2.91,-0.09
November,2020,Transco-165,,
November,2020,Transco-30,2.92,-0.08
November,2020,Transco-45,2.94,-0.06
November,2020,Transco-65,,
November,2020,Transco-85,2.93,-0.07
November,2020,Transco-River Road,,
November,2020,Transco-Z5,3.04,0.04
November,2020,Transco-Z5 North,,
November,2020,Transco-Z5 South,3.04,0.04
November,2020,Transco-Z6 (non-NY north ML),,
November,2020,Transco-Z6 (non-NY north),1.99,-1.01
November,2020,Transco-Z6 (non-NY south),,
November,2020,Transco-Z6 (non-NY),1.99,-1.01
November,2020,Transco-Z6 (NY),2.12,-0.88
November,2020,Transco-Z6 Sta-210,,
November,2020,Tres Palacios (inj),,
November,2020,Tres Palacios (w/d),,
November,2020,Trunkline-ELA,2.86,-0.14
November,2020,Trunkline-WLA,2.86,-0.14
November,2020,Trunkline-Z1A,2.76,-0.24
November,2020,TW-Blanco,2.73,-0.27
November,2020,TW-Central,,
November,2020,TW-Panhandle,1.82,-1.18
November,2020,TW-WTX,,
November,2020,Union-Dawn,2.76,-0.24
November,2020,Waha,1.6,-1.4
November,2020,White River Hub,,
November,2020,WIC,,
November,2020,0,,
November,2020,0,,
November,2020,0,,
November,2020,0,,
December,2020,AB Pool (inter),,
December,2020,AB Pool (intra),,
December,2020,AGT-CG,,
December,2020,AGT-CG (non-G),3.74,0.84
December,2020,Agua Dulce Hub,,
December,2020,ANR-Joliet Hub,,
December,2020,ANR-SE,,
December,2020,ANR-SE-T,2.82,-0.08
December,2020,ANR-SW,2.53,-0.37
December,2020,APC-ACE,,
December,2020,APC-ANR,,
December,2020,APC-MGTC,,
December,2020,APC-NGPL,,
December,2020,APC-Nicor,,
December,2020,APC-VPC,,
December,2020,Arena WTX Pool,,
December,2020,Atmos Zone 3,,
December,2020,Banquete Hub,,
December,2020,Bay Gas Storage,,
December,2020,Bennington,,
December,2020,Beverly Salem,,
December,2020,Bluewater Hub,,
December,2020,Bobcat Inter,,
December,2020,Bobcat Stor,,
December,2020,Carthage,,
December,2020,CG-Mainline,2.57,-0.33
December,2020,CG-Onshore,2.77,-0.13
December,2020,Cheyenne,2.46,-0.44
December,2020,Chicago,2.57,-0.33
December,2020,CIG-Mainline,2.41,-0.49
December,2020,CIG-Mainline Pool,,
December,2020,CIG-Mainline South,,
December,2020,Clarington,,
December,2020,Clarington-Tenn,,
December,2020,Consumers,2.67,-0.23
December,2020,Cove Point,,
December,2020,Dracut,,
December,2020,Eastern Gas-North,,
December,2020,Eastern Gas-South,,
December,2020,Egan Inter,,
December,2020,Egan Stor,,
December,2020,EGT-Flex,,
December,2020,EGT-North,,
December,2020,EGT-Perryville Hub,2.59,-0.31
December,2020,EGT-South,,
December,2020,EGT-West,,
December,2020,Enable East Pool,,
December,2020,Enable West Pool ,,
December,2020,ENT-STX Map,,
December,2020,EP-Anadarko,,
December,2020,EP-Keystone,,
December,2020,EP-Plains Pool,,
December,2020,EP-S.Mainline,,
December,2020,EP-SJ Blanco Pool,2.52,-0.38
December,2020,EP-SJ Bondad Stn,,
December,2020,EP-Waha Pool,2.26,-0.64
December,2020,ETC-Cleburne,,
December,2020,ETC-Maypearl,,
December,2020,ETC-Tiger Gas (receipt),,
December,2020,FGT-CG,,
December,2020,FGT-Z1,2.82,-0.08
December,2020,FGT-Z2,2.85,-0.05
December,2020,FGT-Z3,2.91,0.01
December,2020,GCX Waha Hub,,
December,2020,Gillis Hub,,
December,2020,GLGT-St.Clair,,
December,2020,Golden Triangle,,
December,2020,GTN-Kingsgate,,
December,2020,GTN-Malin,,
December,2020,GTN-Stanfield,,
December,2020,Guardian Hub,,
December,2020,Gulf S. Pool 16,,
December,2020,Gulf South - Perryville,,
December,2020,Henry,2.9,0.0
December,2020,HPL-ETX Pool,,
December,2020,HSC-HPL Pool,2.83,-0.07
December,2020,HSC-Kinder Morgan,,
December,2020,Iroquois (into),3.12,0.22
December,2020,Iroquois-Z1,,
December,2020,Iroquois-Z2,3.65,0.75
December,2020,Iroquois-Z2 Hunts Pt,,
December,2020,Jefferson Island,,
December,2020,Katy-Enstor Pool,2.84,-0.06
December,2020,Katy-Lonestar Inter,,
December,2020,Katy-Lonestar Intra,,
December,2020,Katy-Oasis,,
December,2020,KRGT-Del Pool,4.03,1.13
December,2020,KRGT-Rec Pool,,
December,2020,Lebanon,2.59,-0.31
December,2020,Leidy,,
December,2020,Leidy-Transco,1.6,-1.3
December,2020,M&N US,,
December,2020,MEP-Lamar,,
December,2020,Michcon,2.61,-0.29
December,2020,Midship (receipt),,
December,2020,Millennium,,
December,2020,Millennium East Pool,1.68,-1.22
December,2020,Millennium-Ramapo,,
December,2020,Moss Bluff Inter,,
December,2020,Moss Bluff Stor,,
December,2020,MS Hub,,
December,2020,NBPL-Bakken (receipt),,
December,2020,NBPL-Harper,,
December,2020,NBPL-Nicor,2.6,-0.3
December,2020,NBPL-Vector,,
December,2020,NBPL-Ventura,2.63,-0.27
December,2020,NBPL-Will County,,
December,2020,NGPL-AM Pool,,
December,2020,NGPL-AM Stor,,
December,2020,NGPL-GC Mainline,,
December,2020,NGPL-IA/IL AM Pool,,
December,2020,NGPL-IA/IL AM Stor,,
December,2020,NGPL-IA/IL GC Pool,,
December,2020,NGPL-IA/IL GC Stor,,
December,2020,NGPL-LA Pool,,
December,2020,NGPL-LA Stor,,
December,2020,NGPL-MidAm,,
December,2020,NGPL-Midcont Pool,2.63,-0.27
December,2020,NGPL-Midcont Stor,,
December,2020,NGPL-Nicor,2.6,-0.3
December,2020,NGPL-Nipsco,2.51,-0.39
December,2020,NGPL-STX,2.74,-0.16
December,2020,NGPL-TXOK East,2.64,-0.26
December,2020,NGPL-TXOK East Stor,2.64,-0.26
December,2020,NGPL-TXOK West,2.64,-0.26
December,2020,NNG-Demarc,2.6,-0.3
December,2020,NNG-Mid 13-16A,,
December,2020,NNG-Mid 1-7,,
December,2020,NNG-Mid 8-12,,
December,2020,NNG-Ventura,2.59,-0.31
December,2020,Nortex-Tolar Hub,,
December,2020,NWP-Rocky Mtn,2.94,0.04
December,2020,NWP-Sumas,3.83,0.93
December,2020,NWP-Wyoming,,
December,2020,Oasis - Waha Pool,,
December,2020,OGT,,
December,2020,ONEOK Westex,2.69,-0.21
December,2020,Opal,,
December,2020,Panhandle,2.57,-0.33
December,2020,PG&E-Citygate,3.7,0.8
December,2020,PG&E-Daggett,,
December,2020,PG&E-KRS,,
December,2020,PG&E-Topock,,
December,2020,PGLC,2.55,-0.35
December,2020,Pine Prairie,2.81,-0.09
December,2020,Pioneer,,
December,2020,PNGTS,,
December,2020,Questar-North,,
December,2020,Questar-South,,
December,2020,REX Cheyenne Comp Pool,,
December,2020,REX E-ANR,,
December,2020,REX E-MidW,,
December,2020,REX E-NGPL,,
December,2020,REX E-PEPL,,
December,2020,REX E-Trunk,,
December,2020,REX W-ANR,,
December,2020,REX W-NGPL,,
December,2020,REX W-NNG,,
December,2020,REX W-PEPL,,
December,2020,REX-Z3 (receipt) ,,
December,2020,REX-Z3 Del Pool,2.58,-0.32
December,2020,Rover (receipt),,
December,2020,Rover-ANR,2.61,-0.29
December,2020,Rover-PEPL,2.61,-0.29
December,2020,Ruby-Onyx Hill,,
December,2020,Ruby-Rec Pool,,
December,2020,Ryckman Creek Stor,,
December,2020,Salt Plains Inter,,
December,2020,Salt Plains Stor,,
December,2020,Socal-Blythe,,
December,2020,Socal-Border,3.14,0.24
December,2020,Socal-Citygate,5.04,2.14
December,2020,Socal-Ehrenberg,,
December,2020,Socal-Firm Stor,,
December,2020,Socal-IT Stor,,
December,2020,Socal-Kramer,,
December,2020,Socal-KRS,,
December,2020,Socal-Needles,,
December,2020,Socal-Storage,,
December,2020,Socal-Topock (EP),,
December,2020,Socal-Topock (TW),,
December,2020,Socal-WR,,
December,2020,Sonat-Z0 South,2.8,-0.1
December,2020,Sonat-Z1 North,,
December,2020,Southern Pines Hub,,
December,2020,Southern Star,2.69,-0.21
December,2020,Spectra - Hunt,,
December,2020,Stagecoach ,,
December,2020,Stingray,,
December,2020,TCO,2.05,-0.85
December,2020,TCO-A04 Pool,,
December,2020,TCO-A06 Pool,,
December,2020,TCO-A08 Pool,,
December,2020,TCO-Seg Pool,,
December,2020,TETCO-ELA,2.77,-0.13
December,2020,TETCO-ETX,2.65,-0.25
December,2020,TETCO-M1 24,,
December,2020,TETCO-M1 30,2.75,-0.15
December,2020,TETCO-M2,,
December,2020,TETCO-M2 (receipt),1.6,-1.3
December,2020,TETCO-M3,2.36,-0.54
December,2020,TETCO-Manhattan,,
December,2020,TETCO-STX,2.84,-0.06
December,2020,TETCO-WLA,2.82,-0.08
December,2020,TGP-500L,2.77,-0.13
December,2020,TGP-800L,2.77,-0.13
December,2020,TGP-Mahwah,,
December,2020,TGP-Niagara,2.46,-0.44
December,2020,TGP-Z0 Border Pool,2.75,-0.15
December,2020,TGP-Z0 North,2.75,-0.15
December,2020,TGP-Z0 South,2.75,-0.15
December,2020,TGP-Z1 100L,,
December,2020,TGP-Z1 800L Pool,,
December,2020,TGP-Z1 Sta-87,,
December,2020,TGP-Z4 300L,1.42,-1.48
December,2020,TGP-Z4 Marcellus,1.42,-1.48
December,2020,TGP-Z4 Sta-219,,
December,2020,TGP-Z4 Sta-313,1.71,-1.19
December,2020,TGP-Z5 200L,2.4,-0.5
December,2020,TGP-Z6 200L,3.54,0.64
December,2020,TGP-Z6 200L North,4.65,1.75
December,2020,TGP-Z6 200L South,3.53,0.63
December,2020,TGP-Z6 300L,,
December,2020,TGT-Mainline,2.62,-0.28
December,2020,TGT-North LA,,
December,2020,TGT-SL,2.66,-0.24
December,2020,Transco Zn3,2.83,-0.07
December,2020,Transco-165,,
December,2020,Transco-30,2.84,-0.06
December,2020,Transco-45,2.86,-0.04
December,2020,Transco-65,,
December,2020,Transco-85,2.84,-0.06
December,2020,Transco-River Road,,
December,2020,Transco-Z5,3.09,0.19
December,2020,Transco-Z5 North,,
December,2020,Transco-Z5 South,3.09,0.19
December,2020,Transco-Z6 (non-NY north ML),,
December,2020,Transco-Z6 (non-NY north),2.39,-0.51
December,2020,Transco-Z6 (non-NY south),,
December,2020,Transco-Z6 (non-NY),2.39,-0.51
December,2020,Transco-Z6 (NY),2.64,-0.26
December,2020,Transco-Z6 Sta-210,,
December,2020,Tres Palacios (inj),,
December,2020,Tres Palacios (w/d),,
December,2020,Trunkline-ELA,2.75,-0.15
December,2020,Trunkline-WLA,2.75,-0.15
December,2020,Trunkline-Z1A,2.65,-0.25
December,2020,TW-Blanco,2.6,-0.3
December,2020,TW-Central,,
December,2020,TW-Panhandle,2.26,-0.64
December,2020,TW-WTX,,
December,2020,Union-Dawn,2.62,-0.28
December,2020,Waha,2.21,-0.69
December,2020,White River Hub,,
December,2020,WIC,,
December,2020,0,,
December,2020,0,,
December,2020,0,,
December,2020,0,,
January,2021,AB Pool (inter),,
January,2021,AB Pool (intra),,
January,2021,AGT-CG,,
January,2021,AGT-CG (non-G),4.74,2.26
January,2021,Agua Dulce Hub,,
January,2021,ANR-Joliet Hub,,
January,2021,ANR-SE,,
January,2021,ANR-SE-T,2.43,-0.05
January,2021,ANR-SW,2.36,-0.12
January,2021,APC-ACE,,
January,2021,APC-ANR,,
January,2021,APC-MGTC,,
January,2021,APC-NGPL,,
January,2021,APC-Nicor,,
January,2021,APC-VPC,,
January,2021,Arena WTX Pool,,
January,2021,Atmos Zone 3,,
January,2021,Banquete Hub,,
January,2021,Bay Gas Storage,,
January,2021,Bennington,,
January,2021,Beverly Salem,,
January,2021,Bluewater Hub,,
January,2021,Bobcat Inter,,
January,2021,Bobcat Stor,,
January,2021,Carthage,,
January,2021,CG-Mainline,2.28,-0.2
January,2021,CG-Onshore,2.37,-0.11
January,2021,Cheyenne,2.39,-0.09
January,2021,Chicago,2.33,-0.15
January,2021,CIG-Mainline,2.42,-0.06
January,2021,CIG-Mainline Pool,,
January,2021,CIG-Mainline South,,
January,2021,Clarington,,
January,2021,Clarington-Tenn,,
January,2021,Consumers,2.37,-0.11
January,2021,Cove Point,,
January,2021,Dracut,,
January,2021,Eastern Gas-North,,
January,2021,Eastern Gas-South,,
January,2021,Egan Inter,,
January,2021,Egan Stor,,
January,2021,EGT-Flex,,
January,2021,EGT-North,,
January,2021,EGT-Perryville Hub,2.34,-0.14
January,2021,EGT-South,,
January,2021,EGT-West,,
January,2021,Enable East Pool,,
January,2021,Enable West Pool ,,
January,2021,ENT-STX Map,,
January,2021,EP-Anadarko,,
January,2021,EP-Keystone,,
January,2021,EP-Plains Pool,,
January,2021,EP-S.Mainline,,
January,2021,EP-SJ Blanco Pool,2.61,0.13
January,2021,EP-SJ Bondad Stn,,
January,2021,EP-Waha Pool,2.49,0.01
January,2021,ETC-Cleburne,,
January,2021,ETC-Maypearl,,
January,2021,ETC-Tiger Gas (receipt),,
January,2021,FGT-CG,,
January,2021,FGT-Z1,2.39,-0.09
January,2021,FGT-Z2,2.42,-0.06
January,2021,FGT-Z3,2.5,0.02
January,2021,GCX Waha Hub,,
January,2021,Gillis Hub,,
January,2021,GLGT-St.Clair,,
January,2021,Golden Triangle,,
January,2021,GTN-Kingsgate,,
January,2021,GTN-Malin,,
January,2021,GTN-Stanfield,,
January,2021,Guardian Hub,,
January,2021,Gulf S. Pool 16,,
January,2021,Gulf South - Perryville,,
January,2021,Henry,2.48,0.0
January,2021,HPL-ETX Pool,,
January,2021,HSC-HPL Pool,2.47,-0.01
January,2021,HSC-Kinder Morgan,,
January,2021,Iroquois (into),3.2,0.72
January,2021,Iroquois-Z1,,
January,2021,Iroquois-Z2,4.89,2.41
January,2021,Iroquois-Z2 Hunts Pt,,
January,2021,Jefferson Island,,
January,2021,Katy-Enstor Pool,2.46,-0.02
January,2021,Katy-Lonestar Inter,,
January,2021,Katy-Lonestar Intra,,
January,2021,Katy-Oasis,,
January,2021,KRGT-Del Pool,3.96,1.48
January,2021,KRGT-Rec Pool,,
January,2021,Lebanon,2.28,-0.2
January,2021,Leidy,,
January,2021,Leidy-Transco,1.87,-0.61
January,2021,M&N US,,
January,2021,MEP-Lamar,,
January,2021,Michcon,2.3,-0.18
January,2021,Midship (receipt),,
January,2021,Millennium,,
January,2021,Millennium East Pool,1.91,-0.57
January,2021,Millennium-Ramapo,,
January,2021,Moss Bluff Inter,,
January,2021,Moss Bluff Stor,,
January,2021,MS Hub,,
January,2021,NBPL-Bakken (receipt),,
January,2021,NBPL-Harper,,
January,2021,NBPL-Nicor,2.36,-0.12
January,2021,NBPL-Vector,,
January,2021,NBPL-Ventura,,
January,2021,NBPL-Will County,,
January,2021,NGPL-AM Pool,,
January,2021,NGPL-AM Stor,,
January,2021,NGPL-GC Mainline,,
January,2021,NGPL-IA/IL AM Pool,,
January,2021,NGPL-IA/IL AM Stor,,
January,2021,NGPL-IA/IL GC Pool,,
January,2021,NGPL-IA/IL GC Stor,,
January,2021,NGPL-LA Pool,,
January,2021,NGPL-LA Stor,,
January,2021,NGPL-MidAm,,
January,2021,NGPL-Midcont Pool,2.28,-0.2
January,2021,NGPL-Midcont Stor,,
January,2021,NGPL-Nicor,2.36,-0.12
January,2021,NGPL-Nipsco,2.31,-0.17
January,2021,NGPL-STX,2.41,-0.07
January,2021,NGPL-TXOK East,2.31,-0.17
January,2021,NGPL-TXOK East Stor,2.31,-0.17
January,2021,NGPL-TXOK West,2.31,-0.17
January,2021,NNG-Demarc,2.55,0.07
January,2021,NNG-Mid 13-16A,,
January,2021,NNG-Mid 1-7,,
January,2021,NNG-Mid 8-12,,
January,2021,NNG-Ventura,2.47,-0.01
January,2021,Nortex-Tolar Hub,,
January,2021,NWP-Rocky Mtn,3.23,0.75
January,2021,NWP-Sumas,3.38,0.9
January,2021,NWP-Wyoming,,
January,2021,Oasis - Waha Pool,,
January,2021,OGT,,
January,2021,ONEOK Westex,2.37,-0.11
January,2021,Opal,,
January,2021,Panhandle,2.29,-0.19
January,2021,PG&E-Citygate,3.68,1.2
January,2021,PG&E-Daggett,,
January,2021,PG&E-KRS,,
January,2021,PG&E-Topock,,
January,2021,PGLC,2.43,-0.05
January,2021,Pine Prairie,2.41,-0.07
January,2021,Pioneer,,
January,2021,PNGTS,,
January,2021,Questar-North,,
January,2021,Questar-South,,
January,2021,REX Cheyenne Comp Pool,,
January,2021,REX E-ANR,,
January,2021,REX E-MidW,,
January,2021,REX E-NGPL,,
January,2021,REX E-PEPL,,
January,2021,REX E-Trunk,,
January,2021,REX W-ANR,,
January,2021,REX W-NGPL,,
January,2021,REX W-NNG,,
January,2021,REX W-PEPL,,
January,2021,REX-Z3 (receipt) ,,
January,2021,REX-Z3 Del Pool,2.29,-0.19
January,2021,Rover (receipt),,
January,2021,Rover-ANR,2.29,-0.19
January,2021,Rover-PEPL,2.29,-0.19
January,2021,Ruby-Onyx Hill,,
January,2021,Ruby-Rec Pool,,
January,2021,Ryckman Creek Stor,,
January,2021,Salt Plains Inter,,
January,2021,Salt Plains Stor,,
January,2021,Socal-Blythe,,
January,2021,Socal-Border,3.24,0.76
January,2021,Socal-Citygate,4.79,2.31
January,2021,Socal-Ehrenberg,,
January,2021,Socal-Firm Stor,,
January,2021,Socal-IT Stor,,
January,2021,Socal-Kramer,,
January,2021,Socal-KRS,,
January,2021,Socal-Needles,,
January,2021,Socal-Storage,,
January,2021,Socal-Topock (EP),,
January,2021,Socal-Topock (TW),,
January,2021,Socal-WR,,
January,2021,Sonat-Z0 South,2.42,-0.06
January,2021,Sonat-Z1 North,,
January,2021,Southern Pines Hub,,
January,2021,Southern Star,2.28,-0.2
January,2021,Spectra - Hunt,,
January,2021,Stagecoach ,,
January,2021,Stingray,,
January,2021,TCO,2.04,-0.44
January,2021,TCO-A04 Pool,,
January,2021,TCO-A06 Pool,,
January,2021,TCO-A08 Pool,,
January,2021,TCO-Seg Pool,,
January,2021,TETCO-ELA,2.27,-0.21
January,2021,TETCO-ETX,2.29,-0.19
January,2021,TETCO-M1 24,,
January,2021,TETCO-M1 30,2.35,-0.13
January,2021,TETCO-M2,,
January,2021,TETCO-M2 (receipt),1.93,-0.55
January,2021,TETCO-M3,2.98,0.5
January,2021,TETCO-Manhattan,,
January,2021,TETCO-STX,2.44,-0.04
January,2021,TETCO-WLA,2.38,-0.1
January,2021,TGP-500L,2.39,-0.09
January,2021,TGP-800L,2.39,-0.09
January,2021,TGP-Mahwah,,
January,2021,TGP-Niagara,2.27,-0.21
January,2021,TGP-Z0 Border Pool,2.35,-0.13
January,2021,TGP-Z0 North,2.35,-0.13
January,2021,TGP-Z0 South,2.35,-0.13
January,2021,TGP-Z1 100L,,
January,2021,TGP-Z1 800L Pool,,
January,2021,TGP-Z1 Sta-87,,
January,2021,TGP-Z4 300L,1.83,-0.65
January,2021,TGP-Z4 Marcellus,1.83,-0.65
January,2021,TGP-Z4 Sta-219,,
January,2021,TGP-Z4 Sta-313,1.9,-0.58
January,2021,TGP-Z5 200L,2.25,-0.23
January,2021,TGP-Z6 200L,4.84,2.36
January,2021,TGP-Z6 200L North,6.47,3.99
January,2021,TGP-Z6 200L South,4.7,2.22
January,2021,TGP-Z6 300L,,
January,2021,TGT-Mainline,2.31,-0.17
January,2021,TGT-North LA,,
January,2021,TGT-SL,2.35,-0.13
January,2021,Transco Zn3,2.43,-0.05
January,2021,Transco-165,,
January,2021,Transco-30,2.41,-0.07
January,2021,Transco-45,2.43,-0.05
January,2021,Transco-65,,
January,2021,Transco-85,2.44,-0.04
January,2021,Transco-River Road,,
January,2021,Transco-Z5,3.48,1.0
January,2021,Transco-Z5 North,,
January,2021,Transco-Z5 South,3.48,1.0
January,2021,Transco-Z6 (non-NY north ML),,
January,2021,Transco-Z6 (non-NY north),3.08,0.6
January,2021,Transco-Z6 (non-NY south),,
January,2021,Transco-Z6 (non-NY),3.08,0.6
January,2021,Transco-Z6 (NY),3.2,0.72
January,2021,Transco-Z6 Sta-210,,
January,2021,Tres Palacios (inj),,
January,2021,Tres Palacios (w/d),,
January,2021,Trunkline-ELA,2.35,-0.13
January,2021,Trunkline-WLA,2.35,-0.13
January,2021,Trunkline-Z1A,2.3,-0.18
January,2021,TW-Blanco,2.67,0.19
January,2021,TW-Central,,
January,2021,TW-Panhandle,2.34,-0.14
January,2021,TW-WTX,,
January,2021,Union-Dawn,2.33,-0.15
January,2021,Waha,2.49,0.01
January,2021,White River Hub,,
January,2021,WIC,,
January,2021,0,,
January,2021,0,,
January,2021,0,,
January,2021,0,,
February,2021,AB Pool (inter),,
February,2021,AB Pool (intra),,
February,2021,AGT-CG,,
February,2021,AGT-CG (non-G),5.05,2.28
February,2021,Agua Dulce Hub,,
February,2021,ANR-Joliet Hub,,
February,2021,ANR-SE,,
February,2021,ANR-SE-T,2.7,-0.07
February,2021,ANR-SW,2.63,-0.14
February,2021,APC-ACE,,
February,2021,APC-ANR,,
February,2021,APC-MGTC,,
February,2021,APC-NGPL,,
February,2021,APC-Nicor,,
February,2021,APC-VPC,,
February,2021,Arena WTX Pool,,
February,2021,Atmos Zone 3,,
February,2021,Banquete Hub,,
February,2021,Bay Gas Storage,,
February,2021,Bennington,,
February,2021,Beverly Salem,,
February,2021,Bluewater Hub,,
February,2021,Bobcat Inter,,
February,2021,Bobcat Stor,,
February,2021,Carthage,,
February,2021,CG-Mainline,2.59,-0.18
February,2021,CG-Onshore,2.68,-0.09
February,2021,Cheyenne,2.51,-0.26
February,2021,Chicago,2.6,-0.17
February,2021,CIG-Mainline,2.4,-0.37
February,2021,CIG-Mainline Pool,,
February,2021,CIG-Mainline South,,
February,2021,Clarington,,
February,2021,Clarington-Tenn,,
February,2021,Consumers,2.67,-0.1
February,2021,Cove Point,,
February,2021,Dracut,,
February,2021,Eastern Gas-North,,
February,2021,Eastern Gas-South,,
February,2021,Egan Inter,,
February,2021,Egan Stor,,
February,2021,EGT-Flex,,
February,2021,EGT-North,,
February,2021,EGT-Perryville Hub,2.61,-0.16
February,2021,EGT-South,,
February,2021,EGT-West,,
February,2021,Enable East Pool,,
February,2021,Enable West Pool ,,
February,2021,ENT-STX Map,,
February,2021,EP-Anadarko,,
February,2021,EP-Keystone,,
February,2021,EP-Plains Pool,,
February,2021,EP-S.Mainline,,
February,2021,EP-SJ Blanco Pool,2.65,-0.12
February,2021,EP-SJ Bondad Stn,,
February,2021,EP-Waha Pool,2.5,-0.27
February,2021,ETC-Cleburne,,
February,2021,ETC-Maypearl,,
February,2021,ETC-Tiger Gas (receipt),,
February,2021,FGT-CG,,
February,2021,FGT-Z1,2.73,-0.04
February,2021,FGT-Z2,2.72,-0.05
February,2021,FGT-Z3,2.78,0.01
February,2021,GCX Waha Hub,,
February,2021,Gillis Hub,,
February,2021,GLGT-St.Clair,,
February,2021,Golden Triangle,,
February,2021,GTN-Kingsgate,,
February,2021,GTN-Malin,,
February,2021,GTN-Stanfield,,
February,2021,Guardian Hub,,
February,2021,Gulf S. Pool 16,,
February,2021,Gulf South - Perryville,,
February,2021,Henry,2.77,0.0
February,2021,HPL-ETX Pool,,
February,2021,HSC-HPL Pool,2.77,0.0
February,2021,HSC-Kinder Morgan,,
February,2021,Iroquois (into),3.38,0.61
February,2021,Iroquois-Z1,,
February,2021,Iroquois-Z2,5.0,2.23
February,2021,Iroquois-Z2 Hunts Pt,,
February,2021,Jefferson Island,,
February,2021,Katy-Enstor Pool,2.75,-0.02
February,2021,Katy-Lonestar Inter,,
February,2021,Katy-Lonestar Intra,,
February,2021,Katy-Oasis,,
February,2021,KRGT-Del Pool,3.19,0.42
February,2021,KRGT-Rec Pool,,
February,2021,Lebanon,2.62,-0.15
February,2021,Leidy,,
February,2021,Leidy-Transco,2.28,-0.49
February,2021,M&N US,,
February,2021,MEP-Lamar,,
February,2021,Michcon,2.59,-0.18
February,2021,Midship (receipt),,
February,2021,Millennium,,
February,2021,Millennium East Pool,2.35,-0.42
February,2021,Millennium-Ramapo,,
February,2021,Moss Bluff Inter,,
February,2021,Moss Bluff Stor,,
February,2021,MS Hub,,
February,2021,NBPL-Bakken (receipt),,
February,2021,NBPL-Harper,,
February,2021,NBPL-Nicor,2.72,-0.05
February,2021,NBPL-Vector,,
February,2021,NBPL-Ventura,2.77,0.0
February,2021,NBPL-Will County,,
February,2021,NGPL-AM Pool,,
February,2021,NGPL-AM Stor,,
February,2021,NGPL-GC Mainline,,
February,2021,NGPL-IA/IL AM Pool,,
February,2021,NGPL-IA/IL AM Stor,,
February,2021,NGPL-IA/IL GC Pool,,
February,2021,NGPL-IA/IL GC Stor,,
February,2021,NGPL-LA Pool,,
February,2021,NGPL-LA Stor,,
February,2021,NGPL-MidAm,,
February,2021,NGPL-Midcont Pool,2.6,-0.17
February,2021,NGPL-Midcont Stor,,
February,2021,NGPL-Nicor,2.72,-0.05
February,2021,NGPL-Nipsco,2.5,-0.27
February,2021,NGPL-STX,2.73,-0.04
February,2021,NGPL-TXOK East,2.62,-0.15
February,2021,NGPL-TXOK East Stor,2.62,-0.15
February,2021,NGPL-TXOK West,2.62,-0.15
February,2021,NNG-Demarc,2.69,-0.08
February,2021,NNG-Mid 13-16A,,
February,2021,NNG-Mid 1-7,,
February,2021,NNG-Mid 8-12,,
February,2021,NNG-Ventura,2.68,-0.09
February,2021,Nortex-Tolar Hub,,
February,2021,NWP-Rocky Mtn,2.75,-0.02
February,2021,NWP-Sumas,2.76,-0.01
February,2021,NWP-Wyoming,,
February,2021,Oasis - Waha Pool,,
February,2021,OGT,,
February,2021,ONEOK Westex,2.63,-0.14
February,2021,Opal,,
February,2021,Panhandle,2.54,-0.23
February,2021,PG&E-Citygate,3.55,0.78
February,2021,PG&E-Daggett,,
February,2021,PG&E-KRS,,
February,2021,PG&E-Topock,,
February,2021,PGLC,2.76,-0.01
February,2021,Pine Prairie,2.7,-0.07
February,2021,Pioneer,,
February,2021,PNGTS,,
February,2021,Questar-North,,
February,2021,Questar-South,,
February,2021,REX Cheyenne Comp Pool,,
February,2021,REX E-ANR,,
February,2021,REX E-MidW,,
February,2021,REX E-NGPL,,
February,2021,REX E-PEPL,,
February,2021,REX E-Trunk,,
February,2021,REX W-ANR,,
February,2021,REX W-NGPL,,
February,2021,REX W-NNG,,
February,2021,REX W-PEPL,,
February,2021,REX-Z3 (receipt) ,,
February,2021,REX-Z3 Del Pool,2.66,-0.11
February,2021,Rover (receipt),,
February,2021,Rover-ANR,2.65,-0.12
February,2021,Rover-PEPL,2.65,-0.12
February,2021,Ruby-Onyx Hill,,
February,2021,Ruby-Rec Pool,,
February,2021,Ryckman Creek Stor,,
February,2021,Salt Plains Inter,,
February,2021,Salt Plains Stor,,
February,2021,Socal-Blythe,,
February,2021,Socal-Border,2.99,0.22
February,2021,Socal-Citygate,3.68,0.91
February,2021,Socal-Ehrenberg,,
February,2021,Socal-Firm Stor,,
February,2021,Socal-IT Stor,,
February,2021,Socal-Kramer,,
February,2021,Socal-KRS,,
February,2021,Socal-Needles,,
February,2021,Socal-Storage,,
February,2021,Socal-Topock (EP),,
February,2021,Socal-Topock (TW),,
February,2021,Socal-WR,,
February,2021,Sonat-Z0 South,2.71,-0.06
February,2021,Sonat-Z1 North,,
February,2021,Southern Pines Hub,,
February,2021,Southern Star,2.52,-0.25
February,2021,Spectra - Hunt,,
February,2021,Stagecoach ,,
February,2021,Stingray,,
February,2021,TCO,2.46,-0.31
February,2021,TCO-A04 Pool,,
February,2021,TCO-A06 Pool,,
February,2021,TCO-A08 Pool,,
February,2021,TCO-Seg Pool,,
February,2021,TETCO-ELA,2.64,-0.13
February,2021,TETCO-ETX,2.57,-0.2
February,2021,TETCO-M1 24,,
February,2021,TETCO-M1 30,2.63,-0.14
February,2021,TETCO-M2,,
February,2021,TETCO-M2 (receipt),2.39,-0.38
February,2021,TETCO-M3,2.98,0.21
February,2021,TETCO-Manhattan,,
February,2021,TETCO-STX,2.72,-0.05
February,2021,TETCO-WLA,2.69,-0.08
February,2021,TGP-500L,2.69,-0.08
February,2021,TGP-800L,2.68,-0.09
February,2021,TGP-Mahwah,,
February,2021,TGP-Niagara,2.57,-0.2
February,2021,TGP-Z0 Border Pool,2.68,-0.09
February,2021,TGP-Z0 North,2.68,-0.09
February,2021,TGP-Z0 South,2.68,-0.09
February,2021,TGP-Z1 100L,,
February,2021,TGP-Z1 800L Pool,,
February,2021,TGP-Z1 Sta-87,,
February,2021,TGP-Z4 300L,2.28,-0.49
February,2021,TGP-Z4 Marcellus,2.28,-0.49
February,2021,TGP-Z4 Sta-219,,
February,2021,TGP-Z4 Sta-313,2.32,-0.45
February,2021,TGP-Z5 200L,2.56,-0.21
February,2021,TGP-Z6 200L,5.07,2.3
February,2021,TGP-Z6 200L North,,
February,2021,TGP-Z6 200L South,5.07,2.3
February,2021,TGP-Z6 300L,,
February,2021,TGT-Mainline,2.64,-0.13
February,2021,TGT-North LA,,
February,2021,TGT-SL,2.68,-0.09
February,2021,Transco Zn3,2.72,-0.05
February,2021,Transco-165,,
February,2021,Transco-30,2.71,-0.06
February,2021,Transco-45,2.73,-0.04
February,2021,Transco-65,,
February,2021,Transco-85,2.74,-0.03
February,2021,Transco-River Road,,
February,2021,Transco-Z5,3.26,0.49
February,2021,Transco-Z5 North,,
February,2021,Transco-Z5 South,3.26,0.49
February,2021,Transco-Z6 (non-NY north ML),,
February,2021,Transco-Z6 (non-NY north),3.0,0.23
February,2021,Transco-Z6 (non-NY south),,
February,2021,Transco-Z6 (non-NY),3.27,0.5
February,2021,Transco-Z6 (NY),3.27,0.5
February,2021,Transco-Z6 Sta-210,,
February,2021,Tres Palacios (inj),,
February,2021,Tres Palacios (w/d),,
February,2021,Trunkline-ELA,2.72,-0.05
February,2021,Trunkline-WLA,2.72,-0.05
February,2021,Trunkline-Z1A,2.64,-0.13
February,2021,TW-Blanco,2.72,-0.05
February,2021,TW-Central,,
February,2021,TW-Panhandle,2.4,-0.37
February,2021,TW-WTX,,
February,2021,Union-Dawn,2.65,-0.12
February,2021,Waha,2.49,-0.28
February,2021,White River Hub,,
February,2021,WIC,,
February,2021,0,,
February,2021,0,,
February,2021,0,,
February,2021,0,,
March,2021,AB Pool (inter),,
March,2021,AB Pool (intra),,
March,2021,AGT-CG,,
March,2021,AGT-CG (non-G),3.74,0.87
March,2021,Agua Dulce Hub,,
March,2021,ANR-Joliet Hub,,
March,2021,ANR-SE,,
March,2021,ANR-SE-T,2.8,-0.07
March,2021,ANR-SW,2.94,0.07
March,2021,APC-ACE,,
March,2021,APC-ANR,,
March,2021,APC-MGTC,,
March,2021,APC-NGPL,,
March,2021,APC-Nicor,,
March,2021,APC-VPC,,
March,2021,Arena WTX Pool,,
March,2021,Atmos Zone 3,,
March,2021,Banquete Hub,,
March,2021,Bay Gas Storage,,
March,2021,Bennington,,
March,2021,Beverly Salem,,
March,2021,Bluewater Hub,,
March,2021,Bobcat Inter,,
March,2021,Bobcat Stor,,
March,2021,Carthage,,
March,2021,CG-Mainline,2.71,-0.16
March,2021,CG-Onshore,2.79,-0.08
March,2021,Cheyenne,2.85,-0.02
March,2021,Chicago,2.91,0.04
March,2021,CIG-Mainline,2.86,-0.01
March,2021,CIG-Mainline Pool,,
March,2021,CIG-Mainline South,,
March,2021,Clarington,,
March,2021,Clarington-Tenn,,
March,2021,Consumers,2.85,-0.02
March,2021,Cove Point,,
March,2021,Dracut,,
March,2021,Eastern Gas-North,,
March,2021,Eastern Gas-South,,
March,2021,Egan Inter,,
March,2021,Egan Stor,,
March,2021,EGT-Flex,,
March,2021,EGT-North,,
March,2021,EGT-Perryville Hub,2.92,0.05
March,2021,EGT-South,,
March,2021,EGT-West,,
March,2021,Enable East Pool,,
March,2021,Enable West Pool ,,
March,2021,ENT-STX Map,,
March,2021,EP-Anadarko,,
March,2021,EP-Keystone,,
March,2021,EP-Plains Pool,,
March,2021,EP-S.Mainline,,
March,2021,EP-SJ Blanco Pool,2.97,0.1
March,2021,EP-SJ Bondad Stn,,
March,2021,EP-Waha Pool,2.99,0.12
March,2021,ETC-Cleburne,,
March,2021,ETC-Maypearl,,
March,2021,ETC-Tiger Gas (receipt),,
March,2021,FGT-CG,,
March,2021,FGT-Z1,2.81,-0.06
March,2021,FGT-Z2,2.84,-0.03
March,2021,FGT-Z3,2.92,0.05
March,2021,GCX Waha Hub,,
March,2021,Gillis Hub,,
March,2021,GLGT-St.Clair,,
March,2021,Golden Triangle,,
March,2021,GTN-Kingsgate,,
March,2021,GTN-Malin,,
March,2021,GTN-Stanfield,,
March,2021,Guardian Hub,,
March,2021,Gulf S. Pool 16,,
March,2021,Gulf South - Perryville,,
March,2021,Henry,2.87,0.0
March,2021,HPL-ETX Pool,,
March,2021,HSC-HPL Pool,2.9,0.03
March,2021,HSC-Kinder Morgan,,
March,2021,Iroquois (into),3.08,0.21
March,2021,Iroquois-Z1,,
March,2021,Iroquois-Z2,3.33,0.46
March,2021,Iroquois-Z2 Hunts Pt,,
March,2021,Jefferson Island,,
March,2021,Katy-Enstor Pool,2.98,0.11
March,2021,Katy-Lonestar Inter,,
March,2021,Katy-Lonestar Intra,,
March,2021,Katy-Oasis,,
March,2021,KRGT-Del Pool,3.72,0.85
March,2021,KRGT-Rec Pool,,
March,2021,Lebanon,2.72,-0.15
March,2021,Leidy,,
March,2021,Leidy-Transco,2.2,-0.67
March,2021,M&N US,,
March,2021,MEP-Lamar,,
March,2021,Michcon,2.73,-0.14
March,2021,Midship (receipt),,
March,2021,Millennium,,
March,2021,Millennium East Pool,2.41,-0.46
March,2021,Millennium-Ramapo,,
March,2021,Moss Bluff Inter,,
March,2021,Moss Bluff Stor,,
March,2021,MS Hub,,
March,2021,NBPL-Bakken (receipt),,
March,2021,NBPL-Harper,,
March,2021,NBPL-Nicor,2.91,0.04
March,2021,NBPL-Vector,,
March,2021,NBPL-Ventura,2.9,0.03
March,2021,NBPL-Will County,,
March,2021,NGPL-AM Pool,,
March,2021,NGPL-AM Stor,,
March,2021,NGPL-GC Mainline,,
March,2021,NGPL-IA/IL AM Pool,,
March,2021,NGPL-IA/IL AM Stor,,
March,2021,NGPL-IA/IL GC Pool,,
March,2021,NGPL-IA/IL GC Stor,,
March,2021,NGPL-LA Pool,,
March,2021,NGPL-LA Stor,,
March,2021,NGPL-MidAm,,
March,2021,NGPL-Midcont Pool,2.86,-0.01
March,2021,NGPL-Midcont Stor,,
March,2021,NGPL-Nicor,2.91,0.04
March,2021,NGPL-Nipsco,2.94,0.07
March,2021,NGPL-STX,2.86,-0.01
March,2021,NGPL-TXOK East,2.76,-0.11
March,2021,NGPL-TXOK East Stor,2.76,-0.11
March,2021,NGPL-TXOK West,2.76,-0.11
March,2021,NNG-Demarc,2.85,-0.02
March,2021,NNG-Mid 13-16A,,
March,2021,NNG-Mid 1-7,,
March,2021,NNG-Mid 8-12,,
March,2021,NNG-Ventura,2.84,-0.03
March,2021,Nortex-Tolar Hub,,
March,2021,NWP-Rocky Mtn,3.04,0.17
March,2021,NWP-Sumas,2.93,0.06
March,2021,NWP-Wyoming,,
March,2021,Oasis - Waha Pool,,
March,2021,OGT,,
March,2021,ONEOK Westex,3.17,0.3
March,2021,Opal,,
March,2021,Panhandle,2.82,-0.05
March,2021,PG&E-Citygate,3.82,0.95
March,2021,PG&E-Daggett,,
March,2021,PG&E-KRS,,
March,2021,PG&E-Topock,,
March,2021,PGLC,2.87,0.0
March,2021,Pine Prairie,2.83,-0.04
March,2021,Pioneer,,
March,2021,PNGTS,,
March,2021,Questar-North,,
March,2021,Questar-South,,
March,2021,REX Cheyenne Comp Pool,,
March,2021,REX E-ANR,,
March,2021,REX E-MidW,,
March,2021,REX E-NGPL,,
March,2021,REX E-PEPL,,
March,2021,REX E-Trunk,,
March,2021,REX W-ANR,,
March,2021,REX W-NGPL,,
March,2021,REX W-NNG,,
March,2021,REX W-PEPL,,
March,2021,REX-Z3 (receipt) ,,
March,2021,REX-Z3 Del Pool,2.75,-0.12
March,2021,Rover (receipt),,
March,2021,Rover-ANR,2.77,-0.1
March,2021,Rover-PEPL,2.77,-0.1
March,2021,Ruby-Onyx Hill,,
March,2021,Ruby-Rec Pool,,
March,2021,Ryckman Creek Stor,,
March,2021,Salt Plains Inter,,
March,2021,Salt Plains Stor,,
March,2021,Socal-Blythe,,
March,2021,Socal-Border,3.46,0.59
March,2021,Socal-Citygate,4.09,1.22
March,2021,Socal-Ehrenberg,,
March,2021,Socal-Firm Stor,,
March,2021,Socal-IT Stor,,
March,2021,Socal-Kramer,,
March,2021,Socal-KRS,,
March,2021,Socal-Needles,,
March,2021,Socal-Storage,,
March,2021,Socal-Topock (EP),,
March,2021,Socal-Topock (TW),,
March,2021,Socal-WR,,
March,2021,Sonat-Z0 South,2.82,-0.05
March,2021,Sonat-Z1 North,,
March,2021,Southern Pines Hub,,
March,2021,Southern Star,3.07,0.2
March,2021,Spectra - Hunt,,
March,2021,Stagecoach ,,
March,2021,Stingray,,
March,2021,TCO,2.51,-0.36
March,2021,TCO-A04 Pool,,
March,2021,TCO-A06 Pool,,
March,2021,TCO-A08 Pool,,
March,2021,TCO-Seg Pool,,
March,2021,TETCO-ELA,2.65,-0.22
March,2021,TETCO-ETX,2.65,-0.22
March,2021,TETCO-M1 24,,
March,2021,TETCO-M1 30,2.65,-0.22
March,2021,TETCO-M2,,
March,2021,TETCO-M2 (receipt),2.3,-0.57
March,2021,TETCO-M3,2.52,-0.35
March,2021,TETCO-Manhattan,,
March,2021,TETCO-STX,2.8,-0.07
March,2021,TETCO-WLA,2.77,-0.1
March,2021,TGP-500L,2.79,-0.08
March,2021,TGP-800L,2.77,-0.1
March,2021,TGP-Mahwah,,
March,2021,TGP-Niagara,2.69,-0.18
March,2021,TGP-Z0 Border Pool,2.78,-0.09
March,2021,TGP-Z0 North,2.78,-0.09
March,2021,TGP-Z0 South,2.78,-0.09
March,2021,TGP-Z1 100L,,
March,2021,TGP-Z1 800L Pool,,
March,2021,TGP-Z1 Sta-87,,
March,2021,TGP-Z4 300L,2.19,-0.68
March,2021,TGP-Z4 Marcellus,2.19,-0.68
March,2021,TGP-Z4 Sta-219,,
March,2021,TGP-Z4 Sta-313,2.28,-0.59
March,2021,TGP-Z5 200L,2.61,-0.26
March,2021,TGP-Z6 200L,4.05,1.18
March,2021,TGP-Z6 200L North,4.59,1.72
March,2021,TGP-Z6 200L South,4.05,1.18
March,2021,TGP-Z6 300L,,
March,2021,TGT-Mainline,2.72,-0.15
March,2021,TGT-North LA,,
March,2021,TGT-SL,2.76,-0.11
March,2021,Transco Zn3,2.83,-0.04
March,2021,Transco-165,,
March,2021,Transco-30,2.81,-0.06
March,2021,Transco-45,2.82,-0.05
March,2021,Transco-65,,
March,2021,Transco-85,2.87,0.0
March,2021,Transco-River Road,,
March,2021,Transco-Z5,3.01,0.14
March,2021,Transco-Z5 North,,
March,2021,Transco-Z5 South,3.01,0.14
March,2021,Transco-Z6 (non-NY north ML),,
March,2021,Transco-Z6 (non-NY north),2.51,-0.36
March,2021,Transco-Z6 (non-NY south),,
March,2021,Transco-Z6 (non-NY),2.51,-0.36
March,2021,Transco-Z6 (NY),2.58,-0.29
March,2021,Transco-Z6 Sta-210,,
March,2021,Tres Palacios (inj),,
March,2021,Tres Palacios (w/d),,
March,2021,Trunkline-ELA,2.83,-0.04
March,2021,Trunkline-WLA,2.83,-0.04
March,2021,Trunkline-Z1A,2.74,-0.13
March,2021,TW-Blanco,3.02,0.15
March,2021,TW-Central,,
March,2021,TW-Panhandle,2.89,0.02
March,2021,TW-WTX,,
March,2021,Union-Dawn,2.81,-0.06
March,2021,Waha,3.0,0.13
March,2021,White River Hub,,
March,2021,WIC,,
March,2021,0,,
March,2021,0,,
March,2021,0,,
March,2021,0,,
April,2021,AB Pool (inter),,
April,2021,AB Pool (intra),,
April,2021,AGT-CG,,
April,2021,AGT-CG (non-G),2.25,-0.34
April,2021,Agua Dulce Hub,,
April,2021,ANR-Joliet Hub,,
April,2021,ANR-SE,,
April,2021,ANR-SE-T,2.51,-0.08
April,2021,ANR-SW,2.39,-0.2
April,2021,APC-ACE,,
April,2021,APC-ANR,,
April,2021,APC-MGTC,,
April,2021,APC-NGPL,,
April,2021,APC-Nicor,,
April,2021,APC-VPC,,
April,2021,Arena WTX Pool,,
April,2021,Atmos Zone 3,,
April,2021,Banquete Hub,,
April,2021,Bay Gas Storage,,
April,2021,Bennington,,
April,2021,Beverly Salem,,
April,2021,Bluewater Hub,,
April,2021,Bobcat Inter,,
April,2021,Bobcat Stor,,
April,2021,Carthage,,
April,2021,CG-Mainline,2.33,-0.26
April,2021,CG-Onshore,2.5,-0.09
April,2021,Cheyenne,2.3,-0.29
April,2021,Chicago,2.56,-0.03
April,2021,CIG-Mainline,2.24,-0.35
April,2021,CIG-Mainline Pool,,
April,2021,CIG-Mainline South,,
April,2021,Clarington,,
April,2021,Clarington-Tenn,,
April,2021,Consumers,2.51,-0.08
April,2021,Cove Point,,
April,2021,Dracut,,
April,2021,Eastern Gas-North,,
April,2021,Eastern Gas-South,,
April,2021,Egan Inter,,
April,2021,Egan Stor,,
April,2021,EGT-Flex,,
April,2021,EGT-North,,
April,2021,EGT-Perryville Hub,2.32,-0.27
April,2021,EGT-South,,
April,2021,EGT-West,,
April,2021,Enable East Pool,,
April,2021,Enable West Pool ,,
April,2021,ENT-STX Map,,
April,2021,EP-Anadarko,,
April,2021,EP-Keystone,,
April,2021,EP-Plains Pool,,
April,2021,EP-S.Mainline,,
April,2021,EP-SJ Blanco Pool,2.38,-0.21
April,2021,EP-SJ Bondad Stn,,
April,2021,EP-Waha Pool,2.37,-0.22
April,2021,ETC-Cleburne,,
April,2021,ETC-Maypearl,,
April,2021,ETC-Tiger Gas (receipt),,
April,2021,FGT-CG,,
April,2021,FGT-Z1,2.53,-0.06
April,2021,FGT-Z2,2.57,-0.02
April,2021,FGT-Z3,2.63,0.04
April,2021,GCX Waha Hub,,
April,2021,Gillis Hub,,
April,2021,GLGT-St.Clair,,
April,2021,Golden Triangle,,
April,2021,GTN-Kingsgate,,
April,2021,GTN-Malin,,
April,2021,GTN-Stanfield,,
April,2021,Guardian Hub,,
April,2021,Gulf S. Pool 16,,
April,2021,Gulf South - Perryville,,
April,2021,Henry,2.59,0.0
April,2021,HPL-ETX Pool,,
April,2021,HSC-HPL Pool,2.55,-0.04
April,2021,HSC-Kinder Morgan,,
April,2021,Iroquois (into),2.44,-0.15
April,2021,Iroquois-Z1,,
April,2021,Iroquois-Z2,2.45,-0.14
April,2021,Iroquois-Z2 Hunts Pt,,
April,2021,Jefferson Island,,
April,2021,Katy-Enstor Pool,2.55,-0.04
April,2021,Katy-Lonestar Inter,,
April,2021,Katy-Lonestar Intra,,
April,2021,Katy-Oasis,,
April,2021,KRGT-Del Pool,2.64,0.05
April,2021,KRGT-Rec Pool,,
April,2021,Lebanon,2.39,-0.2
April,2021,Leidy,,
April,2021,Leidy-Transco,1.79,-0.8
April,2021,M&N US,,
April,2021,MEP-Lamar,,
April,2021,Michcon,2.46,-0.13
April,2021,Midship (receipt),,
April,2021,Millennium,,
April,2021,Millennium East Pool,1.83,-0.76
April,2021,Millennium-Ramapo,,
April,2021,Moss Bluff Inter,,
April,2021,Moss Bluff Stor,,
April,2021,MS Hub,,
April,2021,NBPL-Bakken (receipt),,
April,2021,NBPL-Harper,,
April,2021,NBPL-Nicor,2.65,0.06
April,2021,NBPL-Vector,,
April,2021,NBPL-Ventura,2.41,-0.18
April,2021,NBPL-Will County,,
April,2021,NGPL-AM Pool,,
April,2021,NGPL-AM Stor,,
April,2021,NGPL-GC Mainline,,
April,2021,NGPL-IA/IL AM Pool,,
April,2021,NGPL-IA/IL AM Stor,,
April,2021,NGPL-IA/IL GC Pool,,
April,2021,NGPL-IA/IL GC Stor,,
April,2021,NGPL-LA Pool,,
April,2021,NGPL-LA Stor,,
April,2021,NGPL-MidAm,,
April,2021,NGPL-Midcont Pool,2.39,-0.2
April,2021,NGPL-Midcont Stor,,
April,2021,NGPL-Nicor,2.65,0.06
April,2021,NGPL-Nipsco,2.45,-0.14
April,2021,NGPL-STX,2.53,-0.06
April,2021,NGPL-TXOK East,2.43,-0.16
April,2021,NGPL-TXOK East Stor,2.43,-0.16
April,2021,NGPL-TXOK West,2.43,-0.16
April,2021,NNG-Demarc,2.39,-0.2
April,2021,NNG-Mid 13-16A,,
April,2021,NNG-Mid 1-7,,
April,2021,NNG-Mid 8-12,,
April,2021,NNG-Ventura,2.37,-0.22
April,2021,Nortex-Tolar Hub,,
April,2021,NWP-Rocky Mtn,2.41,-0.18
April,2021,NWP-Sumas,2.5,-0.09
April,2021,NWP-Wyoming,,
April,2021,Oasis - Waha Pool,,
April,2021,OGT,,
April,2021,ONEOK Westex,2.38,-0.21
April,2021,Opal,,
April,2021,Panhandle,2.3,-0.29
April,2021,PG&E-Citygate,3.61,1.02
April,2021,PG&E-Daggett,,
April,2021,PG&E-KRS,,
April,2021,PG&E-Topock,,
April,2021,PGLC,2.45,-0.14
April,2021,Pine Prairie,2.51,-0.08
April,2021,Pioneer,,
April,2021,PNGTS,,
April,2021,Questar-North,,
April,2021,Questar-South,,
April,2021,REX Cheyenne Comp Pool,,
April,2021,REX E-ANR,,
April,2021,REX E-MidW,,
April,2021,REX E-NGPL,,
April,2021,REX E-PEPL,,
April,2021,REX E-Trunk,,
April,2021,REX W-ANR,,
April,2021,REX W-NGPL,,
April,2021,REX W-NNG,,
April,2021,REX W-PEPL,,
April,2021,REX-Z3 (receipt) ,,
April,2021,REX-Z3 Del Pool,2.37,-0.22
April,2021,Rover (receipt),,
April,2021,Rover-ANR,2.33,-0.26
April,2021,Rover-PEPL,2.33,-0.26
April,2021,Ruby-Onyx Hill,,
April,2021,Ruby-Rec Pool,,
April,2021,Ryckman Creek Stor,,
April,2021,Salt Plains Inter,,
April,2021,Salt Plains Stor,,
April,2021,Socal-Blythe,,
April,2021,Socal-Border,2.54,-0.05
April,2021,Socal-Citygate,2.95,0.36
April,2021,Socal-Ehrenberg,,
April,2021,Socal-Firm Stor,,
April,2021,Socal-IT Stor,,
April,2021,Socal-Kramer,,
April,2021,Socal-KRS,,
April,2021,Socal-Needles,,
April,2021,Socal-Storage,,
April,2021,Socal-Topock (EP),,
April,2021,Socal-Topock (TW),,
April,2021,Socal-WR,,
April,2021,Sonat-Z0 South,2.53,-0.06
April,2021,Sonat-Z1 North,,
April,2021,Southern Pines Hub,,
April,2021,Southern Star,2.38,-0.21
April,2021,Spectra - Hunt,,
April,2021,Stagecoach ,,
April,2021,Stingray,,
April,2021,TCO,2.12,-0.47
April,2021,TCO-A04 Pool,,
April,2021,TCO-A06 Pool,,
April,2021,TCO-A08 Pool,,
April,2021,TCO-Seg Pool,,
April,2021,TETCO-ELA,2.34,-0.25
April,2021,TETCO-ETX,2.38,-0.21
April,2021,TETCO-M1 24,,
April,2021,TETCO-M1 30,2.42,-0.17
April,2021,TETCO-M2,,
April,2021,TETCO-M2 (receipt),1.88,-0.71
April,2021,TETCO-M3,2.0,-0.59
April,2021,TETCO-Manhattan,,
April,2021,TETCO-STX,2.53,-0.06
April,2021,TETCO-WLA,2.52,-0.07
April,2021,TGP-500L,2.52,-0.07
April,2021,TGP-800L,2.48,-0.11
April,2021,TGP-Mahwah,,
April,2021,TGP-Niagara,2.26,-0.33
April,2021,TGP-Z0 Border Pool,2.44,-0.15
April,2021,TGP-Z0 North,2.44,-0.15
April,2021,TGP-Z0 South,2.44,-0.15
April,2021,TGP-Z1 100L,,
April,2021,TGP-Z1 800L Pool,,
April,2021,TGP-Z1 Sta-87,,
April,2021,TGP-Z4 300L,1.74,-0.85
April,2021,TGP-Z4 Marcellus,1.74,-0.85
April,2021,TGP-Z4 Sta-219,,
April,2021,TGP-Z4 Sta-313,2.01,-0.58
April,2021,TGP-Z5 200L,2.18,-0.41
April,2021,TGP-Z6 200L,2.23,-0.36
April,2021,TGP-Z6 200L North,,
April,2021,TGP-Z6 200L South,2.23,-0.36
April,2021,TGP-Z6 300L,,
April,2021,TGT-Mainline,2.37,-0.22
April,2021,TGT-North LA,,
April,2021,TGT-SL,2.41,-0.18
April,2021,Transco Zn3,2.52,-0.07
April,2021,Transco-165,,
April,2021,Transco-30,2.52,-0.07
April,2021,Transco-45,2.54,-0.05
April,2021,Transco-65,,
April,2021,Transco-85,2.53,-0.06
April,2021,Transco-River Road,,
April,2021,Transco-Z5,2.59,0.0
April,2021,Transco-Z5 North,,
April,2021,Transco-Z5 South,2.59,0.0
April,2021,Transco-Z6 (non-NY north ML),,
April,2021,Transco-Z6 (non-NY north),1.94,-0.65
April,2021,Transco-Z6 (non-NY south),,
April,2021,Transco-Z6 (non-NY),1.94,-0.65
April,2021,Transco-Z6 (NY),2.01,-0.58
April,2021,Transco-Z6 Sta-210,,
April,2021,Tres Palacios (inj),,
April,2021,Tres Palacios (w/d),,
April,2021,Trunkline-ELA,2.48,-0.11
April,2021,Trunkline-WLA,2.48,-0.11
April,2021,Trunkline-Z1A,2.34,-0.25
April,2021,TW-Blanco,2.42,-0.17
April,2021,TW-Central,,
April,2021,TW-Panhandle,2.28,-0.31
April,2021,TW-WTX,,
April,2021,Union-Dawn,2.45,-0.14
April,2021,Waha,2.37,-0.22
April,2021,White River Hub,,
April,2021,WIC,,
April,2021,0,,
April,2021,0,,
April,2021,0,,
April,2021,0,,
May,2021,AB Pool (inter),,
May,2021,AB Pool (intra),,
May,2021,AGT-CG,,
May,2021,AGT-CG (non-G),2.29,-0.64
May,2021,Agua Dulce Hub,,
May,2021,ANR-Joliet Hub,,
May,2021,ANR-SE,,
May,2021,ANR-SE-T,2.88,-0.05
May,2021,ANR-SW,2.75,-0.18
May,2021,APC-ACE,,
May,2021,APC-ANR,,
May,2021,APC-MGTC,,
May,2021,APC-NGPL,,
May,2021,APC-Nicor,,
May,2021,APC-VPC,,
May,2021,Arena WTX Pool,,
May,2021,Atmos Zone 3,,
May,2021,Banquete Hub,,
May,2021,Bay Gas Storage,,
May,2021,Bennington,,
May,2021,Beverly Salem,,
May,2021,Bluewater Hub,,
May,2021,Bobcat Inter,,
May,2021,Bobcat Stor,,
May,2021,Carthage,,
May,2021,CG-Mainline,2.63,-0.3
May,2021,CG-Onshore,2.84,-0.09
May,2021,Cheyenne,2.65,-0.28
May,2021,Chicago,2.81,-0.12
May,2021,CIG-Mainline,2.56,-0.37
May,2021,CIG-Mainline Pool,,
May,2021,CIG-Mainline South,,
May,2021,Clarington,,
May,2021,Clarington-Tenn,,
May,2021,Consumers,2.86,-0.07
May,2021,Cove Point,,
May,2021,Dracut,,
May,2021,Eastern Gas-North,,
May,2021,Eastern Gas-South,,
May,2021,Egan Inter,,
May,2021,Egan Stor,,
May,2021,EGT-Flex,,
May,2021,EGT-North,,
May,2021,EGT-Perryville Hub,2.7,-0.23
May,2021,EGT-South,,
May,2021,EGT-West,,
May,2021,Enable East Pool,,
May,2021,Enable West Pool ,,
May,2021,ENT-STX Map,,
May,2021,EP-Anadarko,,
May,2021,EP-Keystone,,
May,2021,EP-Plains Pool,,
May,2021,EP-S.Mainline,,
May,2021,EP-SJ Blanco Pool,2.68,-0.25
May,2021,EP-SJ Bondad Stn,,
May,2021,EP-Waha Pool,2.66,-0.27
May,2021,ETC-Cleburne,,
May,2021,ETC-Maypearl,,
May,2021,ETC-Tiger Gas (receipt),,
May,2021,FGT-CG,,
May,2021,FGT-Z1,2.89,-0.04
May,2021,FGT-Z2,2.91,-0.02
May,2021,FGT-Z3,2.99,0.06
May,2021,GCX Waha Hub,,
May,2021,Gillis Hub,,
May,2021,GLGT-St.Clair,,
May,2021,Golden Triangle,,
May,2021,GTN-Kingsgate,,
May,2021,GTN-Malin,,
May,2021,GTN-Stanfield,,
May,2021,Guardian Hub,,
May,2021,Gulf S. Pool 16,,
May,2021,Gulf South - Perryville,,
May,2021,Henry,2.93,0.0
May,2021,HPL-ETX Pool,,
May,2021,HSC-HPL Pool,3.03,0.1
May,2021,HSC-Kinder Morgan,,
May,2021,Iroquois (into),2.6,-0.33
May,2021,Iroquois-Z1,,
May,2021,Iroquois-Z2,2.54,-0.39
May,2021,Iroquois-Z2 Hunts Pt,,
May,2021,Jefferson Island,,
May,2021,Katy-Enstor Pool,3.01,0.08
May,2021,Katy-Lonestar Inter,,
May,2021,Katy-Lonestar Intra,,
May,2021,Katy-Oasis,,
May,2021,KRGT-Del Pool,3.17,0.24
May,2021,KRGT-Rec Pool,,
May,2021,Lebanon,2.71,-0.22
May,2021,Leidy,,
May,2021,Leidy-Transco,1.14,-1.79
May,2021,M&N US,,
May,2021,MEP-Lamar,,
May,2021,Michcon,2.79,-0.14
May,2021,Midship (receipt),,
May,2021,Millennium,,
May,2021,Millennium East Pool,1.55,-1.38
May,2021,Millennium-Ramapo,,
May,2021,Moss Bluff Inter,,
May,2021,Moss Bluff Stor,,
May,2021,MS Hub,,
May,2021,NBPL-Bakken (receipt),,
May,2021,NBPL-Harper,,
May,2021,NBPL-Nicor,2.87,-0.06
May,2021,NBPL-Vector,,
May,2021,NBPL-Ventura,2.7,-0.23
May,2021,NBPL-Will County,,
May,2021,NGPL-AM Pool,,
May,2021,NGPL-AM Stor,,
May,2021,NGPL-GC Mainline,,
May,2021,NGPL-IA/IL AM Pool,,
May,2021,NGPL-IA/IL AM Stor,,
May,2021,NGPL-IA/IL GC Pool,,
May,2021,NGPL-IA/IL GC Stor,,
May,2021,NGPL-LA Pool,,
May,2021,NGPL-LA Stor,,
May,2021,NGPL-MidAm,,
May,2021,NGPL-Midcont Pool,2.68,-0.25
May,2021,NGPL-Midcont Stor,,
May,2021,NGPL-Nicor,2.87,-0.06
May,2021,NGPL-Nipsco,2.76,-0.17
May,2021,NGPL-STX,2.87,-0.06
May,2021,NGPL-TXOK East,2.77,-0.16
May,2021,NGPL-TXOK East Stor,2.77,-0.16
May,2021,NGPL-TXOK West,2.77,-0.16
May,2021,NNG-Demarc,2.75,-0.18
May,2021,NNG-Mid 13-16A,,
May,2021,NNG-Mid 1-7,,
May,2021,NNG-Mid 8-12,,
May,2021,NNG-Ventura,2.69,-0.24
May,2021,Nortex-Tolar Hub,,
May,2021,NWP-Rocky Mtn,2.8,-0.13
May,2021,NWP-Sumas,2.75,-0.18
May,2021,NWP-Wyoming,,
May,2021,Oasis - Waha Pool,,
May,2021,OGT,,
May,2021,ONEOK Westex,2.78,-0.15
May,2021,Opal,,
May,2021,Panhandle,2.65,-0.28
May,2021,PG&E-Citygate,4.14,1.21
May,2021,PG&E-Daggett,,
May,2021,PG&E-KRS,,
May,2021,PG&E-Topock,,
May,2021,PGLC,2.88,-0.05
May,2021,Pine Prairie,2.85,-0.08
May,2021,Pioneer,,
May,2021,PNGTS,,
May,2021,Questar-North,,
May,2021,Questar-South,,
May,2021,REX Cheyenne Comp Pool,,
May,2021,REX E-ANR,,
May,2021,REX E-MidW,,
May,2021,REX E-NGPL,,
May,2021,REX E-PEPL,,
May,2021,REX E-Trunk,,
May,2021,REX W-ANR,,
May,2021,REX W-NGPL,,
May,2021,REX W-NNG,,
May,2021,REX W-PEPL,,
May,2021,REX-Z3 (receipt) ,,
May,2021,REX-Z3 Del Pool,2.73,-0.2
May,2021,Rover (receipt),,
May,2021,Rover-ANR,2.73,-0.2
May,2021,Rover-PEPL,2.73,-0.2
May,2021,Ruby-Onyx Hill,,
May,2021,Ruby-Rec Pool,,
May,2021,Ryckman Creek Stor,,
May,2021,Salt Plains Inter,,
May,2021,Salt Plains Stor,,
May,2021,Socal-Blythe,,
May,2021,Socal-Border,2.86,-0.07
May,2021,Socal-Citygate,3.87,0.94
May,2021,Socal-Ehrenberg,,
May,2021,Socal-Firm Stor,,
May,2021,Socal-IT Stor,,
May,2021,Socal-Kramer,,
May,2021,Socal-KRS,,
May,2021,Socal-Needles,,
May,2021,Socal-Storage,,
May,2021,Socal-Topock (EP),,
May,2021,Socal-Topock (TW),,
May,2021,Socal-WR,,
May,2021,Sonat-Z0 South,2.87,-0.06
May,2021,Sonat-Z1 North,,
May,2021,Southern Pines Hub,,
May,2021,Southern Star,2.77,-0.16
May,2021,Spectra - Hunt,,
May,2021,Stagecoach ,,
May,2021,Stingray,,
May,2021,TCO,2.47,-0.46
May,2021,TCO-A04 Pool,,
May,2021,TCO-A06 Pool,,
May,2021,TCO-A08 Pool,,
May,2021,TCO-Seg Pool,,
May,2021,TETCO-ELA,2.78,-0.15
May,2021,TETCO-ETX,2.81,-0.12
May,2021,TETCO-M1 24,,
May,2021,TETCO-M1 30,2.78,-0.15
May,2021,TETCO-M2,,
May,2021,TETCO-M2 (receipt),2.08,-0.85
May,2021,TETCO-M3,2.2,-0.73
May,2021,TETCO-Manhattan,,
May,2021,TETCO-STX,3.01,0.08
May,2021,TETCO-WLA,2.88,-0.05
May,2021,TGP-500L,2.85,-0.08
May,2021,TGP-800L,2.83,-0.1
May,2021,TGP-Mahwah,,
May,2021,TGP-Niagara,2.33,-0.6
May,2021,TGP-Z0 Border Pool,2.85,-0.08
May,2021,TGP-Z0 North,2.85,-0.08
May,2021,TGP-Z0 South,2.85,-0.08
May,2021,TGP-Z1 100L,,
May,2021,TGP-Z1 800L Pool,,
May,2021,TGP-Z1 Sta-87,,
May,2021,TGP-Z4 300L,1.13,-1.8
May,2021,TGP-Z4 Marcellus,1.13,-1.8
May,2021,TGP-Z4 Sta-219,,
May,2021,TGP-Z4 Sta-313,2.2,-0.73
May,2021,TGP-Z5 200L,2.47,-0.46
May,2021,TGP-Z6 200L,2.33,-0.6
May,2021,TGP-Z6 200L North,,
May,2021,TGP-Z6 200L South,2.33,-0.6
May,2021,TGP-Z6 300L,,
May,2021,TGT-Mainline,2.74,-0.19
May,2021,TGT-North LA,,
May,2021,TGT-SL,2.78,-0.15
May,2021,Transco Zn3,2.88,-0.05
May,2021,Transco-165,,
May,2021,Transco-30,2.92,-0.01
May,2021,Transco-45,2.93,0.0
May,2021,Transco-65,,
May,2021,Transco-85,2.88,-0.05
May,2021,Transco-River Road,,
May,2021,Transco-Z5,2.93,0.0
May,2021,Transco-Z5 North,,
May,2021,Transco-Z5 South,2.93,0.0
May,2021,Transco-Z6 (non-NY north ML),,
May,2021,Transco-Z6 (non-NY north),2.04,-0.89
May,2021,Transco-Z6 (non-NY south),,
May,2021,Transco-Z6 (non-NY),2.04,-0.89
May,2021,Transco-Z6 (NY),2.08,-0.85
May,2021,Transco-Z6 Sta-210,,
May,2021,Tres Palacios (inj),,
May,2021,Tres Palacios (w/d),,
May,2021,Trunkline-ELA,2.82,-0.11
May,2021,Trunkline-WLA,2.82,-0.11
May,2021,Trunkline-Z1A,2.72,-0.21
May,2021,TW-Blanco,2.71,-0.22
May,2021,TW-Central,,
May,2021,TW-Panhandle,2.64,-0.29
May,2021,TW-WTX,,
May,2021,Union-Dawn,2.81,-0.12
May,2021,Waha,2.69,-0.24
May,2021,White River Hub,,
May,2021,WIC,,
May,2021,0,,
May,2021,0,,
May,2021,0,,
May,2021,0,,
June,2021,AB Pool (inter),,
June,2021,AB Pool (intra),,
June,2021,AGT-CG,,
June,2021,AGT-CG (non-G),2.45,-0.53
June,2021,Agua Dulce Hub,,
June,2021,ANR-Joliet Hub,,
June,2021,ANR-SE,,
June,2021,ANR-SE-T,2.93,-0.05
June,2021,ANR-SW,2.74,-0.24
June,2021,APC-ACE,,
June,2021,APC-ANR,,
June,2021,APC-MGTC,,
June,2021,APC-NGPL,,
June,2021,APC-Nicor,,
June,2021,APC-VPC,,
June,2021,Arena WTX Pool,,
June,2021,Atmos Zone 3,,
June,2021,Banquete Hub,,
June,2021,Bay Gas Storage,,
June,2021,Bennington,,
June,2021,Beverly Salem,,
June,2021,Bluewater Hub,,
June,2021,Bobcat Inter,,
June,2021,Bobcat Stor,,
June,2021,Carthage,,
June,2021,CG-Mainline,2.7,-0.28
June,2021,CG-Onshore,2.9,-0.08
June,2021,Cheyenne,2.7,-0.28
June,2021,Chicago,2.85,-0.13
June,2021,CIG-Mainline,2.67,-0.31
June,2021,CIG-Mainline Pool,,
June,2021,CIG-Mainline South,,
June,2021,Clarington,,
June,2021,Clarington-Tenn,,
June,2021,Consumers,2.89,-0.09
June,2021,Cove Point,,
June,2021,Dracut,,
June,2021,Eastern Gas-North,,
June,2021,Eastern Gas-South,,
June,2021,Egan Inter,,
June,2021,Egan Stor,,
June,2021,EGT-Flex,,
June,2021,EGT-North,,
June,2021,EGT-Perryville Hub,2.76,-0.22
June,2021,EGT-South,,
June,2021,EGT-West,,
June,2021,Enable East Pool,,
June,2021,Enable West Pool ,,
June,2021,ENT-STX Map,,
June,2021,EP-Anadarko,,
June,2021,EP-Keystone,,
June,2021,EP-Plains Pool,,
June,2021,EP-S.Mainline,,
June,2021,EP-SJ Blanco Pool,2.83,-0.15
June,2021,EP-SJ Bondad Stn,,
June,2021,EP-Waha Pool,2.76,-0.22
June,2021,ETC-Cleburne,,
June,2021,ETC-Maypearl,,
June,2021,ETC-Tiger Gas (receipt),,
June,2021,FGT-CG,,
June,2021,FGT-Z1,2.93,-0.05
June,2021,FGT-Z2,2.95,-0.03
June,2021,FGT-Z3,3.04,0.06
June,2021,GCX Waha Hub,,
June,2021,Gillis Hub,,
June,2021,GLGT-St.Clair,,
June,2021,Golden Triangle,,
June,2021,GTN-Kingsgate,,
June,2021,GTN-Malin,,
June,2021,GTN-Stanfield,,
June,2021,Guardian Hub,,
June,2021,Gulf S. Pool 16,,
June,2021,Gulf South - Perryville,,
June,2021,Henry,2.98,0.0
June,2021,HPL-ETX Pool,,
June,2021,HSC-HPL Pool,3.08,0.1
June,2021,HSC-Kinder Morgan,,
June,2021,Iroquois (into),2.76,-0.22
June,2021,Iroquois-Z1,,
June,2021,Iroquois-Z2,2.76,-0.22
June,2021,Iroquois-Z2 Hunts Pt,,
June,2021,Jefferson Island,,
June,2021,Katy-Enstor Pool,3.05,0.07
June,2021,Katy-Lonestar Inter,,
June,2021,Katy-Lonestar Intra,,
June,2021,Katy-Oasis,,
June,2021,KRGT-Del Pool,3.58,0.6
June,2021,KRGT-Rec Pool,,
June,2021,Lebanon,2.78,-0.2
June,2021,Leidy,,
June,2021,Leidy-Transco,2.07,-0.91
June,2021,M&N US,,
June,2021,MEP-Lamar,,
June,2021,Michcon,2.86,-0.12
June,2021,Midship (receipt),,
June,2021,Millennium,,
June,2021,Millennium East Pool,2.18,-0.8
June,2021,Millennium-Ramapo,,
June,2021,Moss Bluff Inter,,
June,2021,Moss Bluff Stor,,
June,2021,MS Hub,,
June,2021,NBPL-Bakken (receipt),,
June,2021,NBPL-Harper,,
June,2021,NBPL-Nicor,2.85,-0.13
June,2021,NBPL-Vector,,
June,2021,NBPL-Ventura,2.75,-0.23
June,2021,NBPL-Will County,,
June,2021,NGPL-AM Pool,,
June,2021,NGPL-AM Stor,,
June,2021,NGPL-GC Mainline,,
June,2021,NGPL-IA/IL AM Pool,,
June,2021,NGPL-IA/IL AM Stor,,
June,2021,NGPL-IA/IL GC Pool,,
June,2021,NGPL-IA/IL GC Stor,,
June,2021,NGPL-LA Pool,,
June,2021,NGPL-LA Stor,,
June,2021,NGPL-MidAm,,
June,2021,NGPL-Midcont Pool,2.74,-0.24
June,2021,NGPL-Midcont Stor,,
June,2021,NGPL-Nicor,2.85,-0.13
June,2021,NGPL-Nipsco,2.91,-0.07
June,2021,NGPL-STX,2.88,-0.1
June,2021,NGPL-TXOK East,2.78,-0.2
June,2021,NGPL-TXOK East Stor,2.78,-0.2
June,2021,NGPL-TXOK West,2.78,-0.2
June,2021,NNG-Demarc,2.77,-0.21
June,2021,NNG-Mid 13-16A,,
June,2021,NNG-Mid 1-7,,
June,2021,NNG-Mid 8-12,,
June,2021,NNG-Ventura,2.74,-0.24
June,2021,Nortex-Tolar Hub,,
June,2021,NWP-Rocky Mtn,2.91,-0.07
June,2021,NWP-Sumas,2.91,-0.07
June,2021,NWP-Wyoming,,
June,2021,Oasis - Waha Pool,,
June,2021,OGT,,
June,2021,ONEOK Westex,2.8,-0.18
June,2021,Opal,,
June,2021,Panhandle,2.76,-0.22
June,2021,PG&E-Citygate,4.22,1.24
June,2021,PG&E-Daggett,,
June,2021,PG&E-KRS,,
June,2021,PG&E-Topock,,
June,2021,PGLC,2.92,-0.06
June,2021,Pine Prairie,2.91,-0.07
June,2021,Pioneer,,
June,2021,PNGTS,,
June,2021,Questar-North,,
June,2021,Questar-South,,
June,2021,REX Cheyenne Comp Pool,,
June,2021,REX E-ANR,,
June,2021,REX E-MidW,,
June,2021,REX E-NGPL,,
June,2021,REX E-PEPL,,
June,2021,REX E-Trunk,,
June,2021,REX W-ANR,,
June,2021,REX W-NGPL,,
June,2021,REX W-NNG,,
June,2021,REX W-PEPL,,
June,2021,REX-Z3 (receipt) ,,
June,2021,REX-Z3 Del Pool,2.79,-0.19
June,2021,Rover (receipt),,
June,2021,Rover-ANR,2.78,-0.2
June,2021,Rover-PEPL,2.78,-0.2
June,2021,Ruby-Onyx Hill,,
June,2021,Ruby-Rec Pool,,
June,2021,Ryckman Creek Stor,,
June,2021,Salt Plains Inter,,
June,2021,Salt Plains Stor,,
June,2021,Socal-Blythe,,
June,2021,Socal-Border,3.19,0.21
June,2021,Socal-Citygate,4.73,1.75
June,2021,Socal-Ehrenberg,,
June,2021,Socal-Firm Stor,,
June,2021,Socal-IT Stor,,
June,2021,Socal-Kramer,,
June,2021,Socal-KRS,,
June,2021,Socal-Needles,,
June,2021,Socal-Storage,,
June,2021,Socal-Topock (EP),,
June,2021,Socal-Topock (TW),,
June,2021,Socal-WR,,
June,2021,Sonat-Z0 South,2.92,-0.06
June,2021,Sonat-Z1 North,,
June,2021,Southern Pines Hub,,
June,2021,Southern Star,2.83,-0.15
June,2021,Spectra - Hunt,,
June,2021,Stagecoach ,,
June,2021,Stingray,,
June,2021,TCO,2.55,-0.43
June,2021,TCO-A04 Pool,,
June,2021,TCO-A06 Pool,,
June,2021,TCO-A08 Pool,,
June,2021,TCO-Seg Pool,,
June,2021,TETCO-ELA,2.82,-0.16
June,2021,TETCO-ETX,2.9,-0.08
June,2021,TETCO-M1 24,,
June,2021,TETCO-M1 30,2.78,-0.2
June,2021,TETCO-M2,,
June,2021,TETCO-M2 (receipt),2.27,-0.71
June,2021,TETCO-M3,2.4,-0.58
June,2021,TETCO-Manhattan,,
June,2021,TETCO-STX,3.05,0.07
June,2021,TETCO-WLA,2.91,-0.07
June,2021,TGP-500L,2.91,-0.07
June,2021,TGP-800L,2.87,-0.11
June,2021,TGP-Mahwah,,
June,2021,TGP-Niagara,2.48,-0.5
June,2021,TGP-Z0 Border Pool,2.85,-0.13
June,2021,TGP-Z0 North,2.85,-0.13
June,2021,TGP-Z0 South,2.85,-0.13
June,2021,TGP-Z1 100L,,
June,2021,TGP-Z1 800L Pool,,
June,2021,TGP-Z1 Sta-87,,
June,2021,TGP-Z4 300L,1.97,-1.01
June,2021,TGP-Z4 Marcellus,1.97,-1.01
June,2021,TGP-Z4 Sta-219,,
June,2021,TGP-Z4 Sta-313,2.37,-0.61
June,2021,TGP-Z5 200L,2.54,-0.44
June,2021,TGP-Z6 200L,2.57,-0.41
June,2021,TGP-Z6 200L North,2.63,-0.35
June,2021,TGP-Z6 200L South,2.52,-0.46
June,2021,TGP-Z6 300L,,
June,2021,TGT-Mainline,2.79,-0.19
June,2021,TGT-North LA,,
June,2021,TGT-SL,2.83,-0.15
June,2021,Transco Zn3,2.94,-0.04
June,2021,Transco-165,,
June,2021,Transco-30,2.95,-0.03
June,2021,Transco-45,2.98,0.0
June,2021,Transco-65,,
June,2021,Transco-85,2.95,-0.03
June,2021,Transco-River Road,,
June,2021,Transco-Z5,3.02,0.04
June,2021,Transco-Z5 North,,
June,2021,Transco-Z5 South,3.02,0.04
June,2021,Transco-Z6 (non-NY north ML),,
June,2021,Transco-Z6 (non-NY north),2.36,-0.62
June,2021,Transco-Z6 (non-NY south),,
June,2021,Transco-Z6 (non-NY),2.36,-0.62
June,2021,Transco-Z6 (NY),2.43,-0.55
June,2021,Transco-Z6 Sta-210,,
June,2021,Tres Palacios (inj),,
June,2021,Tres Palacios (w/d),,
June,2021,Trunkline-ELA,2.88,-0.1
June,2021,Trunkline-WLA,2.88,-0.1
June,2021,Trunkline-Z1A,2.78,-0.2
June,2021,TW-Blanco,2.86,-0.12
June,2021,TW-Central,,
June,2021,TW-Panhandle,2.75,-0.23
June,2021,TW-WTX,,
June,2021,Union-Dawn,2.85,-0.13
June,2021,Waha,2.76,-0.22
June,2021,White River Hub,,
June,2021,WIC,,
June,2021,0,,
June,2021,0,,
June,2021,0,,
June,2021,0,,
July,2021,AB Pool (inter),,
July,2021,AB Pool (intra),,
July,2021,AGT-CG,,
July,2021,AGT-CG (non-G),3.32,-0.3
July,2021,Agua Dulce Hub,,
July,2021,ANR-Joliet Hub,,
July,2021,ANR-SE,,
July,2021,ANR-SE-T,3.54,-0.08
July,2021,ANR-SW,3.45,-0.17
July,2021,APC-ACE,,
July,2021,APC-ANR,,
July,2021,APC-MGTC,,
July,2021,APC-NGPL,,
July,2021,APC-Nicor,,
July,2021,APC-VPC,,
July,2021,Arena WTX Pool,,
July,2021,Atmos Zone 3,,
July,2021,Banquete Hub,,
July,2021,Bay Gas Storage,,
July,2021,Bennington,,
July,2021,Beverly Salem,,
July,2021,Bluewater Hub,,
July,2021,Bobcat Inter,,
July,2021,Bobcat Stor,,
July,2021,Carthage,,
July,2021,CG-Mainline,3.27,-0.35
July,2021,CG-Onshore,3.54,-0.08
July,2021,Cheyenne,3.23,-0.39
July,2021,Chicago,3.46,-0.16
July,2021,CIG-Mainline,3.16,-0.46
July,2021,CIG-Mainline Pool,,
July,2021,CIG-Mainline South,,
July,2021,Clarington,,
July,2021,Clarington-Tenn,,
July,2021,Consumers,3.51,-0.11
July,2021,Cove Point,,
July,2021,Dracut,,
July,2021,Eastern Gas-North,,
July,2021,Eastern Gas-South,,
July,2021,Egan Inter,,
July,2021,Egan Stor,,
July,2021,EGT-Flex,,
July,2021,EGT-North,,
July,2021,EGT-Perryville Hub,3.38,-0.24
July,2021,EGT-South,,
July,2021,EGT-West,,
July,2021,Enable East Pool,,
July,2021,Enable West Pool ,,
July,2021,ENT-STX Map,,
July,2021,EP-Anadarko,,
July,2021,EP-Keystone,,
July,2021,EP-Plains Pool,,
July,2021,EP-S.Mainline,,
July,2021,EP-SJ Blanco Pool,3.48,-0.14
July,2021,EP-SJ Bondad Stn,,
July,2021,EP-Waha Pool,3.35,-0.27
July,2021,ETC-Cleburne,,
July,2021,ETC-Maypearl,,
July,2021,ETC-Tiger Gas (receipt),,
July,2021,FGT-CG,,
July,2021,FGT-Z1,3.6,-0.02
July,2021,FGT-Z2,3.6,-0.02
July,2021,FGT-Z3,3.71,0.09
July,2021,GCX Waha Hub,,
July,2021,Gillis Hub,,
July,2021,GLGT-St.Clair,,
July,2021,Golden Triangle,,
July,2021,GTN-Kingsgate,,
July,2021,GTN-Malin,,
July,2021,GTN-Stanfield,,
July,2021,Guardian Hub,,
July,2021,Gulf S. Pool 16,,
July,2021,Gulf South - Perryville,,
July,2021,Henry,3.62,0.0
July,2021,HPL-ETX Pool,,
July,2021,HSC-HPL Pool,3.69,0.07
July,2021,HSC-Kinder Morgan,,
July,2021,Iroquois (into),3.54,-0.08
July,2021,Iroquois-Z1,,
July,2021,Iroquois-Z2,3.54,-0.08
July,2021,Iroquois-Z2 Hunts Pt,,
July,2021,Jefferson Island,,
July,2021,Katy-Enstor Pool,3.58,-0.04
July,2021,Katy-Lonestar Inter,,
July,2021,Katy-Lonestar Intra,,
July,2021,Katy-Oasis,,
July,2021,KRGT-Del Pool,5.77,2.15
July,2021,KRGT-Rec Pool,,
July,2021,Lebanon,3.37,-0.25
July,2021,Leidy,,
July,2021,Leidy-Transco,2.5,-1.12
July,2021,M&N US,,
July,2021,MEP-Lamar,,
July,2021,Michcon,3.46,-0.16
July,2021,Midship (receipt),,
July,2021,Millennium,,
July,2021,Millennium East Pool,2.62,-1.0
July,2021,Millennium-Ramapo,,
July,2021,Moss Bluff Inter,,
July,2021,Moss Bluff Stor,,
July,2021,MS Hub,,
July,2021,NBPL-Bakken (receipt),,
July,2021,NBPL-Harper,,
July,2021,NBPL-Nicor,3.47,-0.15
July,2021,NBPL-Vector,,
July,2021,NBPL-Ventura,3.42,-0.2
July,2021,NBPL-Will County,,
July,2021,NGPL-AM Pool,,
July,2021,NGPL-AM Stor,,
July,2021,NGPL-GC Mainline,,
July,2021,NGPL-IA/IL AM Pool,,
July,2021,NGPL-IA/IL AM Stor,,
July,2021,NGPL-IA/IL GC Pool,,
July,2021,NGPL-IA/IL GC Stor,,
July,2021,NGPL-LA Pool,,
July,2021,NGPL-LA Stor,,
July,2021,NGPL-MidAm,,
July,2021,NGPL-Midcont Pool,3.42,-0.2
July,2021,NGPL-Midcont Stor,,
July,2021,NGPL-Nicor,3.47,-0.15
July,2021,NGPL-Nipsco,3.44,-0.18
July,2021,NGPL-STX,3.54,-0.08
July,2021,NGPL-TXOK East,3.44,-0.18
July,2021,NGPL-TXOK East Stor,3.44,-0.18
July,2021,NGPL-TXOK West,3.44,-0.18
July,2021,NNG-Demarc,3.44,-0.18
July,2021,NNG-Mid 13-16A,,
July,2021,NNG-Mid 1-7,,
July,2021,NNG-Mid 8-12,,
July,2021,NNG-Ventura,3.41,-0.21
July,2021,Nortex-Tolar Hub,,
July,2021,NWP-Rocky Mtn,3.79,0.17
July,2021,NWP-Sumas,3.9,0.28
July,2021,NWP-Wyoming,,
July,2021,Oasis - Waha Pool,,
July,2021,OGT,,
July,2021,ONEOK Westex,3.43,-0.19
July,2021,Opal,,
July,2021,Panhandle,3.33,-0.29
July,2021,PG&E-Citygate,5.01,1.39
July,2021,PG&E-Daggett,,
July,2021,PG&E-KRS,,
July,2021,PG&E-Topock,,
July,2021,PGLC,3.58,-0.04
July,2021,Pine Prairie,3.55,-0.07
July,2021,Pioneer,,
July,2021,PNGTS,,
July,2021,Questar-North,,
July,2021,Questar-South,,
July,2021,REX Cheyenne Comp Pool,,
July,2021,REX E-ANR,,
July,2021,REX E-MidW,,
July,2021,REX E-NGPL,,
July,2021,REX E-PEPL,,
July,2021,REX E-Trunk,,
July,2021,REX W-ANR,,
July,2021,REX W-NGPL,,
July,2021,REX W-NNG,,
July,2021,REX W-PEPL,,
July,2021,REX-Z3 (receipt) ,,
July,2021,REX-Z3 Del Pool,3.4,-0.22
July,2021,Rover (receipt),,
July,2021,Rover-ANR,3.36,-0.26
July,2021,Rover-PEPL,3.36,-0.26
July,2021,Ruby-Onyx Hill,,
July,2021,Ruby-Rec Pool,,
July,2021,Ryckman Creek Stor,,
July,2021,Salt Plains Inter,,
July,2021,Salt Plains Stor,,
July,2021,Socal-Blythe,,
July,2021,Socal-Border,4.4,0.78
July,2021,Socal-Citygate,7.13,3.51
July,2021,Socal-Ehrenberg,,
July,2021,Socal-Firm Stor,,
July,2021,Socal-IT Stor,,
July,2021,Socal-Kramer,,
July,2021,Socal-KRS,,
July,2021,Socal-Needles,,
July,2021,Socal-Storage,,
July,2021,Socal-Topock (EP),,
July,2021,Socal-Topock (TW),,
July,2021,Socal-WR,,
July,2021,Sonat-Z0 South,3.54,-0.08
July,2021,Sonat-Z1 North,,
July,2021,Southern Pines Hub,,
July,2021,Southern Star,3.48,-0.14
July,2021,Spectra - Hunt,,
July,2021,Stagecoach ,,
July,2021,Stingray,,
July,2021,TCO,3.02,-0.6
July,2021,TCO-A04 Pool,,
July,2021,TCO-A06 Pool,,
July,2021,TCO-A08 Pool,,
July,2021,TCO-Seg Pool,,
July,2021,TETCO-ELA,3.51,-0.11
July,2021,TETCO-ETX,3.55,-0.07
July,2021,TETCO-M1 24,,
July,2021,TETCO-M1 30,3.53,-0.09
July,2021,TETCO-M2,,
July,2021,TETCO-M2 (receipt),2.59,-1.03
July,2021,TETCO-M3,3.05,-0.57
July,2021,TETCO-Manhattan,,
July,2021,TETCO-STX,3.7,0.08
July,2021,TETCO-WLA,3.56,-0.06
July,2021,TGP-500L,3.52,-0.1
July,2021,TGP-800L,3.5,-0.12
July,2021,TGP-Mahwah,,
July,2021,TGP-Niagara,3.06,-0.56
July,2021,TGP-Z0 Border Pool,3.47,-0.15
July,2021,TGP-Z0 North,3.47,-0.15
July,2021,TGP-Z0 South,3.47,-0.15
July,2021,TGP-Z1 100L,,
July,2021,TGP-Z1 800L Pool,,
July,2021,TGP-Z1 Sta-87,,
July,2021,TGP-Z4 300L,2.44,-1.18
July,2021,TGP-Z4 Marcellus,2.44,-1.18
July,2021,TGP-Z4 Sta-219,,
July,2021,TGP-Z4 Sta-313,2.82,-0.8
July,2021,TGP-Z5 200L,3.07,-0.55
July,2021,TGP-Z6 200L,3.38,-0.24
July,2021,TGP-Z6 200L North,3.62,0.0
July,2021,TGP-Z6 200L South,3.33,-0.29
July,2021,TGP-Z6 300L,,
July,2021,TGT-Mainline,3.4,-0.22
July,2021,TGT-North LA,,
July,2021,TGT-SL,3.44,-0.18
July,2021,Transco Zn3,3.58,-0.04
July,2021,Transco-165,,
July,2021,Transco-30,3.57,-0.05
July,2021,Transco-45,3.62,0.0
July,2021,Transco-65,,
July,2021,Transco-85,3.61,-0.01
July,2021,Transco-River Road,,
July,2021,Transco-Z5,3.69,0.07
July,2021,Transco-Z5 North,,
July,2021,Transco-Z5 South,3.69,0.07
July,2021,Transco-Z6 (non-NY north ML),,
July,2021,Transco-Z6 (non-NY north),3.09,-0.53
July,2021,Transco-Z6 (non-NY south),,
July,2021,Transco-Z6 (non-NY),3.09,-0.53
July,2021,Transco-Z6 (NY),3.16,-0.46
July,2021,Transco-Z6 Sta-210,,
July,2021,Tres Palacios (inj),,
July,2021,Tres Palacios (w/d),,
July,2021,Trunkline-ELA,3.49,-0.13
July,2021,Trunkline-WLA,3.49,-0.13
July,2021,Trunkline-Z1A,3.39,-0.23
July,2021,TW-Blanco,3.53,-0.09
July,2021,TW-Central,,
July,2021,TW-Panhandle,3.31,-0.31
July,2021,TW-WTX,,
July,2021,Union-Dawn,3.46,-0.16
July,2021,Waha,3.36,-0.26
July,2021,White River Hub,,
July,2021,WIC,,
July,2021,0,,
July,2021,0,,
July,2021,0,,
July,2021,0,,
August,2021,AB Pool (inter),,
August,2021,AB Pool (intra),,
August,2021,AGT-CG,,
August,2021,AGT-CG (non-G),3.45,-0.6
August,2021,Agua Dulce Hub,,
August,2021,ANR-Joliet Hub,,
August,2021,ANR-SE,,
August,2021,ANR-SE-T,3.97,-0.08
August,2021,ANR-SW,3.76,-0.29
August,2021,APC-ACE,,
August,2021,APC-ANR,,
August,2021,APC-MGTC,,
August,2021,APC-NGPL,,
August,2021,APC-Nicor,,
August,2021,APC-VPC,,
August,2021,Arena WTX Pool,,
August,2021,Atmos Zone 3,,
August,2021,Banquete Hub,,
August,2021,Bay Gas Storage,,
August,2021,Bennington,,
August,2021,Beverly Salem,,
August,2021,Bluewater Hub,,
August,2021,Bobcat Inter,,
August,2021,Bobcat Stor,,
August,2021,Carthage,,
August,2021,CG-Mainline,3.49,-0.56
August,2021,CG-Onshore,3.97,-0.08
August,2021,Cheyenne,3.8,-0.25
August,2021,Chicago,3.89,-0.16
August,2021,CIG-Mainline,3.78,-0.27
August,2021,CIG-Mainline Pool,,
August,2021,CIG-Mainline South,,
August,2021,Clarington,,
August,2021,Clarington-Tenn,,
August,2021,Consumers,3.87,-0.18
August,2021,Cove Point,,
August,2021,Dracut,,
August,2021,Eastern Gas-North,,
August,2021,Eastern Gas-South,2.92,-1.13
August,2021,Egan Inter,,
August,2021,Egan Stor,,
August,2021,EGT-Flex,,
August,2021,EGT-North,,
August,2021,EGT-Perryville Hub,3.75,-0.3
August,2021,EGT-South,,
August,2021,EGT-West,,
August,2021,Enable East Pool,,
August,2021,Enable West Pool ,,
August,2021,ENT-STX Map,,
August,2021,EP-Anadarko,,
August,2021,EP-Keystone,,
August,2021,EP-Plains Pool,,
August,2021,EP-S.Mainline,,
August,2021,EP-SJ Blanco Pool,3.9,-0.15
August,2021,EP-SJ Bondad Stn,,
August,2021,EP-Waha Pool,3.87,-0.18
August,2021,ETC-Cleburne,,
August,2021,ETC-Maypearl,,
August,2021,ETC-Tiger Gas (receipt),,
August,2021,FGT-CG,,
August,2021,FGT-Z1,4.03,-0.02
August,2021,FGT-Z2,4.05,0.0
August,2021,FGT-Z3,4.11,0.06
August,2021,GCX Waha Hub,,
August,2021,Gillis Hub,,
August,2021,GLGT-St.Clair,,
August,2021,Golden Triangle,,
August,2021,GTN-Kingsgate,,
August,2021,GTN-Malin,,
August,2021,GTN-Stanfield,,
August,2021,Guardian Hub,,
August,2021,Gulf S. Pool 16,,
August,2021,Gulf South - Perryville,,
August,2021,Henry,4.05,0.0
August,2021,HPL-ETX Pool,,
August,2021,HSC-HPL Pool,4.03,-0.02
August,2021,HSC-Kinder Morgan,,
August,2021,Iroquois (into),3.86,-0.19
August,2021,Iroquois-Z1,,
August,2021,Iroquois-Z2,3.87,-0.18
August,2021,Iroquois-Z2 Hunts Pt,,
August,2021,Jefferson Island,,
August,2021,Katy-Enstor Pool,4.06,0.01
August,2021,Katy-Lonestar Inter,,
August,2021,Katy-Lonestar Intra,,
August,2021,Katy-Oasis,,
August,2021,KRGT-Del Pool,6.49,2.44
August,2021,KRGT-Rec Pool,,
August,2021,Lebanon,3.67,-0.38
August,2021,Leidy,,
August,2021,Leidy-Transco,2.82,-1.23
August,2021,M&N US,,
August,2021,MEP-Lamar,,
August,2021,Michcon,3.83,-0.22
August,2021,Midship (receipt),,
August,2021,Millennium,,
August,2021,Millennium East Pool,2.89,-1.16
August,2021,Millennium-Ramapo,,
August,2021,Moss Bluff Inter,,
August,2021,Moss Bluff Stor,,
August,2021,MS Hub,,
August,2021,NBPL-Bakken (receipt),,
August,2021,NBPL-Harper,,
August,2021,NBPL-Nicor,3.89,-0.16
August,2021,NBPL-Vector,,
August,2021,NBPL-Ventura,3.83,-0.22
August,2021,NBPL-Will County,,
August,2021,NGPL-AM Pool,,
August,2021,NGPL-AM Stor,,
August,2021,NGPL-GC Mainline,,
August,2021,NGPL-IA/IL AM Pool,,
August,2021,NGPL-IA/IL AM Stor,,
August,2021,NGPL-IA/IL GC Pool,,
August,2021,NGPL-IA/IL GC Stor,,
August,2021,NGPL-LA Pool,,
August,2021,NGPL-LA Stor,,
August,2021,NGPL-MidAm,,
August,2021,NGPL-Midcont Pool,3.77,-0.28
August,2021,NGPL-Midcont Stor,,
August,2021,NGPL-Nicor,3.89,-0.16
August,2021,NGPL-Nipsco,3.87,-0.18
August,2021,NGPL-STX,3.86,-0.19
August,2021,NGPL-TXOK East,3.76,-0.29
August,2021,NGPL-TXOK East Stor,3.76,-0.29
August,2021,NGPL-TXOK West,3.76,-0.29
August,2021,NNG-Demarc,3.92,-0.13
August,2021,NNG-Mid 13-16A,,
August,2021,NNG-Mid 1-7,,
August,2021,NNG-Mid 8-12,,
August,2021,NNG-Ventura,3.76,-0.29
August,2021,Nortex-Tolar Hub,,
August,2021,NWP-Rocky Mtn,4.04,-0.01
August,2021,NWP-Sumas,4.02,-0.03
August,2021,NWP-Wyoming,,
August,2021,Oasis - Waha Pool,,
August,2021,OGT,,
August,2021,ONEOK Westex,3.78,-0.27
August,2021,Opal,,
August,2021,Panhandle,3.72,-0.33
August,2021,PG&E-Citygate,5.68,1.63
August,2021,PG&E-Daggett,,
August,2021,PG&E-KRS,,
August,2021,PG&E-Topock,,
August,2021,PGLC,3.87,-0.18
August,2021,Pine Prairie,3.96,-0.09
August,2021,Pioneer,,
August,2021,PNGTS,,
August,2021,Questar-North,,
August,2021,Questar-South,,
August,2021,REX Cheyenne Comp Pool,,
August,2021,REX E-ANR,,
August,2021,REX E-MidW,,
August,2021,REX E-NGPL,,
August,2021,REX E-PEPL,,
August,2021,REX E-Trunk,,
August,2021,REX W-ANR,,
August,2021,REX W-NGPL,,
August,2021,REX W-NNG,,
August,2021,REX W-PEPL,,
August,2021,REX-Z3 (receipt) ,,
August,2021,REX-Z3 Del Pool,3.72,-0.33
August,2021,Rover (receipt),,
August,2021,Rover-ANR,3.71,-0.34
August,2021,Rover-PEPL,3.71,-0.34
August,2021,Ruby-Onyx Hill,,
August,2021,Ruby-Rec Pool,,
August,2021,Ryckman Creek Stor,,
August,2021,Salt Plains Inter,,
August,2021,Salt Plains Stor,,
August,2021,Socal-Blythe,,
August,2021,Socal-Border,4.73,0.68
August,2021,Socal-Citygate,7.61,3.56
August,2021,Socal-Ehrenberg,,
August,2021,Socal-Firm Stor,,
August,2021,Socal-IT Stor,,
August,2021,Socal-Kramer,,
August,2021,Socal-KRS,,
August,2021,Socal-Needles,,
August,2021,Socal-Storage,,
August,2021,Socal-Topock (EP),,
August,2021,Socal-Topock (TW),,
August,2021,Socal-WR,,
August,2021,Sonat-Z0 South,3.95,-0.1
August,2021,Sonat-Z1 North,,
August,2021,Southern Pines Hub,,
August,2021,Southern Star,3.78,-0.27
August,2021,Spectra - Hunt,,
August,2021,Stagecoach ,,
August,2021,Stingray,,
August,2021,TCO,3.22,-0.83
August,2021,TCO-A04 Pool,,
August,2021,TCO-A06 Pool,,
August,2021,TCO-A08 Pool,,
August,2021,TCO-Seg Pool,,
August,2021,TETCO-ELA,3.91,-0.14
August,2021,TETCO-ETX,3.91,-0.14
August,2021,TETCO-M1 24,,
August,2021,TETCO-M1 30,3.89,-0.16
August,2021,TETCO-M2,,
August,2021,TETCO-M2 (receipt),2.79,-1.26
August,2021,TETCO-M3,3.23,-0.82
August,2021,TETCO-Manhattan,,
August,2021,TETCO-STX,4.06,0.01
August,2021,TETCO-WLA,3.97,-0.08
August,2021,TGP-500L,3.93,-0.12
August,2021,TGP-800L,3.89,-0.16
August,2021,TGP-Mahwah,,
August,2021,TGP-Niagara,3.4,-0.65
August,2021,TGP-Z0 Border Pool,3.85,-0.2
August,2021,TGP-Z0 North,3.85,-0.2
August,2021,TGP-Z0 South,3.85,-0.2
August,2021,TGP-Z1 100L,,
August,2021,TGP-Z1 800L Pool,,
August,2021,TGP-Z1 Sta-87,,
August,2021,TGP-Z4 300L,2.77,-1.28
August,2021,TGP-Z4 Marcellus,2.77,-1.28
August,2021,TGP-Z4 Sta-219,,
August,2021,TGP-Z4 Sta-313,3.01,-1.04
August,2021,TGP-Z5 200L,3.37,-0.68
August,2021,TGP-Z6 200L,3.45,-0.6
August,2021,TGP-Z6 200L North,,
August,2021,TGP-Z6 200L South,3.45,-0.6
August,2021,TGP-Z6 300L,,
August,2021,TGT-Mainline,3.73,-0.32
August,2021,TGT-North LA,,
August,2021,TGT-SL,3.77,-0.28
August,2021,Transco Zn3,4.02,-0.03
August,2021,Transco-165,,
August,2021,Transco-30,4.02,-0.03
August,2021,Transco-45,4.04,-0.01
August,2021,Transco-65,,
August,2021,Transco-85,4.04,-0.01
August,2021,Transco-River Road,,
August,2021,Transco-Z5,4.13,0.08
August,2021,Transco-Z5 North,,
August,2021,Transco-Z5 South,4.13,0.08
August,2021,Transco-Z6 (non-NY north ML),,
August,2021,Transco-Z6 (non-NY north),3.23,-0.82
August,2021,Transco-Z6 (non-NY south),,
August,2021,Transco-Z6 (non-NY),3.23,-0.82
August,2021,Transco-Z6 (NY),3.32,-0.73
August,2021,Transco-Z6 Sta-210,,
August,2021,Tres Palacios (inj),,
August,2021,Tres Palacios (w/d),,
August,2021,Trunkline-ELA,3.85,-0.2
August,2021,Trunkline-WLA,3.85,-0.2
August,2021,Trunkline-Z1A,3.75,-0.3
August,2021,TW-Blanco,3.9,-0.15
August,2021,TW-Central,,
August,2021,TW-Panhandle,3.84,-0.21
August,2021,TW-WTX,,
August,2021,Union-Dawn,3.81,-0.24
August,2021,Waha,3.87,-0.18
August,2021,White River Hub,,
August,2021,WIC,,
August,2021,0,,
August,2021,0,,
August,2021,0,,
August,2021,0,,
September,2021,AB Pool (inter),,
September,2021,AB Pool (intra),,
September,2021,AGT-CG,,
September,2021,AGT-CG (non-G),3.75,-0.63
September,2021,Agua Dulce Hub,,
September,2021,ANR-Joliet Hub,,
September,2021,ANR-SE,,
September,2021,ANR-SE-T,4.31,-0.07
September,2021,ANR-SW,3.96,-0.42
September,2021,APC-ACE,,
September,2021,APC-ANR,,
September,2021,APC-MGTC,,
September,2021,APC-NGPL,,
September,2021,APC-Nicor,,
September,2021,APC-VPC,,
September,2021,Arena WTX Pool,,
September,2021,Atmos Zone 3,,
September,2021,Banquete Hub,,
September,2021,Bay Gas Storage,,
September,2021,Bennington,,
September,2021,Beverly Salem,,
September,2021,Bluewater Hub,,
September,2021,Bobcat Inter,,
September,2021,Bobcat Stor,,
September,2021,Carthage,,
September,2021,CG-Mainline,3.95,-0.43
September,2021,CG-Onshore,4.3,-0.08
September,2021,Cheyenne,3.7,-0.68
September,2021,Chicago,4.22,-0.16
September,2021,CIG-Mainline,3.67,-0.71
September,2021,CIG-Mainline Pool,,
September,2021,CIG-Mainline South,,
September,2021,Clarington,,
September,2021,Clarington-Tenn,,
September,2021,Consumers,4.23,-0.15
September,2021,Cove Point,,
September,2021,Dracut,,
September,2021,Eastern Gas-North,,
September,2021,Eastern Gas-South,3.44,-0.94
September,2021,Egan Inter,,
September,2021,Egan Stor,,
September,2021,EGT-Flex,,
September,2021,EGT-North,,
September,2021,EGT-Perryville Hub,4.08,-0.3
September,2021,EGT-South,,
September,2021,EGT-West,,
September,2021,Enable East Pool,,
September,2021,Enable West Pool ,,
September,2021,ENT-STX Map,,
September,2021,EP-Anadarko,,
September,2021,EP-Keystone,,
September,2021,EP-Plains Pool,,
September,2021,EP-S.Mainline,,
September,2021,EP-SJ Blanco Pool,3.77,-0.61
September,2021,EP-SJ Bondad Stn,,
September,2021,EP-Waha Pool,3.66,-0.72
September,2021,ETC-Cleburne,,
September,2021,ETC-Maypearl,,
September,2021,ETC-Tiger Gas (receipt),,
September,2021,FGT-CG,,
September,2021,FGT-Z1,4.36,-0.02
September,2021,FGT-Z2,4.38,0.0
September,2021,FGT-Z3,4.46,0.08
September,2021,GCX Waha Hub,,
September,2021,Gillis Hub,,
September,2021,GLGT-St.Clair,,
September,2021,Golden Triangle,,
September,2021,GTN-Kingsgate,,
September,2021,GTN-Malin,,
September,2021,GTN-Stanfield,,
September,2021,Guardian Hub,,
September,2021,Gulf S. Pool 16,,
September,2021,Gulf South - Perryville,,
September,2021,Henry,4.38,0.0
September,2021,HPL-ETX Pool,,
September,2021,HSC-HPL Pool,4.22,-0.16
September,2021,HSC-Kinder Morgan,,
September,2021,Iroquois (into),4.08,-0.3
September,2021,Iroquois-Z1,,
September,2021,Iroquois-Z2,4.04,-0.34
September,2021,Iroquois-Z2 Hunts Pt,,
September,2021,Jefferson Island,,
September,2021,Katy-Enstor Pool,4.37,-0.01
September,2021,Katy-Lonestar Inter,,
September,2021,Katy-Lonestar Intra,,
September,2021,Katy-Oasis,,
September,2021,KRGT-Del Pool,6.07,1.69
September,2021,KRGT-Rec Pool,,
September,2021,Lebanon,4.11,-0.27
September,2021,Leidy,,
September,2021,Leidy-Transco,3.39,-0.99
September,2021,M&N US,,
September,2021,MEP-Lamar,,
September,2021,Michcon,4.19,-0.19
September,2021,Midship (receipt),,
September,2021,Millennium,,
September,2021,Millennium East Pool,3.43,-0.95
September,2021,Millennium-Ramapo,,
September,2021,Moss Bluff Inter,,
September,2021,Moss Bluff Stor,,
September,2021,MS Hub,,
September,2021,NBPL-Bakken (receipt),,
September,2021,NBPL-Harper,,
September,2021,NBPL-Nicor,4.24,-0.14
September,2021,NBPL-Vector,,
September,2021,NBPL-Ventura,4.02,-0.36
September,2021,NBPL-Will County,,
September,2021,NGPL-AM Pool,,
September,2021,NGPL-AM Stor,,
September,2021,NGPL-GC Mainline,,
September,2021,NGPL-IA/IL AM Pool,,
September,2021,NGPL-IA/IL AM Stor,,
September,2021,NGPL-IA/IL GC Pool,,
September,2021,NGPL-IA/IL GC Stor,,
September,2021,NGPL-LA Pool,,
September,2021,NGPL-LA Stor,,
September,2021,NGPL-MidAm,,
September,2021,NGPL-Midcont Pool,4.1,-0.28
September,2021,NGPL-Midcont Stor,,
September,2021,NGPL-Nicor,4.24,-0.14
September,2021,NGPL-Nipsco,4.22,-0.16
September,2021,NGPL-STX,4.24,-0.14
September,2021,NGPL-TXOK East,4.14,-0.24
September,2021,NGPL-TXOK East Stor,4.14,-0.24
September,2021,NGPL-TXOK West,4.14,-0.24
September,2021,NNG-Demarc,4.21,-0.17
September,2021,NNG-Mid 13-16A,,
September,2021,NNG-Mid 1-7,,
September,2021,NNG-Mid 8-12,,
September,2021,NNG-Ventura,4.01,-0.37
September,2021,Nortex-Tolar Hub,,
September,2021,NWP-Rocky Mtn,4.09,-0.29
September,2021,NWP-Sumas,4.21,-0.17
September,2021,NWP-Wyoming,,
September,2021,Oasis - Waha Pool,,
September,2021,OGT,,
September,2021,ONEOK Westex,4.04,-0.34
September,2021,Opal,,
September,2021,Panhandle,3.96,-0.42
September,2021,PG&E-Citygate,5.41,1.03
September,2021,PG&E-Daggett,,
September,2021,PG&E-KRS,,
September,2021,PG&E-Topock,,
September,2021,PGLC,4.22,-0.16
September,2021,Pine Prairie,4.31,-0.07
September,2021,Pioneer,,
September,2021,PNGTS,,
September,2021,Questar-North,,
September,2021,Questar-South,,
September,2021,REX Cheyenne Comp Pool,,
September,2021,REX E-ANR,,
September,2021,REX E-MidW,,
September,2021,REX E-NGPL,,
September,2021,REX E-PEPL,,
September,2021,REX E-Trunk,,
September,2021,REX W-ANR,,
September,2021,REX W-NGPL,,
September,2021,REX W-NNG,,
September,2021,REX W-PEPL,,
September,2021,REX-Z3 (receipt) ,,
September,2021,REX-Z3 Del Pool,4.12,-0.26
September,2021,Rover (receipt),,
September,2021,Rover-ANR,4.12,-0.26
September,2021,Rover-PEPL,4.12,-0.26
September,2021,Ruby-Onyx Hill,,
September,2021,Ruby-Rec Pool,,
September,2021,Ryckman Creek Stor,,
September,2021,Salt Plains Inter,,
September,2021,Salt Plains Stor,,
September,2021,Socal-Blythe,,
September,2021,Socal-Border,4.67,0.29
September,2021,Socal-Citygate,6.79,2.41
September,2021,Socal-Ehrenberg,,
September,2021,Socal-Firm Stor,,
September,2021,Socal-IT Stor,,
September,2021,Socal-Kramer,,
September,2021,Socal-KRS,,
September,2021,Socal-Needles,,
September,2021,Socal-Storage,,
September,2021,Socal-Topock (EP),,
September,2021,Socal-Topock (TW),,
September,2021,Socal-WR,,
September,2021,Sonat-Z0 South,4.29,-0.09
September,2021,Sonat-Z1 North,,
September,2021,Southern Pines Hub,,
September,2021,Southern Star,4.0,-0.38
September,2021,Spectra - Hunt,,
September,2021,Stagecoach ,,
September,2021,Stingray,,
September,2021,TCO,3.65,-0.73
September,2021,TCO-A04 Pool,,
September,2021,TCO-A06 Pool,,
September,2021,TCO-A08 Pool,,
September,2021,TCO-Seg Pool,,
September,2021,TETCO-ELA,4.19,-0.19
September,2021,TETCO-ETX,4.22,-0.16
September,2021,TETCO-M1 24,,
September,2021,TETCO-M1 30,4.17,-0.21
September,2021,TETCO-M2,,
September,2021,TETCO-M2 (receipt),3.4,-0.98
September,2021,TETCO-M3,3.53,-0.85
September,2021,TETCO-Manhattan,,
September,2021,TETCO-STX,4.37,-0.01
September,2021,TETCO-WLA,4.3,-0.08
September,2021,TGP-500L,4.3,-0.08
September,2021,TGP-800L,4.25,-0.13
September,2021,TGP-Mahwah,,
September,2021,TGP-Niagara,3.77,-0.61
September,2021,TGP-Z0 Border Pool,4.19,-0.19
September,2021,TGP-Z0 North,4.19,-0.19
September,2021,TGP-Z0 South,4.19,-0.19
September,2021,TGP-Z1 100L,,
September,2021,TGP-Z1 800L Pool,,
September,2021,TGP-Z1 Sta-87,,
September,2021,TGP-Z4 300L,3.23,-1.15
September,2021,TGP-Z4 Marcellus,3.23,-1.15
September,2021,TGP-Z4 Sta-219,,
September,2021,TGP-Z4 Sta-313,3.64,-0.74
September,2021,TGP-Z5 200L,3.73,-0.65
September,2021,TGP-Z6 200L,3.79,-0.59
September,2021,TGP-Z6 200L North,4.07,-0.31
September,2021,TGP-Z6 200L South,3.75,-0.63
September,2021,TGP-Z6 300L,,
September,2021,TGT-Mainline,4.11,-0.27
September,2021,TGT-North LA,,
September,2021,TGT-SL,4.15,-0.23
September,2021,Transco Zn3,4.35,-0.03
September,2021,Transco-165,,
September,2021,Transco-30,4.34,-0.04
September,2021,Transco-45,4.37,-0.01
September,2021,Transco-65,,
September,2021,Transco-85,4.37,-0.01
September,2021,Transco-River Road,,
September,2021,Transco-Z5,4.45,0.07
September,2021,Transco-Z5 North,,
September,2021,Transco-Z5 South,4.45,0.07
September,2021,Transco-Z6 (non-NY north ML),,
September,2021,Transco-Z6 (non-NY north),3.51,-0.87
September,2021,Transco-Z6 (non-NY south),,
September,2021,Transco-Z6 (non-NY),3.51,-0.87
September,2021,Transco-Z6 (NY),3.54,-0.84
September,2021,Transco-Z6 Sta-210,,
September,2021,Tres Palacios (inj),,
September,2021,Tres Palacios (w/d),,
September,2021,Trunkline-ELA,4.22,-0.16
September,2021,Trunkline-WLA,4.22,-0.16
September,2021,Trunkline-Z1A,4.12,-0.26
September,2021,TW-Blanco,3.79,-0.59
September,2021,TW-Central,,
September,2021,TW-Panhandle,3.62,-0.76
September,2021,TW-WTX,,
September,2021,Union-Dawn,4.18,-0.2
September,2021,Waha,3.69,-0.69
September,2021,White River Hub,,
September,2021,WIC,,
September,2021,0,,
September,2021,0,,
September,2021,0,,
September,2021,0,,
October,2021,AB Pool (inter),,
October,2021,AB Pool (intra),,
October,2021,AGT-CG,,
October,2021,AGT-CG (non-G),5.43,-0.42
October,2021,Agua Dulce Hub,,
October,2021,ANR-Joliet Hub,,
October,2021,ANR-SE,,
October,2021,ANR-SE-T,5.83,-0.02
October,2021,ANR-SW,5.6,-0.25
October,2021,APC-ACE,,
October,2021,APC-ANR,,
October,2021,APC-MGTC,,
October,2021,APC-NGPL,,
October,2021,APC-Nicor,,
October,2021,APC-VPC,,
October,2021,Arena WTX Pool,,
October,2021,Atmos Zone 3,,
October,2021,Banquete Hub,,
October,2021,Bay Gas Storage,,
October,2021,Bennington,,
October,2021,Beverly Salem,,
October,2021,Bluewater Hub,,
October,2021,Bobcat Inter,,
October,2021,Bobcat Stor,,
October,2021,Carthage,,
October,2021,CG-Mainline,5.08,-0.77
October,2021,CG-Onshore,5.77,-0.08
October,2021,Cheyenne,5.08,-0.77
October,2021,Chicago,5.7,-0.15
October,2021,CIG-Mainline,4.79,-1.06
October,2021,CIG-Mainline Pool,,
October,2021,CIG-Mainline South,,
October,2021,Clarington,,
October,2021,Clarington-Tenn,,
October,2021,Consumers,5.57,-0.28
October,2021,Cove Point,,
October,2021,Dracut,,
October,2021,Eastern Gas-North,,
October,2021,Eastern Gas-South,4.56,-1.29
October,2021,Egan Inter,,
October,2021,Egan Stor,,
October,2021,EGT-Flex,,
October,2021,EGT-North,,
October,2021,EGT-Perryville Hub,5.51,-0.34
October,2021,EGT-South,,
October,2021,EGT-West,,
October,2021,Enable East Pool,,
October,2021,Enable West Pool ,,
October,2021,ENT-STX Map,,
October,2021,EP-Anadarko,,
October,2021,EP-Keystone,,
October,2021,EP-Plains Pool,,
October,2021,EP-S.Mainline,,
October,2021,EP-SJ Blanco Pool,5.03,-0.82
October,2021,EP-SJ Bondad Stn,,
October,2021,EP-Waha Pool,4.94,-0.91
October,2021,ETC-Cleburne,,
October,2021,ETC-Maypearl,,
October,2021,ETC-Tiger Gas (receipt),,
October,2021,FGT-CG,,
October,2021,FGT-Z1,5.81,-0.04
October,2021,FGT-Z2,5.9,0.05
October,2021,FGT-Z3,5.91,0.06
October,2021,GCX Waha Hub,,
October,2021,Gillis Hub,,
October,2021,GLGT-St.Clair,,
October,2021,Golden Triangle,,
October,2021,GTN-Kingsgate,,
October,2021,GTN-Malin,,
October,2021,GTN-Stanfield,,
October,2021,Guardian Hub,,
October,2021,Gulf S. Pool 16,,
October,2021,Gulf South - Perryville,,
October,2021,Henry,5.85,0.0
October,2021,HPL-ETX Pool,,
October,2021,HSC-HPL Pool,5.87,0.02
October,2021,HSC-Kinder Morgan,,
October,2021,Iroquois (into),5.33,-0.52
October,2021,Iroquois-Z1,,
October,2021,Iroquois-Z2,5.37,-0.48
October,2021,Iroquois-Z2 Hunts Pt,,
October,2021,Jefferson Island,,
October,2021,Katy-Enstor Pool,5.85,0.0
October,2021,Katy-Lonestar Inter,,
October,2021,Katy-Lonestar Intra,,
October,2021,Katy-Oasis,,
October,2021,KRGT-Del Pool,6.92,1.07
October,2021,KRGT-Rec Pool,,
October,2021,Lebanon,5.45,-0.4
October,2021,Leidy,,
October,2021,Leidy-Transco,4.47,-1.38
October,2021,M&N US,,
October,2021,MEP-Lamar,,
October,2021,Michcon,5.49,-0.36
October,2021,Midship (receipt),,
October,2021,Millennium,,
October,2021,Millennium East Pool,4.59,-1.26
October,2021,Millennium-Ramapo,,
October,2021,Moss Bluff Inter,,
October,2021,Moss Bluff Stor,,
October,2021,MS Hub,,
October,2021,NBPL-Bakken (receipt),,
October,2021,NBPL-Harper,,
October,2021,NBPL-Nicor,5.84,-0.01
October,2021,NBPL-Vector,,
October,2021,NBPL-Ventura,5.45,-0.4
October,2021,NBPL-Will County,,
October,2021,NGPL-AM Pool,,
October,2021,NGPL-AM Stor,,
October,2021,NGPL-GC Mainline,,
October,2021,NGPL-IA/IL AM Pool,,
October,2021,NGPL-IA/IL AM Stor,,
October,2021,NGPL-IA/IL GC Pool,,
October,2021,NGPL-IA/IL GC Stor,,
October,2021,NGPL-LA Pool,,
October,2021,NGPL-LA Stor,,
October,2021,NGPL-MidAm,,
October,2021,NGPL-Midcont Pool,5.4,-0.45
October,2021,NGPL-Midcont Stor,,
October,2021,NGPL-Nicor,5.84,-0.01
October,2021,NGPL-Nipsco,5.58,-0.27
October,2021,NGPL-STX,5.68,-0.17
October,2021,NGPL-TXOK East,5.58,-0.27
October,2021,NGPL-TXOK East Stor,5.58,-0.27
October,2021,NGPL-TXOK West,5.58,-0.27
October,2021,NNG-Demarc,5.68,-0.17
October,2021,NNG-Mid 13-16A,,
October,2021,NNG-Mid 1-7,,
October,2021,NNG-Mid 8-12,,
October,2021,NNG-Ventura,5.44,-0.41
October,2021,Nortex-Tolar Hub,,
October,2021,NWP-Rocky Mtn,5.6,-0.25
October,2021,NWP-Sumas,5.84,-0.01
October,2021,NWP-Wyoming,,
October,2021,Oasis - Waha Pool,,
October,2021,OGT,,
October,2021,ONEOK Westex,5.57,-0.28
October,2021,Opal,,
October,2021,Panhandle,5.4,-0.45
October,2021,PG&E-Citygate,7.34,1.49
October,2021,PG&E-Daggett,,
October,2021,PG&E-KRS,,
October,2021,PG&E-Topock,,
October,2021,PGLC,5.74,-0.11
October,2021,Pine Prairie,5.81,-0.04
October,2021,Pioneer,,
October,2021,PNGTS,,
October,2021,Questar-North,,
October,2021,Questar-South,,
October,2021,REX Cheyenne Comp Pool,,
October,2021,REX E-ANR,,
October,2021,REX E-MidW,,
October,2021,REX E-NGPL,,
October,2021,REX E-PEPL,,
October,2021,REX E-Trunk,,
October,2021,REX W-ANR,,
October,2021,REX W-NGPL,,
October,2021,REX W-NNG,,
October,2021,REX W-PEPL,,
October,2021,REX-Z3 (receipt) ,,
October,2021,REX-Z3 Del Pool,5.48,-0.37
October,2021,Rover (receipt),,
October,2021,Rover-ANR,5.43,-0.42
October,2021,Rover-PEPL,5.43,-0.42
October,2021,Ruby-Onyx Hill,,
October,2021,Ruby-Rec Pool,,
October,2021,Ryckman Creek Stor,,
October,2021,Salt Plains Inter,,
October,2021,Salt Plains Stor,,
October,2021,Socal-Blythe,,
October,2021,Socal-Border,5.62,-0.23
October,2021,Socal-Citygate,7.72,1.87
October,2021,Socal-Ehrenberg,,
October,2021,Socal-Firm Stor,,
October,2021,Socal-IT Stor,,
October,2021,Socal-Kramer,,
October,2021,Socal-KRS,,
October,2021,Socal-Needles,,
October,2021,Socal-Storage,,
October,2021,Socal-Topock (EP),,
October,2021,Socal-Topock (TW),,
October,2021,Socal-WR,,
October,2021,Sonat-Z0 South,5.78,-0.07
October,2021,Sonat-Z1 North,,
October,2021,Southern Pines Hub,,
October,2021,Southern Star,5.58,-0.27
October,2021,Spectra - Hunt,,
October,2021,Stagecoach ,,
October,2021,Stingray,,
October,2021,TCO,4.81,-1.04
October,2021,TCO-A04 Pool,,
October,2021,TCO-A06 Pool,,
October,2021,TCO-A08 Pool,,
October,2021,TCO-Seg Pool,,
October,2021,TETCO-ELA,5.63,-0.22
October,2021,TETCO-ETX,5.72,-0.13
October,2021,TETCO-M1 24,,
October,2021,TETCO-M1 30,5.58,-0.27
October,2021,TETCO-M2,,
October,2021,TETCO-M2 (receipt),4.48,-1.37
October,2021,TETCO-M3,4.68,-1.17
October,2021,TETCO-Manhattan,,
October,2021,TETCO-STX,5.87,0.02
October,2021,TETCO-WLA,5.78,-0.07
October,2021,TGP-500L,5.77,-0.08
October,2021,TGP-800L,5.74,-0.11
October,2021,TGP-Mahwah,,
October,2021,TGP-Niagara,5.28,-0.57
October,2021,TGP-Z0 Border Pool,5.55,-0.3
October,2021,TGP-Z0 North,5.55,-0.3
October,2021,TGP-Z0 South,5.55,-0.3
October,2021,TGP-Z1 100L,,
October,2021,TGP-Z1 800L Pool,,
October,2021,TGP-Z1 Sta-87,,
October,2021,TGP-Z4 300L,4.34,-1.51
October,2021,TGP-Z4 Marcellus,4.34,-1.51
October,2021,TGP-Z4 Sta-219,,
October,2021,TGP-Z4 Sta-313,4.9,-0.95
October,2021,TGP-Z5 200L,5.19,-0.66
October,2021,TGP-Z6 200L,5.52,-0.33
October,2021,TGP-Z6 200L North,5.8,-0.05
October,2021,TGP-Z6 200L South,5.52,-0.33
October,2021,TGP-Z6 300L,,
October,2021,TGT-Mainline,5.52,-0.33
October,2021,TGT-North LA,,
October,2021,TGT-SL,5.56,-0.29
October,2021,Transco Zn3,5.82,-0.03
October,2021,Transco-165,,
October,2021,Transco-30,5.79,-0.06
October,2021,Transco-45,5.84,-0.01
October,2021,Transco-65,,
October,2021,Transco-85,5.82,-0.03
October,2021,Transco-River Road,,
October,2021,Transco-Z5,5.9,0.05
October,2021,Transco-Z5 North,,
October,2021,Transco-Z5 South,5.9,0.05
October,2021,Transco-Z6 (non-NY north ML),,
October,2021,Transco-Z6 (non-NY north),4.58,-1.27
October,2021,Transco-Z6 (non-NY south),,
October,2021,Transco-Z6 (non-NY),4.58,-1.27
October,2021,Transco-Z6 (NY),4.57,-1.28
October,2021,Transco-Z6 Sta-210,,
October,2021,Tres Palacios (inj),,
October,2021,Tres Palacios (w/d),,
October,2021,Trunkline-ELA,5.62,-0.23
October,2021,Trunkline-WLA,5.62,-0.23
October,2021,Trunkline-Z1A,5.52,-0.33
October,2021,TW-Blanco,5.23,-0.62
October,2021,TW-Central,,
October,2021,TW-Panhandle,4.82,-1.03
October,2021,TW-WTX,,
October,2021,Union-Dawn,5.43,-0.42
October,2021,Waha,4.92,-0.93
October,2021,White River Hub,,
October,2021,WIC,,
October,2021,0,,
October,2021,0,,
October,2021,0,,
October,2021,0,,
November,2021,AB Pool (inter),,
November,2021,AB Pool (intra),,
November,2021,AGT-CG,,
November,2021,AGT-CG (non-G),8.01,1.79
November,2021,Agua Dulce Hub,,
November,2021,ANR-Joliet Hub,,
November,2021,ANR-SE,,
November,2021,ANR-SE-T,6.17,-0.05
November,2021,ANR-SW,6.05,-0.17
November,2021,APC-ACE,,
November,2021,APC-ANR,,
November,2021,APC-MGTC,,
November,2021,APC-NGPL,,
November,2021,APC-Nicor,,
November,2021,APC-VPC,,
November,2021,Arena WTX Pool,,
November,2021,Atmos Zone 3,,
November,2021,Banquete Hub,,
November,2021,Bay Gas Storage,,
November,2021,Bennington,,
November,2021,Beverly Salem,,
November,2021,Bluewater Hub,,
November,2021,Bobcat Inter,,
November,2021,Bobcat Stor,,
November,2021,Carthage,,
November,2021,CG-Mainline,5.73,-0.49
November,2021,CG-Onshore,6.14,-0.08
November,2021,Cheyenne,5.87,-0.35
November,2021,Chicago,6.29,0.07
November,2021,CIG-Mainline,5.57,-0.65
November,2021,CIG-Mainline Pool,,
November,2021,CIG-Mainline South,,
November,2021,Clarington,,
November,2021,Clarington-Tenn,,
November,2021,Consumers,6.06,-0.16
November,2021,Cove Point,,
November,2021,Dracut,,
November,2021,Eastern Gas-North,,
November,2021,Eastern Gas-South,5.45,-0.77
November,2021,Egan Inter,,
November,2021,Egan Stor,,
November,2021,EGT-Flex,,
November,2021,EGT-North,,
November,2021,EGT-Perryville Hub,6.07,-0.15
November,2021,EGT-South,,
November,2021,EGT-West,,
November,2021,Enable East Pool,,
November,2021,Enable West Pool ,,
November,2021,ENT-STX Map,,
November,2021,EP-Anadarko,,
November,2021,EP-Keystone,,
November,2021,EP-Plains Pool,,
November,2021,EP-S.Mainline,,
November,2021,EP-SJ Blanco Pool,5.77,-0.45
November,2021,EP-SJ Bondad Stn,,
November,2021,EP-Waha Pool,5.59,-0.63
November,2021,ETC-Cleburne,,
November,2021,ETC-Maypearl,,
November,2021,ETC-Tiger Gas (receipt),,
November,2021,FGT-CG,,
November,2021,FGT-Z1,6.18,-0.04
November,2021,FGT-Z2,6.23,0.01
November,2021,FGT-Z3,6.3,0.08
November,2021,GCX Waha Hub,,
November,2021,Gillis Hub,,
November,2021,GLGT-St.Clair,,
November,2021,Golden Triangle,,
November,2021,GTN-Kingsgate,,
November,2021,GTN-Malin,,
November,2021,GTN-Stanfield,,
November,2021,Guardian Hub,,
November,2021,Gulf S. Pool 16,,
November,2021,Gulf South - Perryville,,
November,2021,Henry,6.22,0.0
November,2021,HPL-ETX Pool,,
November,2021,HSC-HPL Pool,6.13,-0.09
November,2021,HSC-Kinder Morgan,,
November,2021,Iroquois (into),6.34,0.12
November,2021,Iroquois-Z1,,
November,2021,Iroquois-Z2,7.22,1.0
November,2021,Iroquois-Z2 Hunts Pt,,
November,2021,Jefferson Island,,
November,2021,Katy-Enstor Pool,6.13,-0.09
November,2021,Katy-Lonestar Inter,,
November,2021,Katy-Lonestar Intra,,
November,2021,Katy-Oasis,,
November,2021,KRGT-Del Pool,6.95,0.73
November,2021,KRGT-Rec Pool,,
November,2021,Lebanon,5.99,-0.23
November,2021,Leidy,,
November,2021,Leidy-Transco,5.43,-0.79
November,2021,M&N US,,
November,2021,MEP-Lamar,,
November,2021,Michcon,5.93,-0.29
November,2021,Midship (receipt),,
November,2021,Millennium,,
November,2021,Millennium East Pool,5.42,-0.8
November,2021,Millennium-Ramapo,,
November,2021,Moss Bluff Inter,,
November,2021,Moss Bluff Stor,,
November,2021,MS Hub,,
November,2021,NBPL-Bakken (receipt),,
November,2021,NBPL-Harper,,
November,2021,NBPL-Nicor,6.35,0.13
November,2021,NBPL-Vector,,
November,2021,NBPL-Ventura,6.09,-0.13
November,2021,NBPL-Will County,,
November,2021,NGPL-AM Pool,,
November,2021,NGPL-AM Stor,,
November,2021,NGPL-GC Mainline,,
November,2021,NGPL-IA/IL AM Pool,,
November,2021,NGPL-IA/IL AM Stor,,
November,2021,NGPL-IA/IL GC Pool,,
November,2021,NGPL-IA/IL GC Stor,,
November,2021,NGPL-LA Pool,,
November,2021,NGPL-LA Stor,,
November,2021,NGPL-MidAm,,
November,2021,NGPL-Midcont Pool,6.01,-0.21
November,2021,NGPL-Midcont Stor,,
November,2021,NGPL-Nicor,6.35,0.13
November,2021,NGPL-Nipsco,6.21,-0.01
November,2021,NGPL-STX,6.08,-0.14
November,2021,NGPL-TXOK East,6.04,-0.18
November,2021,NGPL-TXOK East Stor,6.04,-0.18
November,2021,NGPL-TXOK West,6.04,-0.18
November,2021,NNG-Demarc,6.34,0.12
November,2021,NNG-Mid 13-16A,,
November,2021,NNG-Mid 1-7,,
November,2021,NNG-Mid 8-12,,
November,2021,NNG-Ventura,5.95,-0.27
November,2021,Nortex-Tolar Hub,,
November,2021,NWP-Rocky Mtn,6.34,0.12
November,2021,NWP-Sumas,6.47,0.25
November,2021,NWP-Wyoming,,
November,2021,Oasis - Waha Pool,,
November,2021,OGT,,
November,2021,ONEOK Westex,6.09,-0.13
November,2021,Opal,,
November,2021,Panhandle,6.01,-0.21
November,2021,PG&E-Citygate,7.51,1.29
November,2021,PG&E-Daggett,,
November,2021,PG&E-KRS,,
November,2021,PG&E-Topock,,
November,2021,PGLC,6.22,0.0
November,2021,Pine Prairie,6.15,-0.07
November,2021,Pioneer,,
November,2021,PNGTS,,
November,2021,Questar-North,,
November,2021,Questar-South,,
November,2021,REX Cheyenne Comp Pool,,
November,2021,REX E-ANR,,
November,2021,REX E-MidW,,
November,2021,REX E-NGPL,,
November,2021,REX E-PEPL,,
November,2021,REX E-Trunk,,
November,2021,REX W-ANR,,
November,2021,REX W-NGPL,,
November,2021,REX W-NNG,,
November,2021,REX W-PEPL,,
November,2021,REX-Z3 (receipt) ,,
November,2021,REX-Z3 Del Pool,6.0,-0.22
November,2021,Rover (receipt),,
November,2021,Rover-ANR,5.98,-0.24
November,2021,Rover-PEPL,5.98,-0.24
November,2021,Ruby-Onyx Hill,,
November,2021,Ruby-Rec Pool,,
November,2021,Ryckman Creek Stor,,
November,2021,Salt Plains Inter,,
November,2021,Salt Plains Stor,,
November,2021,Socal-Blythe,,
November,2021,Socal-Border,6.37,0.15
November,2021,Socal-Citygate,7.64,1.42
November,2021,Socal-Ehrenberg,,
November,2021,Socal-Firm Stor,,
November,2021,Socal-IT Stor,,
November,2021,Socal-Kramer,,
November,2021,Socal-KRS,,
November,2021,Socal-Needles,,
November,2021,Socal-Storage,,
November,2021,Socal-Topock (EP),,
November,2021,Socal-Topock (TW),,
November,2021,Socal-WR,,
November,2021,Sonat-Z0 South,6.15,-0.07
November,2021,Sonat-Z1 North,,
November,2021,Southern Pines Hub,,
November,2021,Southern Star,5.96,-0.26
November,2021,Spectra - Hunt,,
November,2021,Stagecoach ,,
November,2021,Stingray,,
November,2021,TCO,5.56,-0.66
November,2021,TCO-A04 Pool,,
November,2021,TCO-A06 Pool,,
November,2021,TCO-A08 Pool,,
November,2021,TCO-Seg Pool,,
November,2021,TETCO-ELA,5.94,-0.28
November,2021,TETCO-ETX,6.02,-0.2
November,2021,TETCO-M1 24,,
November,2021,TETCO-M1 30,5.94,-0.28
November,2021,TETCO-M2,,
November,2021,TETCO-M2 (receipt),5.4,-0.82
November,2021,TETCO-M3,5.88,-0.34
November,2021,TETCO-Manhattan,,
November,2021,TETCO-STX,6.17,-0.05
November,2021,TETCO-WLA,6.14,-0.08
November,2021,TGP-500L,6.16,-0.06
November,2021,TGP-800L,6.13,-0.09
November,2021,TGP-Mahwah,,
November,2021,TGP-Niagara,5.81,-0.41
November,2021,TGP-Z0 Border Pool,6.03,-0.19
November,2021,TGP-Z0 North,6.03,-0.19
November,2021,TGP-Z0 South,6.03,-0.19
November,2021,TGP-Z1 100L,,
November,2021,TGP-Z1 800L Pool,,
November,2021,TGP-Z1 Sta-87,,
November,2021,TGP-Z4 300L,5.33,-0.89
November,2021,TGP-Z4 Marcellus,5.33,-0.89
November,2021,TGP-Z4 Sta-219,,
November,2021,TGP-Z4 Sta-313,5.57,-0.65
November,2021,TGP-Z5 200L,5.78,-0.44
November,2021,TGP-Z6 200L,8.98,2.76
November,2021,TGP-Z6 200L North,9.95,3.73
November,2021,TGP-Z6 200L South,8.0,1.78
November,2021,TGP-Z6 300L,,
November,2021,TGT-Mainline,6.0,-0.22
November,2021,TGT-North LA,,
November,2021,TGT-SL,6.04,-0.18
November,2021,Transco Zn3,6.19,-0.03
November,2021,Transco-165,,
November,2021,Transco-30,6.14,-0.08
November,2021,Transco-45,6.22,0.0
November,2021,Transco-65,,
November,2021,Transco-85,6.23,0.01
November,2021,Transco-River Road,,
November,2021,Transco-Z5,6.47,0.25
November,2021,Transco-Z5 North,,
November,2021,Transco-Z5 South,6.47,0.25
November,2021,Transco-Z6 (non-NY north ML),,
November,2021,Transco-Z6 (non-NY north),5.8,-0.42
November,2021,Transco-Z6 (non-NY south),,
November,2021,Transco-Z6 (non-NY),5.8,-0.42
November,2021,Transco-Z6 (NY),5.87,-0.35
November,2021,Transco-Z6 Sta-210,,
November,2021,Tres Palacios (inj),,
November,2021,Tres Palacios (w/d),,
November,2021,Trunkline-ELA,6.09,-0.13
November,2021,Trunkline-WLA,6.09,-0.13
November,2021,Trunkline-Z1A,5.99,-0.23
November,2021,TW-Blanco,5.79,-0.43
November,2021,TW-Central,,
November,2021,TW-Panhandle,5.35,-0.87
November,2021,TW-WTX,,
November,2021,Union-Dawn,6.08,-0.14
November,2021,Waha,5.56,-0.66
November,2021,White River Hub,,
November,2021,WIC,,
November,2021,0,,
November,2021,0,,
November,2021,0,,
November,2021,0,,
December,2021,AB Pool (inter),,
December,2021,AB Pool (intra),,
December,2021,AGT-CG,,
December,2021,AGT-CG (non-G),12.15,6.69
December,2021,Agua Dulce Hub,,
December,2021,ANR-Joliet Hub,,
December,2021,ANR-SE,,
December,2021,ANR-SE-T,5.44,-0.02
December,2021,ANR-SW,5.11,-0.35
December,2021,APC-ACE,,
December,2021,APC-ANR,,
December,2021,APC-MGTC,,
December,2021,APC-NGPL,,
December,2021,APC-Nicor,,
December,2021,APC-VPC,,
December,2021,Arena WTX Pool,,
December,2021,Atmos Zone 3,,
December,2021,Banquete Hub,,
December,2021,Bay Gas Storage,,
December,2021,Bennington,,
December,2021,Beverly Salem,,
December,2021,Bluewater Hub,,
December,2021,Bobcat Inter,,
December,2021,Bobcat Stor,,
December,2021,Carthage,,
December,2021,CG-Mainline,5.16,-0.3
December,2021,CG-Onshore,5.4,-0.06
December,2021,Cheyenne,5.13,-0.33
December,2021,Chicago,5.62,0.16
December,2021,CIG-Mainline,4.91,-0.55
December,2021,CIG-Mainline Pool,,
December,2021,CIG-Mainline South,,
December,2021,Clarington,,
December,2021,Clarington-Tenn,,
December,2021,Consumers,5.3,-0.16
December,2021,Cove Point,,
December,2021,Dracut,,
December,2021,Eastern Gas-North,,
December,2021,Eastern Gas-South,4.83,-0.63
December,2021,Egan Inter,,
December,2021,Egan Stor,,
December,2021,EGT-Flex,,
December,2021,EGT-North,,
December,2021,EGT-Perryville Hub,5.33,-0.13
December,2021,EGT-South,,
December,2021,EGT-West,,
December,2021,Enable East Pool,,
December,2021,Enable West Pool ,,
December,2021,ENT-STX Map,,
December,2021,EP-Anadarko,,
December,2021,EP-Keystone,,
December,2021,EP-Plains Pool,,
December,2021,EP-S.Mainline,,
December,2021,EP-SJ Blanco Pool,5.08,-0.38
December,2021,EP-SJ Bondad Stn,,
December,2021,EP-Waha Pool,4.75,-0.71
December,2021,ETC-Cleburne,,
December,2021,ETC-Maypearl,,
December,2021,ETC-Tiger Gas (receipt),,
December,2021,FGT-CG,,
December,2021,FGT-Z1,5.49,0.03
December,2021,FGT-Z2,5.54,0.08
December,2021,FGT-Z3,5.58,0.12
December,2021,GCX Waha Hub,,
December,2021,Gillis Hub,,
December,2021,GLGT-St.Clair,,
December,2021,Golden Triangle,,
December,2021,GTN-Kingsgate,,
December,2021,GTN-Malin,,
December,2021,GTN-Stanfield,,
December,2021,Guardian Hub,,
December,2021,Gulf S. Pool 16,,
December,2021,Gulf South - Perryville,,
December,2021,Henry,5.46,0.0
December,2021,HPL-ETX Pool,,
December,2021,HSC-HPL Pool,5.54,0.08
December,2021,HSC-Kinder Morgan,,
December,2021,Iroquois (into),6.15,0.69
December,2021,Iroquois-Z1,,
December,2021,Iroquois-Z2,10.83,5.37
December,2021,Iroquois-Z2 Hunts Pt,,
December,2021,Jefferson Island,,
December,2021,Katy-Enstor Pool,5.5,0.04
December,2021,Katy-Lonestar Inter,,
December,2021,Katy-Lonestar Intra,,
December,2021,Katy-Oasis,,
December,2021,KRGT-Del Pool,6.7,1.24
December,2021,KRGT-Rec Pool,,
December,2021,Lebanon,5.27,-0.19
December,2021,Leidy,,
December,2021,Leidy-Transco,4.82,-0.64
December,2021,M&N US,,
December,2021,MEP-Lamar,,
December,2021,Michcon,5.06,-0.4
December,2021,Midship (receipt),,
December,2021,Millennium,,
December,2021,Millennium East Pool,4.85,-0.61
December,2021,Millennium-Ramapo,,
December,2021,Moss Bluff Inter,,
December,2021,Moss Bluff Stor,,
December,2021,MS Hub,,
December,2021,NBPL-Bakken (receipt),,
December,2021,NBPL-Harper,,
December,2021,NBPL-Nicor,5.63,0.17
December,2021,NBPL-Vector,,
December,2021,NBPL-Ventura,5.33,-0.13
December,2021,NBPL-Will County,,
December,2021,NGPL-AM Pool,,
December,2021,NGPL-AM Stor,,
December,2021,NGPL-GC Mainline,,
December,2021,NGPL-IA/IL AM Pool,,
December,2021,NGPL-IA/IL AM Stor,,
December,2021,NGPL-IA/IL GC Pool,,
December,2021,NGPL-IA/IL GC Stor,,
December,2021,NGPL-LA Pool,,
December,2021,NGPL-LA Stor,,
December,2021,NGPL-MidAm,,
December,2021,NGPL-Midcont Pool,5.23,-0.23
December,2021,NGPL-Midcont Stor,,
December,2021,NGPL-Nicor,5.63,0.17
December,2021,NGPL-Nipsco,5.59,0.13
December,2021,NGPL-STX,5.29,-0.17
December,2021,NGPL-TXOK East,5.25,-0.21
December,2021,NGPL-TXOK East Stor,5.25,-0.21
December,2021,NGPL-TXOK West,5.25,-0.21
December,2021,NNG-Demarc,5.71,0.25
December,2021,NNG-Mid 13-16A,,
December,2021,NNG-Mid 1-7,,
December,2021,NNG-Mid 8-12,,
December,2021,NNG-Ventura,5.5,0.04
December,2021,Nortex-Tolar Hub,,
December,2021,NWP-Rocky Mtn,5.78,0.32
December,2021,NWP-Sumas,7.15,1.69
December,2021,NWP-Wyoming,,
December,2021,Oasis - Waha Pool,,
December,2021,OGT,,
December,2021,ONEOK Westex,5.62,0.16
December,2021,Opal,,
December,2021,Panhandle,5.42,-0.04
December,2021,PG&E-Citygate,6.35,0.89
December,2021,PG&E-Daggett,,
December,2021,PG&E-KRS,,
December,2021,PG&E-Topock,,
December,2021,PGLC,5.55,0.09
December,2021,Pine Prairie,5.39,-0.07
December,2021,Pioneer,,
December,2021,PNGTS,,
December,2021,Questar-North,,
December,2021,Questar-South,,
December,2021,REX Cheyenne Comp Pool,,
December,2021,REX E-ANR,,
December,2021,REX E-MidW,,
December,2021,REX E-NGPL,,
December,2021,REX E-PEPL,,
December,2021,REX E-Trunk,,
December,2021,REX W-ANR,,
December,2021,REX W-NGPL,,
December,2021,REX W-NNG,,
December,2021,REX W-PEPL,,
December,2021,REX-Z3 (receipt) ,,
December,2021,REX-Z3 Del Pool,5.29,-0.17
December,2021,Rover (receipt),,
December,2021,Rover-ANR,5.28,-0.18
December,2021,Rover-PEPL,5.28,-0.18
December,2021,Ruby-Onyx Hill,,
December,2021,Ruby-Rec Pool,,
December,2021,Ryckman Creek Stor,,
December,2021,Salt Plains Inter,,
December,2021,Salt Plains Stor,,
December,2021,Socal-Blythe,,
December,2021,Socal-Border,6.25,0.79
December,2021,Socal-Citygate,7.38,1.92
December,2021,Socal-Ehrenberg,,
December,2021,Socal-Firm Stor,,
December,2021,Socal-IT Stor,,
December,2021,Socal-Kramer,,
December,2021,Socal-KRS,,
December,2021,Socal-Needles,,
December,2021,Socal-Storage,,
December,2021,Socal-Topock (EP),,
December,2021,Socal-Topock (TW),,
December,2021,Socal-WR,,
December,2021,Sonat-Z0 South,5.44,-0.02
December,2021,Sonat-Z1 North,,
December,2021,Southern Pines Hub,,
December,2021,Southern Star,5.59,0.13
December,2021,Spectra - Hunt,,
December,2021,Stagecoach ,,
December,2021,Stingray,,
December,2021,TCO,4.95,-0.51
December,2021,TCO-A04 Pool,,
December,2021,TCO-A06 Pool,,
December,2021,TCO-A08 Pool,,
December,2021,TCO-Seg Pool,,
December,2021,TETCO-ELA,5.22,-0.24
December,2021,TETCO-ETX,5.34,-0.12
December,2021,TETCO-M1 24,,
December,2021,TETCO-M1 30,5.3,-0.16
December,2021,TETCO-M2,,
December,2021,TETCO-M2 (receipt),4.83,-0.63
December,2021,TETCO-M3,7.31,1.85
December,2021,TETCO-Manhattan,,
December,2021,TETCO-STX,5.49,0.03
December,2021,TETCO-WLA,5.37,-0.09
December,2021,TGP-500L,5.37,-0.09
December,2021,TGP-800L,5.39,-0.07
December,2021,TGP-Mahwah,,
December,2021,TGP-Niagara,5.2,-0.26
December,2021,TGP-Z0 Border Pool,5.28,-0.18
December,2021,TGP-Z0 North,5.28,-0.18
December,2021,TGP-Z0 South,5.28,-0.18
December,2021,TGP-Z1 100L,,
December,2021,TGP-Z1 800L Pool,,
December,2021,TGP-Z1 Sta-87,,
December,2021,TGP-Z4 300L,4.71,-0.75
December,2021,TGP-Z4 Marcellus,4.71,-0.75
December,2021,TGP-Z4 Sta-219,,
December,2021,TGP-Z4 Sta-313,4.82,-0.64
December,2021,TGP-Z5 200L,5.1,-0.36
December,2021,TGP-Z6 200L,12.45,6.99
December,2021,TGP-Z6 200L North,,
December,2021,TGP-Z6 200L South,12.45,6.99
December,2021,TGP-Z6 300L,,
December,2021,TGT-Mainline,5.27,-0.19
December,2021,TGT-North LA,,
December,2021,TGT-SL,5.31,-0.15
December,2021,Transco Zn3,5.47,0.01
December,2021,Transco-165,,
December,2021,Transco-30,5.4,-0.06
December,2021,Transco-45,5.47,0.01
December,2021,Transco-65,,
December,2021,Transco-85,5.49,0.03
December,2021,Transco-River Road,,
December,2021,Transco-Z5,8.25,2.79
December,2021,Transco-Z5 North,,
December,2021,Transco-Z5 South,8.26,2.8
December,2021,Transco-Z6 (non-NY north ML),,
December,2021,Transco-Z6 (non-NY north),6.63,1.17
December,2021,Transco-Z6 (non-NY south),,
December,2021,Transco-Z6 (non-NY),6.63,1.17
December,2021,Transco-Z6 (NY),7.8,2.34
December,2021,Transco-Z6 Sta-210,,
December,2021,Tres Palacios (inj),,
December,2021,Tres Palacios (w/d),,
December,2021,Trunkline-ELA,5.38,-0.08
December,2021,Trunkline-WLA,5.38,-0.08
December,2021,Trunkline-Z1A,5.28,-0.18
December,2021,TW-Blanco,5.44,-0.02
December,2021,TW-Central,,
December,2021,TW-Panhandle,4.8,-0.66
December,2021,TW-WTX,,
December,2021,Union-Dawn,5.3,-0.16
December,2021,Waha,4.76,-0.7
December,2021,White River Hub,,
December,2021,WIC,,
December,2021,0,,
December,2021,0,,
December,2021,0,,
December,2021,0,,
January,2022,AB Pool (inter),,
January,2022,AB Pool (intra),,
January,2022,AGT-CG,,
January,2022,AGT-CG (non-G),19.39,15.38
January,2022,Agua Dulce Hub,,
January,2022,ANR-Joliet Hub,,
January,2022,ANR-SE,,
January,2022,ANR-SE-T,4.06,0.05
January,2022,ANR-SW,5.93,1.92
January,2022,APC-ACE,,
January,2022,APC-ANR,,
January,2022,APC-MGTC,,
January,2022,APC-NGPL,,
January,2022,APC-Nicor,,
January,2022,APC-VPC,,
January,2022,Arena WTX Pool,,
January,2022,Atmos Zone 3,,
January,2022,Banquete Hub,,
January,2022,Bay Gas Storage,,
January,2022,Bennington,,
January,2022,Beverly Salem,,
January,2022,Bluewater Hub,,
January,2022,Bobcat Inter,,
January,2022,Bobcat Stor,,
January,2022,Carthage,,
January,2022,CG-Mainline,3.79,-0.22
January,2022,CG-Onshore,3.96,-0.05
January,2022,Cheyenne,5.54,1.53
January,2022,Chicago,5.68,1.67
January,2022,CIG-Mainline,5.39,1.38
January,2022,CIG-Mainline Pool,,
January,2022,CIG-Mainline South,,
January,2022,Clarington,,
January,2022,Clarington-Tenn,,
January,2022,Consumers,4.08,0.07
January,2022,Cove Point,,
January,2022,Dracut,,
January,2022,Eastern Gas-North,,
January,2022,Eastern Gas-South,3.15,-0.86
January,2022,Egan Inter,,
January,2022,Egan Stor,,
January,2022,EGT-Flex,,
January,2022,EGT-North,,
January,2022,EGT-Perryville Hub,4.84,0.83
January,2022,EGT-South,,
January,2022,EGT-West,,
January,2022,Enable East Pool,,
January,2022,Enable West Pool ,,
January,2022,ENT-STX Map,,
January,2022,EP-Anadarko,,
January,2022,EP-Keystone,,
January,2022,EP-Plains Pool,,
January,2022,EP-S.Mainline,,
January,2022,EP-SJ Blanco Pool,6.3,2.29
January,2022,EP-SJ Bondad Stn,,
January,2022,EP-Waha Pool,4.54,0.53
January,2022,ETC-Cleburne,,
January,2022,ETC-Maypearl,,
January,2022,ETC-Tiger Gas (receipt),,
January,2022,FGT-CG,,
January,2022,FGT-Z1,4.05,0.04
January,2022,FGT-Z2,4.1,0.09
January,2022,FGT-Z3,4.13,0.12
January,2022,GCX Waha Hub,,
January,2022,Gillis Hub,,
January,2022,GLGT-St.Clair,,
January,2022,Golden Triangle,,
January,2022,GTN-Kingsgate,,
January,2022,GTN-Malin,,
January,2022,GTN-Stanfield,,
January,2022,Guardian Hub,,
January,2022,Gulf S. Pool 16,,
January,2022,Gulf South - Perryville,,
January,2022,Henry,4.01,0.0
January,2022,HPL-ETX Pool,,
January,2022,HSC-HPL Pool,4.66,0.65
January,2022,HSC-Kinder Morgan,,
January,2022,Iroquois (into),5.43,1.42
January,2022,Iroquois-Z1,,
January,2022,Iroquois-Z2,13.36,9.35
January,2022,Iroquois-Z2 Hunts Pt,,
January,2022,Jefferson Island,,
January,2022,Katy-Enstor Pool,,
January,2022,Katy-Lonestar Inter,,
January,2022,Katy-Lonestar Intra,,
January,2022,Katy-Oasis,,
January,2022,KRGT-Del Pool,8.97,4.96
January,2022,KRGT-Rec Pool,,
January,2022,Lebanon,4.07,0.06
January,2022,Leidy,,
January,2022,Leidy-Transco,3.17,-0.84
January,2022,M&N US,,
January,2022,MEP-Lamar,,
January,2022,Michcon,3.95,-0.06
January,2022,Midship (receipt),,
January,2022,Millennium,,
January,2022,Millennium East Pool,3.33,-0.68
January,2022,Millennium-Ramapo,,
January,2022,Moss Bluff Inter,,
January,2022,Moss Bluff Stor,,
January,2022,MS Hub,,
January,2022,NBPL-Bakken (receipt),,
January,2022,NBPL-Harper,,
January,2022,NBPL-Nicor,5.65,1.64
January,2022,NBPL-Vector,,
January,2022,NBPL-Ventura,7.06,3.05
January,2022,NBPL-Will County,,
January,2022,NGPL-AM Pool,,
January,2022,NGPL-AM Stor,,
January,2022,NGPL-GC Mainline,,
January,2022,NGPL-IA/IL AM Pool,,
January,2022,NGPL-IA/IL AM Stor,,
January,2022,NGPL-IA/IL GC Pool,,
January,2022,NGPL-IA/IL GC Stor,,
January,2022,NGPL-LA Pool,,
January,2022,NGPL-LA Stor,,
January,2022,NGPL-MidAm,,
January,2022,NGPL-Midcont Pool,5.34,1.33
January,2022,NGPL-Midcont Stor,,
January,2022,NGPL-Nicor,5.65,1.64
January,2022,NGPL-Nipsco,5.69,1.68
January,2022,NGPL-STX,4.0,-0.01
January,2022,NGPL-TXOK East,3.96,-0.05
January,2022,NGPL-TXOK East Stor,3.96,-0.05
January,2022,NGPL-TXOK West,3.96,-0.05
January,2022,NNG-Demarc,6.31,2.3
January,2022,NNG-Mid 13-16A,,
January,2022,NNG-Mid 1-7,,
January,2022,NNG-Mid 8-12,,
January,2022,NNG-Ventura,7.21,3.2
January,2022,Nortex-Tolar Hub,,
January,2022,NWP-Rocky Mtn,7.87,3.86
January,2022,NWP-Sumas,10.81,6.8
January,2022,NWP-Wyoming,7.87,3.86
January,2022,Oasis - Waha Pool,,
January,2022,OGT,,
January,2022,ONEOK Westex,6.65,2.64
January,2022,Opal,,
January,2022,Panhandle,5.38,1.37
January,2022,PG&E-Citygate,7.72,3.71
January,2022,PG&E-Daggett,,
January,2022,PG&E-KRS,,
January,2022,PG&E-Topock,,
January,2022,PGLC,5.62,1.61
January,2022,Pine Prairie,3.98,-0.03
January,2022,Pioneer,,
January,2022,PNGTS,,
January,2022,Questar-North,,
January,2022,Questar-South,,
January,2022,REX Cheyenne Comp Pool,,
January,2022,REX E-ANR,,
January,2022,REX E-MidW,,
January,2022,REX E-NGPL,,
January,2022,REX E-PEPL,,
January,2022,REX E-Trunk,,
January,2022,REX W-ANR,,
January,2022,REX W-NGPL,,
January,2022,REX W-NNG,,
January,2022,REX W-PEPL,,
January,2022,REX-Z3 (receipt) ,,
January,2022,REX-Z3 Del Pool,4.33,0.32
January,2022,Rover (receipt),,
January,2022,Rover-ANR,,
January,2022,Rover-PEPL,,
January,2022,Ruby-Onyx Hill,,
January,2022,Ruby-Rec Pool,,
January,2022,Ryckman Creek Stor,,
January,2022,Salt Plains Inter,,
January,2022,Salt Plains Stor,,
January,2022,Socal-Blythe,,
January,2022,Socal-Border,8.91,4.9
January,2022,Socal-Citygate,9.84,5.83
January,2022,Socal-Ehrenberg,,
January,2022,Socal-Firm Stor,,
January,2022,Socal-IT Stor,,
January,2022,Socal-Kramer,,
January,2022,Socal-KRS,,
January,2022,Socal-Needles,,
January,2022,Socal-Storage,,
January,2022,Socal-Topock (EP),,
January,2022,Socal-Topock (TW),,
January,2022,Socal-WR,,
January,2022,Sonat-Z0 South,4.02,0.01
January,2022,Sonat-Z1 North,,
January,2022,Southern Pines Hub,,
January,2022,Southern Star,5.95,1.94
January,2022,Spectra - Hunt,,
January,2022,Stagecoach ,,
January,2022,Stingray,,
January,2022,TCO,3.3,-0.71
January,2022,TCO-A04 Pool,,
January,2022,TCO-A06 Pool,,
January,2022,TCO-A08 Pool,,
January,2022,TCO-Seg Pool,,
January,2022,TETCO-ELA,3.8,-0.21
January,2022,TETCO-ETX,4.06,0.05
January,2022,TETCO-M1 24,,
January,2022,TETCO-M1 30,,
January,2022,TETCO-M2,,
January,2022,TETCO-M2 (receipt),3.17,-0.84
January,2022,TETCO-M3,5.88,1.87
January,2022,TETCO-Manhattan,,
January,2022,TETCO-STX,4.21,0.2
January,2022,TETCO-WLA,3.95,-0.06
January,2022,TGP-500L,3.97,-0.04
January,2022,TGP-800L,3.96,-0.05
January,2022,TGP-Mahwah,,
January,2022,TGP-Niagara,3.82,-0.19
January,2022,TGP-Z0 Border Pool,3.99,-0.02
January,2022,TGP-Z0 North,3.99,-0.02
January,2022,TGP-Z0 South,3.99,-0.02
January,2022,TGP-Z1 100L,,
January,2022,TGP-Z1 800L Pool,,
January,2022,TGP-Z1 Sta-87,,
January,2022,TGP-Z4 300L,3.16,-0.85
January,2022,TGP-Z4 Marcellus,3.16,-0.85
January,2022,TGP-Z4 Sta-219,,
January,2022,TGP-Z4 Sta-313,3.17,-0.84
January,2022,TGP-Z5 200L,3.66,-0.35
January,2022,TGP-Z6 200L,20.02,16.01
January,2022,TGP-Z6 200L North,,
January,2022,TGP-Z6 200L South,20.02,16.01
January,2022,TGP-Z6 300L,,
January,2022,TGT-Mainline,3.92,-0.09
January,2022,TGT-North LA,,
January,2022,TGT-SL,3.96,-0.05
January,2022,Transco Zn3,4.06,0.05
January,2022,Transco-165,,
January,2022,Transco-30,4.02,0.01
January,2022,Transco-45,4.05,0.04
January,2022,Transco-65,,
January,2022,Transco-85,4.09,0.08
January,2022,Transco-River Road,,
January,2022,Transco-Z5,8.57,4.56
January,2022,Transco-Z5 North,,
January,2022,Transco-Z5 South,8.57,4.56
January,2022,Transco-Z6 (non-NY north ML),,
January,2022,Transco-Z6 (non-NY north),5.94,1.93
January,2022,Transco-Z6 (non-NY south),,
January,2022,Transco-Z6 (non-NY),5.94,1.93
January,2022,Transco-Z6 (NY),7.32,3.31
January,2022,Transco-Z6 Sta-210,,
January,2022,Tres Palacios (inj),,
January,2022,Tres Palacios (w/d),,
January,2022,Trunkline-ELA,4.04,0.03
January,2022,Trunkline-WLA,4.04,0.03
January,2022,Trunkline-Z1A,3.94,-0.07
January,2022,TW-Blanco,6.52,2.51
January,2022,TW-Central,,
January,2022,TW-Panhandle,4.55,0.54
January,2022,TW-WTX,,
January,2022,Union-Dawn,4.14,0.13
January,2022,Waha,4.55,0.54
January,2022,White River Hub,,
January,2022,WIC,,
January,2022,0,,
January,2022,0,,
January,2022,0,,
January,2022,0,,
February,2022,AB Pool (inter),,
February,2022,AB Pool (intra),,
February,2022,AGT-CG,,
February,2022,AGT-CG (non-G),19.75,13.44
February,2022,Agua Dulce Hub,,
February,2022,ANR-Joliet Hub,,
February,2022,ANR-SE,,
February,2022,ANR-SE-T,6.29,-0.02
February,2022,ANR-SW,6.69,0.38
February,2022,APC-ACE,,
February,2022,APC-ANR,,
February,2022,APC-MGTC,,
February,2022,APC-NGPL,,
February,2022,APC-Nicor,,
February,2022,APC-VPC,,
February,2022,Arena WTX Pool,,
February,2022,Atmos Zone 3,,
February,2022,Banquete Hub,,
February,2022,Bay Gas Storage,,
February,2022,Bennington,,
February,2022,Beverly Salem,,
February,2022,Bluewater Hub,,
February,2022,Bobcat Inter,,
February,2022,Bobcat Stor,,
February,2022,Carthage,,
February,2022,CG-Mainline,6.06,-0.25
February,2022,CG-Onshore,6.23,-0.08
February,2022,Cheyenne,4.83,-1.48
February,2022,Chicago,7.02,0.71
February,2022,CIG-Mainline,4.77,-1.54
February,2022,CIG-Mainline Pool,,
February,2022,CIG-Mainline South,,
February,2022,Clarington,,
February,2022,Clarington-Tenn,,
February,2022,Consumers,6.35,0.04
February,2022,Cove Point,,
February,2022,Dracut,,
February,2022,Eastern Gas-North,,
February,2022,Eastern Gas-South,5.7,-0.61
February,2022,Egan Inter,,
February,2022,Egan Stor,,
February,2022,EGT-Flex,,
February,2022,EGT-North,,
February,2022,EGT-Perryville Hub,6.41,0.1
February,2022,EGT-South,,
February,2022,EGT-West,,
February,2022,Enable East Pool,,
February,2022,Enable West Pool ,,
February,2022,ENT-STX Map,,
February,2022,EP-Anadarko,,
February,2022,EP-Keystone,,
February,2022,EP-Plains Pool,,
February,2022,EP-S.Mainline,,
February,2022,EP-SJ Blanco Pool,5.01,-1.3
February,2022,EP-SJ Bondad Stn,,
February,2022,EP-Waha Pool,4.27,-2.04
February,2022,ETC-Cleburne,,
February,2022,ETC-Maypearl,,
February,2022,ETC-Tiger Gas (receipt),,
February,2022,FGT-CG,,
February,2022,FGT-Z1,6.3,-0.01
February,2022,FGT-Z2,6.32,0.01
February,2022,FGT-Z3,6.45,0.14
February,2022,GCX Waha Hub,,
February,2022,Gillis Hub,,
February,2022,GLGT-St.Clair,,
February,2022,Golden Triangle,,
February,2022,GTN-Kingsgate,,
February,2022,GTN-Malin,,
February,2022,GTN-Stanfield,,
February,2022,Guardian Hub,,
February,2022,Gulf S. Pool 16,,
February,2022,Gulf South - Perryville,,
February,2022,Henry,6.31,0.0
February,2022,HPL-ETX Pool,,
February,2022,HSC-HPL Pool,6.42,0.11
February,2022,HSC-Kinder Morgan,,
February,2022,Iroquois (into),9.06,2.75
February,2022,Iroquois-Z1,,
February,2022,Iroquois-Z2,18.32,12.01
February,2022,Iroquois-Z2 Hunts Pt,,
February,2022,Jefferson Island,,
February,2022,Katy-Enstor Pool,6.37,0.06
February,2022,Katy-Lonestar Inter,,
February,2022,Katy-Lonestar Intra,,
February,2022,Katy-Oasis,,
February,2022,KRGT-Del Pool,5.45,-0.86
February,2022,KRGT-Rec Pool,,
February,2022,Lebanon,6.27,-0.04
February,2022,Leidy,,
February,2022,Leidy-Transco,5.77,-0.54
February,2022,M&N US,,
February,2022,MEP-Lamar,,
February,2022,Michcon,6.15,-0.16
February,2022,Midship (receipt),,
February,2022,Millennium,,
February,2022,Millennium East Pool,5.82,-0.49
February,2022,Millennium-Ramapo,,
February,2022,Moss Bluff Inter,,
February,2022,Moss Bluff Stor,,
February,2022,MS Hub,,
February,2022,NBPL-Bakken (receipt),,
February,2022,NBPL-Harper,,
February,2022,NBPL-Nicor,7.0,0.69
February,2022,NBPL-Vector,,
February,2022,NBPL-Ventura,6.1,-0.21
February,2022,NBPL-Will County,,
February,2022,NGPL-AM Pool,,
February,2022,NGPL-AM Stor,,
February,2022,NGPL-GC Mainline,,
February,2022,NGPL-IA/IL AM Pool,,
February,2022,NGPL-IA/IL AM Stor,,
February,2022,NGPL-IA/IL GC Pool,,
February,2022,NGPL-IA/IL GC Stor,,
February,2022,NGPL-LA Pool,,
February,2022,NGPL-LA Stor,,
February,2022,NGPL-MidAm,,
February,2022,NGPL-Midcont Pool,6.27,-0.04
February,2022,NGPL-Midcont Stor,,
February,2022,NGPL-Nicor,7.0,0.69
February,2022,NGPL-Nipsco,7.03,0.72
February,2022,NGPL-STX,6.2,-0.11
February,2022,NGPL-TXOK East,6.16,-0.15
February,2022,NGPL-TXOK East Stor,6.16,-0.15
February,2022,NGPL-TXOK West,6.16,-0.15
February,2022,NNG-Demarc,6.96,0.65
February,2022,NNG-Mid 13-16A,,
February,2022,NNG-Mid 1-7,,
February,2022,NNG-Mid 8-12,,
February,2022,NNG-Ventura,6.02,-0.29
February,2022,Nortex-Tolar Hub,,
February,2022,NWP-Rocky Mtn,5.04,-1.27
February,2022,NWP-Sumas,5.0,-1.31
February,2022,NWP-Wyoming,5.04,-1.27
February,2022,Oasis - Waha Pool,,
February,2022,OGT,,
February,2022,ONEOK Westex,7.39,1.08
February,2022,Opal,,
February,2022,Panhandle,6.58,0.27
February,2022,PG&E-Citygate,5.4,-0.91
February,2022,PG&E-Daggett,,
February,2022,PG&E-KRS,,
February,2022,PG&E-Topock,,
February,2022,PGLC,6.99,0.68
February,2022,Pine Prairie,6.27,-0.04
February,2022,Pioneer,,
February,2022,PNGTS,,
February,2022,Questar-North,,
February,2022,Questar-South,,
February,2022,REX Cheyenne Comp Pool,,
February,2022,REX E-ANR,,
February,2022,REX E-MidW,,
February,2022,REX E-NGPL,,
February,2022,REX E-PEPL,,
February,2022,REX E-Trunk,,
February,2022,REX W-ANR,,
February,2022,REX W-NGPL,,
February,2022,REX W-NNG,,
February,2022,REX W-PEPL,,
February,2022,REX-Z3 (receipt) ,,
February,2022,REX-Z3 Del Pool,6.46,0.15
February,2022,Rover (receipt),,
February,2022,Rover-ANR,6.28,-0.03
February,2022,Rover-PEPL,6.28,-0.03
February,2022,Ruby-Onyx Hill,,
February,2022,Ruby-Rec Pool,,
February,2022,Ryckman Creek Stor,,
February,2022,Salt Plains Inter,,
February,2022,Salt Plains Stor,,
February,2022,Socal-Blythe,,
February,2022,Socal-Border,5.5,-0.81
February,2022,Socal-Citygate,5.76,-0.55
February,2022,Socal-Ehrenberg,,
February,2022,Socal-Firm Stor,,
February,2022,Socal-IT Stor,,
February,2022,Socal-Kramer,,
February,2022,Socal-KRS,,
February,2022,Socal-Needles,,
February,2022,Socal-Storage,,
February,2022,Socal-Topock (EP),,
February,2022,Socal-Topock (TW),,
February,2022,Socal-WR,,
February,2022,Sonat-Z0 South,6.28,-0.03
February,2022,Sonat-Z1 North,,
February,2022,Southern Pines Hub,,
February,2022,Southern Star,6.68,0.37
February,2022,Spectra - Hunt,,
February,2022,Stagecoach ,,
February,2022,Stingray,,
February,2022,TCO,5.8,-0.51
February,2022,TCO-A04 Pool,,
February,2022,TCO-A06 Pool,,
February,2022,TCO-A08 Pool,,
February,2022,TCO-Seg Pool,,
February,2022,TETCO-ELA,6.12,-0.19
February,2022,TETCO-ETX,6.12,-0.19
February,2022,TETCO-M1 24,,
February,2022,TETCO-M1 30,6.17,-0.14
February,2022,TETCO-M2,,
February,2022,TETCO-M2 (receipt),5.73,-0.58
February,2022,TETCO-M3,9.49,3.18
February,2022,TETCO-Manhattan,,
February,2022,TETCO-STX,6.27,-0.04
February,2022,TETCO-WLA,6.21,-0.1
February,2022,TGP-500L,6.25,-0.06
February,2022,TGP-800L,6.21,-0.1
February,2022,TGP-Mahwah,,
February,2022,TGP-Niagara,6.21,-0.1
February,2022,TGP-Z0 Border Pool,6.17,-0.14
February,2022,TGP-Z0 North,6.17,-0.14
February,2022,TGP-Z0 South,6.17,-0.14
February,2022,TGP-Z1 100L,,
February,2022,TGP-Z1 800L Pool,,
February,2022,TGP-Z1 Sta-87,,
February,2022,TGP-Z4 300L,5.65,-0.66
February,2022,TGP-Z4 Marcellus,5.65,-0.66
February,2022,TGP-Z4 Sta-219,,
February,2022,TGP-Z4 Sta-313,5.72,-0.59
February,2022,TGP-Z5 200L,6.05,-0.26
February,2022,TGP-Z6 200L,20.77,14.46
February,2022,TGP-Z6 200L North,,
February,2022,TGP-Z6 200L South,20.77,14.46
February,2022,TGP-Z6 300L,,
February,2022,TGT-Mainline,6.17,-0.14
February,2022,TGT-North LA,,
February,2022,TGT-SL,6.21,-0.1
February,2022,Transco Zn3,6.35,0.04
February,2022,Transco-165,,
February,2022,Transco-30,6.27,-0.04
February,2022,Transco-45,6.35,0.04
February,2022,Transco-65,,
February,2022,Transco-85,6.37,0.06
February,2022,Transco-River Road,,
February,2022,Transco-Z5,11.15,4.84
February,2022,Transco-Z5 North,,
February,2022,Transco-Z5 South,11.15,4.84
February,2022,Transco-Z6 (non-NY north ML),,
February,2022,Transco-Z6 (non-NY north),9.12,2.81
February,2022,Transco-Z6 (non-NY south),,
February,2022,Transco-Z6 (non-NY),9.12,2.81
February,2022,Transco-Z6 (NY),10.35,4.04
February,2022,Transco-Z6 Sta-210,,
February,2022,Tres Palacios (inj),,
February,2022,Tres Palacios (w/d),,
February,2022,Trunkline-ELA,6.29,-0.02
February,2022,Trunkline-WLA,6.29,-0.02
February,2022,Trunkline-Z1A,6.19,-0.12
February,2022,TW-Blanco,5.09,-1.22
February,2022,TW-Central,,
February,2022,TW-Panhandle,4.25,-2.06
February,2022,TW-WTX,,
February,2022,Union-Dawn,6.33,0.02
February,2022,Waha,4.42,-1.89
February,2022,White River Hub,,
February,2022,WIC,,
February,2022,0,,
February,2022,0,,
February,2022,0,,
February,2022,0,,
March,2022,AB Pool (inter),,
March,2022,AB Pool (intra),,
March,2022,AGT-CG,,
March,2022,AGT-CG (non-G),8.2,3.64
March,2022,Agua Dulce Hub,,
March,2022,ANR-Joliet Hub,,
March,2022,ANR-SE,,
March,2022,ANR-SE-T,4.55,-0.01
March,2022,ANR-SW,4.42,-0.14
March,2022,APC-ACE,,
March,2022,APC-ANR,,
March,2022,APC-MGTC,,
March,2022,APC-NGPL,,
March,2022,APC-Nicor,,
March,2022,APC-VPC,,
March,2022,Arena WTX Pool,,
March,2022,Atmos Zone 3,,
March,2022,Banquete Hub,,
March,2022,Bay Gas Storage,,
March,2022,Bennington,,
March,2022,Beverly Salem,,
March,2022,Bluewater Hub,,
March,2022,Bobcat Inter,,
March,2022,Bobcat Stor,,
March,2022,Carthage,,
March,2022,CG-Mainline,4.21,-0.35
March,2022,CG-Onshore,4.49,-0.07
March,2022,Cheyenne,4.34,-0.22
March,2022,Chicago,4.53,-0.03
March,2022,CIG-Mainline,4.35,-0.21
March,2022,CIG-Mainline Pool,,
March,2022,CIG-Mainline South,,
March,2022,Clarington,,
March,2022,Clarington-Tenn,,
March,2022,Consumers,4.46,-0.1
March,2022,Cove Point,,
March,2022,Dracut,,
March,2022,Eastern Gas-North,,
March,2022,Eastern Gas-South,3.8,-0.76
March,2022,Egan Inter,,
March,2022,Egan Stor,,
March,2022,EGT-Flex,,
March,2022,EGT-North,,
March,2022,EGT-Perryville Hub,4.27,-0.29
March,2022,EGT-South,,
March,2022,EGT-West,,
March,2022,Enable East Pool,,
March,2022,Enable West Pool ,,
March,2022,ENT-STX Map,,
March,2022,EP-Anadarko,,
March,2022,EP-Keystone,,
March,2022,EP-Plains Pool,,
March,2022,EP-S.Mainline,,
March,2022,EP-SJ Blanco Pool,4.29,-0.27
March,2022,EP-SJ Bondad Stn,,
March,2022,EP-Waha Pool,3.89,-0.67
March,2022,ETC-Cleburne,,
March,2022,ETC-Maypearl,,
March,2022,ETC-Tiger Gas (receipt),,
March,2022,FGT-CG,,
March,2022,FGT-Z1,4.55,-0.01
March,2022,FGT-Z2,4.59,0.03
March,2022,FGT-Z3,4.66,0.1
March,2022,GCX Waha Hub,,
March,2022,Gillis Hub,,
March,2022,GLGT-St.Clair,,
March,2022,Golden Triangle,,
March,2022,GTN-Kingsgate,,
March,2022,GTN-Malin,,
March,2022,GTN-Stanfield,,
March,2022,Guardian Hub,,
March,2022,Gulf S. Pool 16,,
March,2022,Gulf South - Perryville,,
March,2022,Henry,4.56,0.0
March,2022,HPL-ETX Pool,,
March,2022,HSC-HPL Pool,4.32,-0.24
March,2022,HSC-Kinder Morgan,,
March,2022,Iroquois (into),5.17,0.61
March,2022,Iroquois-Z1,,
March,2022,Iroquois-Z2,6.81,2.25
March,2022,Iroquois-Z2 Hunts Pt,,
March,2022,Jefferson Island,,
March,2022,Katy-Enstor Pool,4.38,-0.18
March,2022,Katy-Lonestar Inter,,
March,2022,Katy-Lonestar Intra,,
March,2022,Katy-Oasis,,
March,2022,KRGT-Del Pool,4.5,-0.06
March,2022,KRGT-Rec Pool,,
March,2022,Lebanon,4.25,-0.31
March,2022,Leidy,,
March,2022,Leidy-Transco,3.8,-0.76
March,2022,M&N US,,
March,2022,MEP-Lamar,,
March,2022,Michcon,4.36,-0.2
March,2022,Midship (receipt),,
March,2022,Millennium,,
March,2022,Millennium East Pool,3.95,-0.61
March,2022,Millennium-Ramapo,,
March,2022,Moss Bluff Inter,,
March,2022,Moss Bluff Stor,,
March,2022,MS Hub,,
March,2022,NBPL-Bakken (receipt),,
March,2022,NBPL-Harper,,
March,2022,NBPL-Nicor,4.55,-0.01
March,2022,NBPL-Vector,,
March,2022,NBPL-Ventura,4.51,-0.05
March,2022,NBPL-Will County,,
March,2022,NGPL-AM Pool,,
March,2022,NGPL-AM Stor,,
March,2022,NGPL-GC Mainline,,
March,2022,NGPL-IA/IL AM Pool,,
March,2022,NGPL-IA/IL AM Stor,,
March,2022,NGPL-IA/IL GC Pool,,
March,2022,NGPL-IA/IL GC Stor,,
March,2022,NGPL-LA Pool,,
March,2022,NGPL-LA Stor,,
March,2022,NGPL-MidAm,,
March,2022,NGPL-Midcont Pool,4.32,-0.24
March,2022,NGPL-Midcont Stor,,
March,2022,NGPL-Nicor,4.55,-0.01
March,2022,NGPL-Nipsco,4.46,-0.1
March,2022,NGPL-STX,4.39,-0.17
March,2022,NGPL-TXOK East,4.27,-0.29
March,2022,NGPL-TXOK East Stor,4.27,-0.29
March,2022,NGPL-TXOK West,4.27,-0.29
March,2022,NNG-Demarc,4.46,-0.1
March,2022,NNG-Mid 13-16A,,
March,2022,NNG-Mid 1-7,,
March,2022,NNG-Mid 8-12,,
March,2022,NNG-Ventura,4.52,-0.04
March,2022,Nortex-Tolar Hub,,
March,2022,NWP-Rocky Mtn,4.38,-0.18
March,2022,NWP-Sumas,4.3,-0.26
March,2022,NWP-Wyoming,4.37,-0.19
March,2022,Oasis - Waha Pool,,
March,2022,OGT,,
March,2022,ONEOK Westex,4.5,-0.06
March,2022,Opal,,
March,2022,Panhandle,4.26,-0.3
March,2022,PG&E-Citygate,5.41,0.85
March,2022,PG&E-Daggett,,
March,2022,PG&E-KRS,,
March,2022,PG&E-Topock,,
March,2022,PGLC,4.5,-0.06
March,2022,Pine Prairie,4.51,-0.05
March,2022,Pioneer,,
March,2022,PNGTS,,
March,2022,Questar-North,,
March,2022,Questar-South,,
March,2022,REX Cheyenne Comp Pool,,
March,2022,REX E-ANR,,
March,2022,REX E-MidW,,
March,2022,REX E-NGPL,,
March,2022,REX E-PEPL,,
March,2022,REX E-Trunk,,
March,2022,REX W-ANR,,
March,2022,REX W-NGPL,,
March,2022,REX W-NNG,,
March,2022,REX W-PEPL,,
March,2022,REX-Z3 (receipt) ,,
March,2022,REX-Z3 Del Pool,4.32,-0.24
March,2022,Rover (receipt),,
March,2022,Rover-ANR,4.31,-0.25
March,2022,Rover-PEPL,4.31,-0.25
March,2022,Ruby-Onyx Hill,,
March,2022,Ruby-Rec Pool,,
March,2022,Ryckman Creek Stor,,
March,2022,Salt Plains Inter,,
March,2022,Salt Plains Stor,,
March,2022,Socal-Blythe,,
March,2022,Socal-Border,4.46,-0.1
March,2022,Socal-Citygate,4.62,0.06
March,2022,Socal-Ehrenberg,,
March,2022,Socal-Firm Stor,,
March,2022,Socal-IT Stor,,
March,2022,Socal-Kramer,,
March,2022,Socal-KRS,,
March,2022,Socal-Needles,,
March,2022,Socal-Storage,,
March,2022,Socal-Topock (EP),,
March,2022,Socal-Topock (TW),,
March,2022,Socal-WR,,
March,2022,Sonat-Z0 South,4.49,-0.07
March,2022,Sonat-Z1 North,,
March,2022,Southern Pines Hub,,
March,2022,Southern Star,4.41,-0.15
March,2022,Spectra - Hunt,,
March,2022,Stagecoach ,,
March,2022,Stingray,,
March,2022,TCO,3.92,-0.64
March,2022,TCO-A04 Pool,,
March,2022,TCO-A06 Pool,,
March,2022,TCO-A08 Pool,,
March,2022,TCO-Seg Pool,,
March,2022,TETCO-ELA,4.29,-0.27
March,2022,TETCO-ETX,4.23,-0.33
March,2022,TETCO-M1 24,,
March,2022,TETCO-M1 30,4.32,-0.24
March,2022,TETCO-M2,,
March,2022,TETCO-M2 (receipt),3.79,-0.77
March,2022,TETCO-M3,4.1,-0.46
March,2022,TETCO-Manhattan,,
March,2022,TETCO-STX,4.38,-0.18
March,2022,TETCO-WLA,4.46,-0.1
March,2022,TGP-500L,4.48,-0.08
March,2022,TGP-800L,4.46,-0.1
March,2022,TGP-Mahwah,,
March,2022,TGP-Niagara,4.27,-0.29
March,2022,TGP-Z0 Border Pool,4.29,-0.27
March,2022,TGP-Z0 North,4.29,-0.27
March,2022,TGP-Z0 South,4.29,-0.27
March,2022,TGP-Z1 100L,,
March,2022,TGP-Z1 800L Pool,,
March,2022,TGP-Z1 Sta-87,,
March,2022,TGP-Z4 300L,3.73,-0.83
March,2022,TGP-Z4 Marcellus,3.73,-0.83
March,2022,TGP-Z4 Sta-219,,
March,2022,TGP-Z4 Sta-313,3.96,-0.6
March,2022,TGP-Z5 200L,4.13,-0.43
March,2022,TGP-Z6 200L,8.6,4.04
March,2022,TGP-Z6 200L North,8.85,4.29
March,2022,TGP-Z6 200L South,8.35,3.79
March,2022,TGP-Z6 300L,,
March,2022,TGT-Mainline,4.23,-0.33
March,2022,TGT-North LA,,
March,2022,TGT-SL,4.27,-0.29
March,2022,Transco Zn3,4.57,0.01
March,2022,Transco-165,,
March,2022,Transco-30,4.48,-0.08
March,2022,Transco-45,4.55,-0.01
March,2022,Transco-65,,
March,2022,Transco-85,4.59,0.03
March,2022,Transco-River Road,,
March,2022,Transco-Z5,4.82,0.26
March,2022,Transco-Z5 North,,
March,2022,Transco-Z5 South,4.82,0.26
March,2022,Transco-Z6 (non-NY north ML),,
March,2022,Transco-Z6 (non-NY north),4.06,-0.5
March,2022,Transco-Z6 (non-NY south),,
March,2022,Transco-Z6 (non-NY),4.06,-0.5
March,2022,Transco-Z6 (NY),4.24,-0.32
March,2022,Transco-Z6 Sta-210,,
March,2022,Tres Palacios (inj),,
March,2022,Tres Palacios (w/d),,
March,2022,Trunkline-ELA,4.4,-0.16
March,2022,Trunkline-WLA,4.4,-0.16
March,2022,Trunkline-Z1A,4.3,-0.26
March,2022,TW-Blanco,4.35,-0.21
March,2022,TW-Central,,
March,2022,TW-Panhandle,3.8,-0.76
March,2022,TW-WTX,,
March,2022,Union-Dawn,4.49,-0.07
March,2022,Waha,3.87,-0.69
March,2022,White River Hub,,
March,2022,WIC,,
March,2022,0,,
March,2022,0,,
March,2022,0,,
March,2022,0,,
April,2022,AB Pool (inter),,
April,2022,AB Pool (intra),,
April,2022,AGT-CG,,
April,2022,AGT-CG (non-G),5.03,-0.29
April,2022,Agua Dulce Hub,,
April,2022,ANR-Joliet Hub,,
April,2022,ANR-SE,,
April,2022,ANR-SE-T,5.29,-0.03
April,2022,ANR-SW,4.88,-0.44
April,2022,APC-ACE,,
April,2022,APC-ANR,,
April,2022,APC-MGTC,,
April,2022,APC-NGPL,,
April,2022,APC-Nicor,,
April,2022,APC-VPC,,
April,2022,Arena WTX Pool,,
April,2022,Atmos Zone 3,,
April,2022,Banquete Hub,,
April,2022,Bay Gas Storage,,
April,2022,Bennington,,
April,2022,Beverly Salem,,
April,2022,Bluewater Hub,,
April,2022,Bobcat Inter,,
April,2022,Bobcat Stor,,
April,2022,Carthage,,
April,2022,CG-Mainline,4.86,-0.46
April,2022,CG-Onshore,5.23,-0.09
April,2022,Cheyenne,4.86,-0.46
April,2022,Chicago,5.1,-0.22
April,2022,CIG-Mainline,4.84,-0.48
April,2022,CIG-Mainline Pool,,
April,2022,CIG-Mainline South,,
April,2022,Clarington,,
April,2022,Clarington-Tenn,,
April,2022,Consumers,5.1,-0.22
April,2022,Cove Point,,
April,2022,Dracut,,
April,2022,Eastern Gas-North,,
April,2022,Eastern Gas-South,4.47,-0.85
April,2022,Egan Inter,,
April,2022,Egan Stor,,
April,2022,EGT-Flex,,
April,2022,EGT-North,,
April,2022,EGT-Perryville Hub,4.73,-0.59
April,2022,EGT-South,,
April,2022,EGT-West,,
April,2022,Enable East Pool,,
April,2022,Enable West Pool ,,
April,2022,ENT-STX Map,,
April,2022,EP-Anadarko,,
April,2022,EP-Keystone,,
April,2022,EP-Plains Pool,,
April,2022,EP-S.Mainline,,
April,2022,EP-SJ Blanco Pool,4.83,-0.49
April,2022,EP-SJ Bondad Stn,,
April,2022,EP-Waha Pool,4.47,-0.85
April,2022,ETC-Cleburne,,
April,2022,ETC-Maypearl,,
April,2022,ETC-Tiger Gas (receipt),,
April,2022,FGT-CG,,
April,2022,FGT-Z1,5.22,-0.1
April,2022,FGT-Z2,5.31,-0.01
April,2022,FGT-Z3,5.34,0.02
April,2022,GCX Waha Hub,,
April,2022,Gillis Hub,,
April,2022,GLGT-St.Clair,,
April,2022,Golden Triangle,,
April,2022,GTN-Kingsgate,,
April,2022,GTN-Malin,,
April,2022,GTN-Stanfield,,
April,2022,Guardian Hub,,
April,2022,Gulf S. Pool 16,,
April,2022,Gulf South - Perryville,,
April,2022,Henry,5.32,0.0
April,2022,HPL-ETX Pool,,
April,2022,HSC-HPL Pool,5.02,-0.3
April,2022,HSC-Kinder Morgan,,
April,2022,Iroquois (into),5.19,-0.13
April,2022,Iroquois-Z1,,
April,2022,Iroquois-Z2,5.27,-0.05
April,2022,Iroquois-Z2 Hunts Pt,,
April,2022,Jefferson Island,,
April,2022,Katy-Enstor Pool,5.01,-0.31
April,2022,Katy-Lonestar Inter,,
April,2022,Katy-Lonestar Intra,,
April,2022,Katy-Oasis,,
April,2022,KRGT-Del Pool,4.93,-0.39
April,2022,KRGT-Rec Pool,,
April,2022,Lebanon,4.84,-0.48
April,2022,Leidy,,
April,2022,Leidy-Transco,4.36,-0.96
April,2022,M&N US,,
April,2022,MEP-Lamar,,
April,2022,Michcon,5.04,-0.28
April,2022,Midship (receipt),,
April,2022,Millennium,,
April,2022,Millennium East Pool,4.39,-0.93
April,2022,Millennium-Ramapo,,
April,2022,Moss Bluff Inter,,
April,2022,Moss Bluff Stor,,
April,2022,MS Hub,,
April,2022,NBPL-Bakken (receipt),,
April,2022,NBPL-Harper,,
April,2022,NBPL-Nicor,5.13,-0.19
April,2022,NBPL-Vector,,
April,2022,NBPL-Ventura,4.84,-0.48
April,2022,NBPL-Will County,,
April,2022,NGPL-AM Pool,,
April,2022,NGPL-AM Stor,,
April,2022,NGPL-GC Mainline,,
April,2022,NGPL-IA/IL AM Pool,,
April,2022,NGPL-IA/IL AM Stor,,
April,2022,NGPL-IA/IL GC Pool,,
April,2022,NGPL-IA/IL GC Stor,,
April,2022,NGPL-LA Pool,,
April,2022,NGPL-LA Stor,,
April,2022,NGPL-MidAm,,
April,2022,NGPL-Midcont Pool,4.83,-0.49
April,2022,NGPL-Midcont Stor,,
April,2022,NGPL-Nicor,5.13,-0.19
April,2022,NGPL-Nipsco,5.01,-0.31
April,2022,NGPL-STX,5.0,-0.32
April,2022,NGPL-TXOK East,4.9,-0.42
April,2022,NGPL-TXOK East Stor,4.9,-0.42
April,2022,NGPL-TXOK West,4.9,-0.42
April,2022,NNG-Demarc,5.05,-0.27
April,2022,NNG-Mid 13-16A,,
April,2022,NNG-Mid 1-7,,
April,2022,NNG-Mid 8-12,,
April,2022,NNG-Ventura,4.83,-0.49
April,2022,Nortex-Tolar Hub,,
April,2022,NWP-Rocky Mtn,4.86,-0.46
April,2022,NWP-Sumas,4.76,-0.56
April,2022,NWP-Wyoming,4.86,-0.46
April,2022,Oasis - Waha Pool,,
April,2022,OGT,,
April,2022,ONEOK Westex,4.66,-0.66
April,2022,Opal,,
April,2022,Panhandle,4.76,-0.56
April,2022,PG&E-Citygate,6.01,0.69
April,2022,PG&E-Daggett,,
April,2022,PG&E-KRS,,
April,2022,PG&E-Topock,,
April,2022,PGLC,5.25,-0.07
April,2022,Pine Prairie,,
April,2022,Pioneer,,
April,2022,PNGTS,,
April,2022,Questar-North,,
April,2022,Questar-South,,
April,2022,REX Cheyenne Comp Pool,,
April,2022,REX E-ANR,,
April,2022,REX E-MidW,,
April,2022,REX E-NGPL,,
April,2022,REX E-PEPL,,
April,2022,REX E-Trunk,,
April,2022,REX W-ANR,,
April,2022,REX W-NGPL,,
April,2022,REX W-NNG,,
April,2022,REX W-PEPL,,
April,2022,REX-Z3 (receipt) ,,
April,2022,REX-Z3 Del Pool,4.89,-0.43
April,2022,Rover (receipt),,
April,2022,Rover-ANR,4.87,-0.45
April,2022,Rover-PEPL,4.87,-0.45
April,2022,Ruby-Onyx Hill,,
April,2022,Ruby-Rec Pool,,
April,2022,Ryckman Creek Stor,,
April,2022,Salt Plains Inter,,
April,2022,Salt Plains Stor,,
April,2022,Socal-Blythe,,
April,2022,Socal-Border,4.9,-0.42
April,2022,Socal-Citygate,5.14,-0.18
April,2022,Socal-Ehrenberg,,
April,2022,Socal-Firm Stor,,
April,2022,Socal-IT Stor,,
April,2022,Socal-Kramer,,
April,2022,Socal-KRS,,
April,2022,Socal-Needles,,
April,2022,Socal-Storage,,
April,2022,Socal-Topock (EP),,
April,2022,Socal-Topock (TW),,
April,2022,Socal-WR,,
April,2022,Sonat-Z0 South,5.25,-0.07
April,2022,Sonat-Z1 North,,
April,2022,Southern Pines Hub,,
April,2022,Southern Star,4.77,-0.55
April,2022,Spectra - Hunt,,
April,2022,Stagecoach ,,
April,2022,Stingray,,
April,2022,TCO,4.63,-0.69
April,2022,TCO-A04 Pool,,
April,2022,TCO-A06 Pool,,
April,2022,TCO-A08 Pool,,
April,2022,TCO-Seg Pool,,
April,2022,TETCO-ELA,4.94,-0.38
April,2022,TETCO-ETX,,
April,2022,TETCO-M1 24,,
April,2022,TETCO-M1 30,4.95,-0.37
April,2022,TETCO-M2,,
April,2022,TETCO-M2 (receipt),4.4,-0.92
April,2022,TETCO-M3,4.58,-0.74
April,2022,TETCO-Manhattan,,
April,2022,TETCO-STX,5.14,-0.18
April,2022,TETCO-WLA,5.22,-0.1
April,2022,TGP-500L,5.23,-0.09
April,2022,TGP-800L,5.21,-0.11
April,2022,TGP-Mahwah,,
April,2022,TGP-Niagara,4.92,-0.4
April,2022,TGP-Z0 Border Pool,4.94,-0.38
April,2022,TGP-Z0 North,4.94,-0.38
April,2022,TGP-Z0 South,4.94,-0.38
April,2022,TGP-Z1 100L,,
April,2022,TGP-Z1 800L Pool,,
April,2022,TGP-Z1 Sta-87,,
April,2022,TGP-Z4 300L,4.25,-1.07
April,2022,TGP-Z4 Marcellus,4.25,-1.07
April,2022,TGP-Z4 Sta-219,,
April,2022,TGP-Z4 Sta-313,4.53,-0.79
April,2022,TGP-Z5 200L,4.76,-0.56
April,2022,TGP-Z6 200L,5.14,-0.18
April,2022,TGP-Z6 200L North,,
April,2022,TGP-Z6 200L South,5.14,-0.18
April,2022,TGP-Z6 300L,,
April,2022,TGT-Mainline,4.91,-0.41
April,2022,TGT-North LA,,
April,2022,TGT-SL,,
April,2022,Transco Zn3,5.26,-0.06
April,2022,Transco-165,,
April,2022,Transco-30,5.14,-0.18
April,2022,Transco-45,5.25,-0.07
April,2022,Transco-65,,
April,2022,Transco-85,5.26,-0.06
April,2022,Transco-River Road,,
April,2022,Transco-Z5,5.38,0.06
April,2022,Transco-Z5 North,,
April,2022,Transco-Z5 South,5.38,0.06
April,2022,Transco-Z6 (non-NY north ML),,
April,2022,Transco-Z6 (non-NY north),4.46,-0.86
April,2022,Transco-Z6 (non-NY south),,
April,2022,Transco-Z6 (non-NY),4.46,-0.86
April,2022,Transco-Z6 (NY),4.6,-0.72
April,2022,Transco-Z6 Sta-210,,
April,2022,Tres Palacios (inj),,
April,2022,Tres Palacios (w/d),,
April,2022,Trunkline-ELA,,
April,2022,Trunkline-WLA,,
April,2022,Trunkline-Z1A,4.9,-0.42
April,2022,TW-Blanco,4.85,-0.47
April,2022,TW-Central,,
April,2022,TW-Panhandle,4.45,-0.87
April,2022,TW-WTX,,
April,2022,Union-Dawn,5.1,-0.22
April,2022,Waha,4.48,-0.84
April,2022,White River Hub,,
April,2022,WIC,,
April,2022,0,,
April,2022,0,,
April,2022,0,,
April,2022,0,,
May,2022,AB Pool (inter),,
May,2022,AB Pool (intra),,
May,2022,AGT-CG,,
May,2022,AGT-CG (non-G),6.72,-0.55
May,2022,Agua Dulce Hub,,
May,2022,ANR-Joliet Hub,,
May,2022,ANR-SE,,
May,2022,ANR-SE-T,7.25,-0.02
May,2022,ANR-SW,6.86,-0.41
May,2022,APC-ACE,,
May,2022,APC-ANR,,
May,2022,APC-MGTC,,
May,2022,APC-NGPL,,
May,2022,APC-Nicor,,
May,2022,APC-VPC,,
May,2022,Arena WTX Pool,,
May,2022,Atmos Zone 3,,
May,2022,Banquete Hub,,
May,2022,Bay Gas Storage,,
May,2022,Bennington,,
May,2022,Beverly Salem,,
May,2022,Bluewater Hub,,
May,2022,Bobcat Inter,,
May,2022,Bobcat Stor,,
May,2022,Carthage,,
May,2022,CG-Mainline,6.8,-0.47
May,2022,CG-Onshore,7.17,-0.1
May,2022,Cheyenne,6.45,-0.82
May,2022,Chicago,7.11,-0.16
May,2022,CIG-Mainline,6.13,-1.14
May,2022,CIG-Mainline Pool,,
May,2022,CIG-Mainline South,,
May,2022,Clarington,,
May,2022,Clarington-Tenn,,
May,2022,Consumers,7.12,-0.15
May,2022,Cove Point,,
May,2022,Dracut,,
May,2022,Eastern Gas-North,,
May,2022,Eastern Gas-South,6.39,-0.88
May,2022,Egan Inter,,
May,2022,Egan Stor,,
May,2022,EGT-Flex,,
May,2022,EGT-North,,
May,2022,EGT-Perryville Hub,6.64,-0.63
May,2022,EGT-South,,
May,2022,EGT-West,,
May,2022,Enable East Pool,,
May,2022,Enable West Pool ,,
May,2022,ENT-STX Map,,
May,2022,EP-Anadarko,,
May,2022,EP-Keystone,,
May,2022,EP-Plains Pool,,
May,2022,EP-S.Mainline,,
May,2022,EP-SJ Blanco Pool,6.33,-0.94
May,2022,EP-SJ Bondad Stn,,
May,2022,EP-Waha Pool,5.99,-1.28
May,2022,ETC-Cleburne,,
May,2022,ETC-Maypearl,,
May,2022,ETC-Tiger Gas (receipt),,
May,2022,FGT-CG,,
May,2022,FGT-Z1,7.16,-0.11
May,2022,FGT-Z2,7.24,-0.03
May,2022,FGT-Z3,7.26,-0.01
May,2022,GCX Waha Hub,,
May,2022,Gillis Hub,,
May,2022,GLGT-St.Clair,,
May,2022,Golden Triangle,,
May,2022,GTN-Kingsgate,,
May,2022,GTN-Malin,,
May,2022,GTN-Stanfield,,
May,2022,Guardian Hub,,
May,2022,Gulf S. Pool 16,,
May,2022,Gulf South - Perryville,,
May,2022,Henry,7.27,0.0
May,2022,HPL-ETX Pool,,
May,2022,HSC-HPL Pool,7.04,-0.23
May,2022,HSC-Kinder Morgan,,
May,2022,Iroquois (into),7.13,-0.14
May,2022,Iroquois-Z1,,
May,2022,Iroquois-Z2,7.07,-0.2
May,2022,Iroquois-Z2 Hunts Pt,,
May,2022,Jefferson Island,,
May,2022,Katy-Enstor Pool,7.07,-0.2
May,2022,Katy-Lonestar Inter,,
May,2022,Katy-Lonestar Intra,,
May,2022,Katy-Oasis,,
May,2022,KRGT-Del Pool,7.09,-0.18
May,2022,KRGT-Rec Pool,,
May,2022,Lebanon,6.82,-0.45
May,2022,Leidy,,
May,2022,Leidy-Transco,6.4,-0.87
May,2022,M&N US,,
May,2022,MEP-Lamar,,
May,2022,Michcon,7.08,-0.19
May,2022,Midship (receipt),,
May,2022,Millennium,,
May,2022,Millennium East Pool,6.35,-0.92
May,2022,Millennium-Ramapo,,
May,2022,Moss Bluff Inter,,
May,2022,Moss Bluff Stor,,
May,2022,MS Hub,,
May,2022,NBPL-Bakken (receipt),,
May,2022,NBPL-Harper,,
May,2022,NBPL-Nicor,7.13,-0.14
May,2022,NBPL-Vector,,
May,2022,NBPL-Ventura,6.84,-0.43
May,2022,NBPL-Will County,,
May,2022,NGPL-AM Pool,,
May,2022,NGPL-AM Stor,,
May,2022,NGPL-GC Mainline,,
May,2022,NGPL-IA/IL AM Pool,,
May,2022,NGPL-IA/IL AM Stor,,
May,2022,NGPL-IA/IL GC Pool,,
May,2022,NGPL-IA/IL GC Stor,,
May,2022,NGPL-LA Pool,,
May,2022,NGPL-LA Stor,,
May,2022,NGPL-MidAm,,
May,2022,NGPL-Midcont Pool,6.75,-0.52
May,2022,NGPL-Midcont Stor,,
May,2022,NGPL-Nicor,7.13,-0.14
May,2022,NGPL-Nipsco,7.04,-0.23
May,2022,NGPL-STX,,
May,2022,NGPL-TXOK East,6.87,-0.4
May,2022,NGPL-TXOK East Stor,6.87,-0.4
May,2022,NGPL-TXOK West,6.87,-0.4
May,2022,NNG-Demarc,6.86,-0.41
May,2022,NNG-Mid 13-16A,,
May,2022,NNG-Mid 1-7,,
May,2022,NNG-Mid 8-12,,
May,2022,NNG-Ventura,6.87,-0.4
May,2022,Nortex-Tolar Hub,,
May,2022,NWP-Rocky Mtn,6.4,-0.87
May,2022,NWP-Sumas,6.14,-1.13
May,2022,NWP-Wyoming,6.44,-0.83
May,2022,Oasis - Waha Pool,,
May,2022,OGT,,
May,2022,ONEOK Westex,6.42,-0.85
May,2022,Opal,,
May,2022,Panhandle,6.62,-0.65
May,2022,PG&E-Citygate,7.77,0.5
May,2022,PG&E-Daggett,,
May,2022,PG&E-KRS,,
May,2022,PG&E-Topock,,
May,2022,PGLC,7.2,-0.07
May,2022,Pine Prairie,7.21,-0.06
May,2022,Pioneer,,
May,2022,PNGTS,,
May,2022,Questar-North,,
May,2022,Questar-South,,
May,2022,REX Cheyenne Comp Pool,,
May,2022,REX E-ANR,,
May,2022,REX E-MidW,,
May,2022,REX E-NGPL,,
May,2022,REX E-PEPL,,
May,2022,REX E-Trunk,,
May,2022,REX W-ANR,,
May,2022,REX W-NGPL,,
May,2022,REX W-NNG,,
May,2022,REX W-PEPL,,
May,2022,REX-Z3 (receipt) ,,
May,2022,REX-Z3 Del Pool,6.86,-0.41
May,2022,Rover (receipt),,
May,2022,Rover-ANR,6.88,-0.39
May,2022,Rover-PEPL,6.88,-0.39
May,2022,Ruby-Onyx Hill,,
May,2022,Ruby-Rec Pool,,
May,2022,Ryckman Creek Stor,,
May,2022,Salt Plains Inter,,
May,2022,Salt Plains Stor,,
May,2022,Socal-Blythe,,
May,2022,Socal-Border,6.71,-0.56
May,2022,Socal-Citygate,6.96,-0.31
May,2022,Socal-Ehrenberg,,
May,2022,Socal-Firm Stor,,
May,2022,Socal-IT Stor,,
May,2022,Socal-Kramer,,
May,2022,Socal-KRS,,
May,2022,Socal-Needles,,
May,2022,Socal-Storage,,
May,2022,Socal-Topock (EP),,
May,2022,Socal-Topock (TW),,
May,2022,Socal-WR,,
May,2022,Sonat-Z0 South,7.21,-0.06
May,2022,Sonat-Z1 North,,
May,2022,Southern Pines Hub,,
May,2022,Southern Star,6.65,-0.62
May,2022,Spectra - Hunt,,
May,2022,Stagecoach ,,
May,2022,Stingray,,
May,2022,TCO,6.58,-0.69
May,2022,TCO-A04 Pool,,
May,2022,TCO-A06 Pool,,
May,2022,TCO-A08 Pool,,
May,2022,TCO-Seg Pool,,
May,2022,TETCO-ELA,6.87,-0.4
May,2022,TETCO-ETX,,
May,2022,TETCO-M1 24,,
May,2022,TETCO-M1 30,6.92,-0.35
May,2022,TETCO-M2,,
May,2022,TETCO-M2 (receipt),6.32,-0.95
May,2022,TETCO-M3,6.54,-0.73
May,2022,TETCO-Manhattan,,
May,2022,TETCO-STX,7.14,-0.13
May,2022,TETCO-WLA,7.19,-0.08
May,2022,TGP-500L,7.19,-0.08
May,2022,TGP-800L,7.17,-0.1
May,2022,TGP-Mahwah,,
May,2022,TGP-Niagara,6.72,-0.55
May,2022,TGP-Z0 Border Pool,6.93,-0.34
May,2022,TGP-Z0 North,6.93,-0.34
May,2022,TGP-Z0 South,6.93,-0.34
May,2022,TGP-Z1 100L,,
May,2022,TGP-Z1 800L Pool,,
May,2022,TGP-Z1 Sta-87,,
May,2022,TGP-Z4 300L,6.25,-1.02
May,2022,TGP-Z4 Marcellus,6.25,-1.02
May,2022,TGP-Z4 Sta-219,,
May,2022,TGP-Z4 Sta-313,6.46,-0.81
May,2022,TGP-Z5 200L,6.62,-0.65
May,2022,TGP-Z6 200L,6.75,-0.52
May,2022,TGP-Z6 200L North,,
May,2022,TGP-Z6 200L South,6.75,-0.52
May,2022,TGP-Z6 300L,,
May,2022,TGT-Mainline,6.9,-0.37
May,2022,TGT-North LA,,
May,2022,TGT-SL,,
May,2022,Transco Zn3,7.21,-0.06
May,2022,Transco-165,,
May,2022,Transco-30,7.15,-0.12
May,2022,Transco-45,7.2,-0.07
May,2022,Transco-65,,
May,2022,Transco-85,7.22,-0.05
May,2022,Transco-River Road,,
May,2022,Transco-Z5,7.36,0.09
May,2022,Transco-Z5 North,,
May,2022,Transco-Z5 South,7.36,0.09
May,2022,Transco-Z6 (non-NY north ML),,
May,2022,Transco-Z6 (non-NY north),6.49,-0.78
May,2022,Transco-Z6 (non-NY south),,
May,2022,Transco-Z6 (non-NY),6.49,-0.78
May,2022,Transco-Z6 (NY),6.55,-0.72
May,2022,Transco-Z6 Sta-210,,
May,2022,Tres Palacios (inj),,
May,2022,Tres Palacios (w/d),,
May,2022,Trunkline-ELA,,
May,2022,Trunkline-WLA,,
May,2022,Trunkline-Z1A,6.89,-0.38
May,2022,TW-Blanco,6.69,-0.58
May,2022,TW-Central,,
May,2022,TW-Panhandle,5.75,-1.52
May,2022,TW-WTX,,
May,2022,Union-Dawn,7.13,-0.14
May,2022,Waha,6.12,-1.15
May,2022,White River Hub,,
May,2022,WIC,,
May,2022,0,,
May,2022,0,,
May,2022,0,,
May,2022,0,,
June,2022,AB Pool (inter),,
June,2022,AB Pool (intra),,
June,2022,AGT-CG,,
June,2022,AGT-CG (non-G),8.42,-0.49
June,2022,Agua Dulce Hub,,
June,2022,ANR-Joliet Hub,,
June,2022,ANR-SE,,
June,2022,ANR-SE-T,8.93,0.02
June,2022,ANR-SW,8.71,-0.2
June,2022,APC-ACE,,
June,2022,APC-ANR,,
June,2022,APC-MGTC,,
June,2022,APC-NGPL,,
June,2022,APC-Nicor,,
June,2022,APC-VPC,,
June,2022,Arena WTX Pool,,
June,2022,Atmos Zone 3,,
June,2022,Banquete Hub,,
June,2022,Bay Gas Storage,,
June,2022,Bennington,,
June,2022,Beverly Salem,,
June,2022,Bluewater Hub,,
June,2022,Bobcat Inter,,
June,2022,Bobcat Stor,,
June,2022,Carthage,,
June,2022,CG-Mainline,8.45,-0.46
June,2022,CG-Onshore,8.82,-0.09
June,2022,Cheyenne,8.6,-0.31
June,2022,Chicago,8.72,-0.19
June,2022,CIG-Mainline,8.42,-0.49
June,2022,CIG-Mainline Pool,,
June,2022,CIG-Mainline South,,
June,2022,Clarington,,
June,2022,Clarington-Tenn,,
June,2022,Consumers,8.75,-0.16
June,2022,Cove Point,,
June,2022,Dracut,,
June,2022,Eastern Gas-North,,
June,2022,Eastern Gas-South,7.93,-0.98
June,2022,Egan Inter,,
June,2022,Egan Stor,,
June,2022,EGT-Flex,,
June,2022,EGT-North,,
June,2022,EGT-Perryville Hub,8.42,-0.49
June,2022,EGT-South,,
June,2022,EGT-West,,
June,2022,Enable East Pool,,
June,2022,Enable West Pool ,,
June,2022,ENT-STX Map,,
June,2022,EP-Anadarko,,
June,2022,EP-Keystone,,
June,2022,EP-Plains Pool,,
June,2022,EP-S.Mainline,,
June,2022,EP-SJ Blanco Pool,8.68,-0.23
June,2022,EP-SJ Bondad Stn,,
June,2022,EP-Waha Pool,8.36,-0.55
June,2022,ETC-Cleburne,,
June,2022,ETC-Maypearl,,
June,2022,ETC-Tiger Gas (receipt),,
June,2022,FGT-CG,,
June,2022,FGT-Z1,8.87,-0.04
June,2022,FGT-Z2,8.94,0.03
June,2022,FGT-Z3,9.03,0.12
June,2022,GCX Waha Hub,,
June,2022,Gillis Hub,,
June,2022,GLGT-St.Clair,,
June,2022,Golden Triangle,,
June,2022,GTN-Kingsgate,,
June,2022,GTN-Malin,,
June,2022,GTN-Stanfield,,
June,2022,Guardian Hub,,
June,2022,Gulf S. Pool 16,,
June,2022,Gulf South - Perryville,,
June,2022,Henry,8.91,0.0
June,2022,HPL-ETX Pool,,
June,2022,HSC-HPL Pool,8.78,-0.13
June,2022,HSC-Kinder Morgan,,
June,2022,Iroquois (into),8.86,-0.05
June,2022,Iroquois-Z1,,
June,2022,Iroquois-Z2,8.8,-0.11
June,2022,Iroquois-Z2 Hunts Pt,,
June,2022,Jefferson Island,,
June,2022,Katy-Enstor Pool,8.86,-0.05
June,2022,Katy-Lonestar Inter,,
June,2022,Katy-Lonestar Intra,,
June,2022,Katy-Oasis,,
June,2022,KRGT-Del Pool,9.6,0.69
June,2022,KRGT-Rec Pool,,
June,2022,Lebanon,8.49,-0.42
June,2022,Leidy,,
June,2022,Leidy-Transco,8.06,-0.85
June,2022,M&N US,,
June,2022,MEP-Lamar,,
June,2022,Michcon,8.7,-0.21
June,2022,Midship (receipt),,
June,2022,Millennium,,
June,2022,Millennium East Pool,8.01,-0.9
June,2022,Millennium-Ramapo,,
June,2022,Moss Bluff Inter,,
June,2022,Moss Bluff Stor,,
June,2022,MS Hub,,
June,2022,NBPL-Bakken (receipt),,
June,2022,NBPL-Harper,,
June,2022,NBPL-Nicor,8.74,-0.17
June,2022,NBPL-Vector,,
June,2022,NBPL-Ventura,8.68,-0.23
June,2022,NBPL-Will County,,
June,2022,NGPL-AM Pool,,
June,2022,NGPL-AM Stor,,
June,2022,NGPL-GC Mainline,,
June,2022,NGPL-IA/IL AM Pool,,
June,2022,NGPL-IA/IL AM Stor,,
June,2022,NGPL-IA/IL GC Pool,,
June,2022,NGPL-IA/IL GC Stor,,
June,2022,NGPL-LA Pool,,
June,2022,NGPL-LA Stor,,
June,2022,NGPL-MidAm,,
June,2022,NGPL-Midcont Pool,8.47,-0.44
June,2022,NGPL-Midcont Stor,,
June,2022,NGPL-Nicor,8.74,-0.17
June,2022,NGPL-Nipsco,8.65,-0.26
June,2022,NGPL-STX,,
June,2022,NGPL-TXOK East,8.55,-0.36
June,2022,NGPL-TXOK East Stor,8.55,-0.36
June,2022,NGPL-TXOK West,8.55,-0.36
June,2022,NNG-Demarc,8.52,-0.39
June,2022,NNG-Mid 13-16A,,
June,2022,NNG-Mid 1-7,,
June,2022,NNG-Mid 8-12,,
June,2022,NNG-Ventura,8.51,-0.4
June,2022,Nortex-Tolar Hub,,
June,2022,NWP-Rocky Mtn,8.8,-0.11
June,2022,NWP-Sumas,8.6,-0.31
June,2022,NWP-Wyoming,8.8,-0.11
June,2022,Oasis - Waha Pool,,
June,2022,OGT,,
June,2022,ONEOK Westex,8.23,-0.68
June,2022,Opal,,
June,2022,Panhandle,8.31,-0.6
June,2022,PG&E-Citygate,10.22,1.31
June,2022,PG&E-Daggett,,
June,2022,PG&E-KRS,,
June,2022,PG&E-Topock,,
June,2022,PGLC,,
June,2022,Pine Prairie,8.88,-0.03
June,2022,Pioneer,,
June,2022,PNGTS,,
June,2022,Questar-North,,
June,2022,Questar-South,,
June,2022,REX Cheyenne Comp Pool,,
June,2022,REX E-ANR,,
June,2022,REX E-MidW,,
June,2022,REX E-NGPL,,
June,2022,REX E-PEPL,,
June,2022,REX E-Trunk,,
June,2022,REX W-ANR,,
June,2022,REX W-NGPL,,
June,2022,REX W-NNG,,
June,2022,REX W-PEPL,,
June,2022,REX-Z3 (receipt) ,,
June,2022,REX-Z3 Del Pool,8.52,-0.39
June,2022,Rover (receipt),,
June,2022,Rover-ANR,8.46,-0.45
June,2022,Rover-PEPL,8.46,-0.45
June,2022,Ruby-Onyx Hill,,
June,2022,Ruby-Rec Pool,,
June,2022,Ryckman Creek Stor,,
June,2022,Salt Plains Inter,,
June,2022,Salt Plains Stor,,
June,2022,Socal-Blythe,,
June,2022,Socal-Border,9.33,0.42
June,2022,Socal-Citygate,10.47,1.56
June,2022,Socal-Ehrenberg,,
June,2022,Socal-Firm Stor,,
June,2022,Socal-IT Stor,,
June,2022,Socal-Kramer,,
June,2022,Socal-KRS,,
June,2022,Socal-Needles,,
June,2022,Socal-Storage,,
June,2022,Socal-Topock (EP),,
June,2022,Socal-Topock (TW),,
June,2022,Socal-WR,,
June,2022,Sonat-Z0 South,8.87,-0.04
June,2022,Sonat-Z1 North,,
June,2022,Southern Pines Hub,,
June,2022,Southern Star,8.5,-0.41
June,2022,Spectra - Hunt,,
June,2022,Stagecoach ,,
June,2022,Stingray,,
June,2022,TCO,8.14,-0.77
June,2022,TCO-A04 Pool,,
June,2022,TCO-A06 Pool,,
June,2022,TCO-A08 Pool,,
June,2022,TCO-Seg Pool,,
June,2022,TETCO-ELA,8.51,-0.4
June,2022,TETCO-ETX,,
June,2022,TETCO-M1 24,,
June,2022,TETCO-M1 30,8.51,-0.4
June,2022,TETCO-M2,,
June,2022,TETCO-M2 (receipt),7.86,-1.05
June,2022,TETCO-M3,8.06,-0.85
June,2022,TETCO-Manhattan,,
June,2022,TETCO-STX,8.81,-0.1
June,2022,TETCO-WLA,8.85,-0.06
June,2022,TGP-500L,8.88,-0.03
June,2022,TGP-800L,8.86,-0.05
June,2022,TGP-Mahwah,,
June,2022,TGP-Niagara,8.2,-0.71
June,2022,TGP-Z0 Border Pool,8.58,-0.33
June,2022,TGP-Z0 North,8.58,-0.33
June,2022,TGP-Z0 South,8.58,-0.33
June,2022,TGP-Z1 100L,,
June,2022,TGP-Z1 800L Pool,,
June,2022,TGP-Z1 Sta-87,,
June,2022,TGP-Z4 300L,7.87,-1.04
June,2022,TGP-Z4 Marcellus,7.87,-1.04
June,2022,TGP-Z4 Sta-219,,
June,2022,TGP-Z4 Sta-313,8.04,-0.87
June,2022,TGP-Z5 200L,8.27,-0.64
June,2022,TGP-Z6 200L,8.43,-0.48
June,2022,TGP-Z6 200L North,,
June,2022,TGP-Z6 200L South,8.43,-0.48
June,2022,TGP-Z6 300L,,
June,2022,TGT-Mainline,8.52,-0.39
June,2022,TGT-North LA,,
June,2022,TGT-SL,,
June,2022,Transco Zn3,8.95,0.04
June,2022,Transco-165,,
June,2022,Transco-30,8.85,-0.06
June,2022,Transco-45,8.9,-0.01
June,2022,Transco-65,,
June,2022,Transco-85,9.0,0.09
June,2022,Transco-River Road,,
June,2022,Transco-Z5,9.39,0.48
June,2022,Transco-Z5 North,,
June,2022,Transco-Z5 South,9.39,0.48
June,2022,Transco-Z6 (non-NY north ML),,
June,2022,Transco-Z6 (non-NY north),7.96,-0.95
June,2022,Transco-Z6 (non-NY south),,
June,2022,Transco-Z6 (non-NY),7.96,-0.95
June,2022,Transco-Z6 (NY),7.98,-0.93
June,2022,Transco-Z6 Sta-210,,
June,2022,Tres Palacios (inj),,
June,2022,Tres Palacios (w/d),,
June,2022,Trunkline-ELA,8.86,-0.05
June,2022,Trunkline-WLA,8.86,-0.05
June,2022,Trunkline-Z1A,8.44,-0.47
June,2022,TW-Blanco,8.65,-0.26
June,2022,TW-Central,,
June,2022,TW-Panhandle,8.5,-0.41
June,2022,TW-WTX,,
June,2022,Union-Dawn,8.66,-0.25
June,2022,Waha,8.09,-0.82
June,2022,White River Hub,,
June,2022,WIC,,
June,2022,0,,
June,2022,0,,
June,2022,0,,
June,2022,0,,
July,2022,AB Pool (inter),,
July,2022,AB Pool (intra),,
July,2022,AGT-CG,,
July,2022,AGT-CG (non-G),6.25,-0.31
July,2022,Agua Dulce Hub,,
July,2022,ANR-Joliet Hub,,
July,2022,ANR-SE,,
July,2022,ANR-SE-T,6.56,0.0
July,2022,ANR-SW,6.23,-0.33
July,2022,APC-ACE,,
July,2022,APC-ANR,,
July,2022,APC-MGTC,,
July,2022,APC-NGPL,,
July,2022,APC-Nicor,,
July,2022,APC-VPC,,
July,2022,Arena WTX Pool,,
July,2022,Atmos Zone 3,,
July,2022,Banquete Hub,,
July,2022,Bay Gas Storage,,
July,2022,Bennington,,
July,2022,Beverly Salem,,
July,2022,Bluewater Hub,,
July,2022,Bobcat Inter,,
July,2022,Bobcat Stor,,
July,2022,Carthage,,
July,2022,CG-Mainline,5.99,-0.57
July,2022,CG-Onshore,6.43,-0.13
July,2022,Cheyenne,5.87,-0.69
July,2022,Chicago,6.34,-0.22
July,2022,CIG-Mainline,5.84,-0.72
July,2022,CIG-Mainline Pool,,
July,2022,CIG-Mainline South,,
July,2022,Clarington,,
July,2022,Clarington-Tenn,,
July,2022,Consumers,6.38,-0.18
July,2022,Cove Point,,
July,2022,Dracut,,
July,2022,Eastern Gas-North,,
July,2022,Eastern Gas-South,5.69,-0.87
July,2022,Egan Inter,,
July,2022,Egan Stor,,
July,2022,EGT-Flex,,
July,2022,EGT-North,,
July,2022,EGT-Perryville Hub,5.96,-0.6
July,2022,EGT-South,,
July,2022,EGT-West,,
July,2022,Enable East Pool,,
July,2022,Enable West Pool ,,
July,2022,ENT-STX Map,,
July,2022,EP-Anadarko,,
July,2022,EP-Keystone,,
July,2022,EP-Plains Pool,,
July,2022,EP-S.Mainline,,
July,2022,EP-SJ Blanco Pool,6.15,-0.41
July,2022,EP-SJ Bondad Stn,,
July,2022,EP-Waha Pool,5.64,-0.92
July,2022,ETC-Cleburne,,
July,2022,ETC-Maypearl,,
July,2022,ETC-Tiger Gas (receipt),,
July,2022,FGT-CG,,
July,2022,FGT-Z1,6.47,-0.09
July,2022,FGT-Z2,6.68,0.12
July,2022,FGT-Z3,7.32,0.76
July,2022,GCX Waha Hub,,
July,2022,Gillis Hub,,
July,2022,GLGT-St.Clair,,
July,2022,Golden Triangle,,
July,2022,GTN-Kingsgate,,
July,2022,GTN-Malin,,
July,2022,GTN-Stanfield,,
July,2022,Guardian Hub,,
July,2022,Gulf S. Pool 16,,
July,2022,Gulf South - Perryville,,
July,2022,Henry,6.56,0.0
July,2022,HPL-ETX Pool,,
July,2022,HSC-HPL Pool,6.39,-0.17
July,2022,HSC-Kinder Morgan,,
July,2022,Iroquois (into),6.52,-0.04
July,2022,Iroquois-Z1,,
July,2022,Iroquois-Z2,6.54,-0.02
July,2022,Iroquois-Z2 Hunts Pt,,
July,2022,Jefferson Island,,
July,2022,Katy-Enstor Pool,6.36,-0.2
July,2022,Katy-Lonestar Inter,,
July,2022,Katy-Lonestar Intra,,
July,2022,Katy-Oasis,,
July,2022,KRGT-Del Pool,7.21,0.65
July,2022,KRGT-Rec Pool,,
July,2022,Lebanon,6.12,-0.44
July,2022,Leidy,,
July,2022,Leidy-Transco,5.75,-0.81
July,2022,M&N US,,
July,2022,MEP-Lamar,,
July,2022,Michcon,6.33,-0.23
July,2022,Midship (receipt),,
July,2022,Millennium,,
July,2022,Millennium East Pool,5.65,-0.91
July,2022,Millennium-Ramapo,,
July,2022,Moss Bluff Inter,,
July,2022,Moss Bluff Stor,,
July,2022,MS Hub,,
July,2022,NBPL-Bakken (receipt),,
July,2022,NBPL-Harper,,
July,2022,NBPL-Nicor,6.36,-0.2
July,2022,NBPL-Vector,,
July,2022,NBPL-Ventura,6.21,-0.35
July,2022,NBPL-Will County,,
July,2022,NGPL-AM Pool,,
July,2022,NGPL-AM Stor,,
July,2022,NGPL-GC Mainline,,
July,2022,NGPL-IA/IL AM Pool,,
July,2022,NGPL-IA/IL AM Stor,,
July,2022,NGPL-IA/IL GC Pool,,
July,2022,NGPL-IA/IL GC Stor,,
July,2022,NGPL-LA Pool,,
July,2022,NGPL-LA Stor,,
July,2022,NGPL-MidAm,,
July,2022,NGPL-Midcont Pool,6.15,-0.41
July,2022,NGPL-Midcont Stor,,
July,2022,NGPL-Nicor,6.36,-0.2
July,2022,NGPL-Nipsco,6.35,-0.21
July,2022,NGPL-STX,,
July,2022,NGPL-TXOK East,6.17,-0.39
July,2022,NGPL-TXOK East Stor,6.17,-0.39
July,2022,NGPL-TXOK West,6.17,-0.39
July,2022,NNG-Demarc,6.22,-0.34
July,2022,NNG-Mid 13-16A,,
July,2022,NNG-Mid 1-7,,
July,2022,NNG-Mid 8-12,,
July,2022,NNG-Ventura,6.2,-0.36
July,2022,Nortex-Tolar Hub,,
July,2022,NWP-Rocky Mtn,6.18,-0.38
July,2022,NWP-Sumas,5.5,-1.06
July,2022,NWP-Wyoming,6.19,-0.37
July,2022,Oasis - Waha Pool,,
July,2022,OGT,,
July,2022,ONEOK Westex,6.07,-0.49
July,2022,Opal,,
July,2022,Panhandle,6.0,-0.56
July,2022,PG&E-Citygate,7.82,1.26
July,2022,PG&E-Daggett,,
July,2022,PG&E-KRS,,
July,2022,PG&E-Topock,,
July,2022,PGLC,6.32,-0.24
July,2022,Pine Prairie,6.52,-0.04
July,2022,Pioneer,,
July,2022,PNGTS,,
July,2022,Questar-North,,
July,2022,Questar-South,,
July,2022,REX Cheyenne Comp Pool,,
July,2022,REX E-ANR,,
July,2022,REX E-MidW,,
July,2022,REX E-NGPL,,
July,2022,REX E-PEPL,,
July,2022,REX E-Trunk,,
July,2022,REX W-ANR,,
July,2022,REX W-NGPL,,
July,2022,REX W-NNG,,
July,2022,REX W-PEPL,,
July,2022,REX-Z3 (receipt) ,,
July,2022,REX-Z3 Del Pool,6.15,-0.41
July,2022,Rover (receipt),,
July,2022,Rover-ANR,6.2,-0.36
July,2022,Rover-PEPL,6.2,-0.36
July,2022,Ruby-Onyx Hill,,
July,2022,Ruby-Rec Pool,,
July,2022,Ryckman Creek Stor,,
July,2022,Salt Plains Inter,,
July,2022,Salt Plains Stor,,
July,2022,Socal-Blythe,,
July,2022,Socal-Border,7.23,0.67
July,2022,Socal-Citygate,7.55,0.99
July,2022,Socal-Ehrenberg,,
July,2022,Socal-Firm Stor,,
July,2022,Socal-IT Stor,,
July,2022,Socal-Kramer,,
July,2022,Socal-KRS,,
July,2022,Socal-Needles,,
July,2022,Socal-Storage,,
July,2022,Socal-Topock (EP),,
July,2022,Socal-Topock (TW),,
July,2022,Socal-WR,,
July,2022,Sonat-Z0 South,6.74,0.18
July,2022,Sonat-Z1 North,,
July,2022,Southern Pines Hub,,
July,2022,Southern Star,,
July,2022,Spectra - Hunt,,
July,2022,Stagecoach ,,
July,2022,Stingray,,
July,2022,TCO,5.72,-0.84
July,2022,TCO-A04 Pool,,
July,2022,TCO-A06 Pool,,
July,2022,TCO-A08 Pool,,
July,2022,TCO-Seg Pool,,
July,2022,TETCO-ELA,6.19,-0.37
July,2022,TETCO-ETX,,
July,2022,TETCO-M1 24,,
July,2022,TETCO-M1 30,6.24,-0.32
July,2022,TETCO-M2,,
July,2022,TETCO-M2 (receipt),5.57,-0.99
July,2022,TETCO-M3,5.84,-0.72
July,2022,TETCO-Manhattan,,
July,2022,TETCO-STX,6.42,-0.14
July,2022,TETCO-WLA,6.49,-0.07
July,2022,TGP-500L,6.74,0.18
July,2022,TGP-800L,6.45,-0.11
July,2022,TGP-Mahwah,,
July,2022,TGP-Niagara,5.85,-0.71
July,2022,TGP-Z0 Border Pool,6.13,-0.43
July,2022,TGP-Z0 North,6.13,-0.43
July,2022,TGP-Z0 South,6.13,-0.43
July,2022,TGP-Z1 100L,,
July,2022,TGP-Z1 800L Pool,,
July,2022,TGP-Z1 Sta-87,,
July,2022,TGP-Z4 300L,5.51,-1.05
July,2022,TGP-Z4 Marcellus,5.51,-1.05
July,2022,TGP-Z4 Sta-219,,
July,2022,TGP-Z4 Sta-313,5.8,-0.76
July,2022,TGP-Z5 200L,5.92,-0.64
July,2022,TGP-Z6 200L,6.25,-0.31
July,2022,TGP-Z6 200L North,,
July,2022,TGP-Z6 200L South,6.25,-0.31
July,2022,TGP-Z6 300L,,
July,2022,TGT-Mainline,6.18,-0.38
July,2022,TGT-North LA,,
July,2022,TGT-SL,,
July,2022,Transco Zn3,7.14,0.58
July,2022,Transco-165,,
July,2022,Transco-30,7.2,0.64
July,2022,Transco-45,6.65,0.09
July,2022,Transco-65,,
July,2022,Transco-85,7.2,0.64
July,2022,Transco-River Road,,
July,2022,Transco-Z5,8.63,2.07
July,2022,Transco-Z5 North,,
July,2022,Transco-Z5 South,8.63,2.07
July,2022,Transco-Z6 (non-NY north ML),,
July,2022,Transco-Z6 (non-NY north),5.77,-0.79
July,2022,Transco-Z6 (non-NY south),,
July,2022,Transco-Z6 (non-NY),5.77,-0.79
July,2022,Transco-Z6 (NY),5.87,-0.69
July,2022,Transco-Z6 Sta-210,,
July,2022,Tres Palacios (inj),,
July,2022,Tres Palacios (w/d),,
July,2022,Trunkline-ELA,,
July,2022,Trunkline-WLA,,
July,2022,Trunkline-Z1A,6.11,-0.45
July,2022,TW-Blanco,6.25,-0.31
July,2022,TW-Central,,
July,2022,TW-Panhandle,,
July,2022,TW-WTX,,
July,2022,Union-Dawn,6.33,-0.23
July,2022,Waha,5.62,-0.94
July,2022,White River Hub,,
July,2022,WIC,,
July,2022,0,,
July,2022,0,,
July,2022,0,,
July,2022,0,,
August,2022,AB Pool (inter),,
August,2022,AB Pool (intra),,
August,2022,AGT-CG,,
August,2022,AGT-CG (non-G),8.83,0.12
August,2022,Agua Dulce Hub,,
August,2022,ANR-Joliet Hub,,
August,2022,ANR-SE,,
August,2022,ANR-SE-T,8.81,0.1
August,2022,ANR-SW,8.41,-0.3
August,2022,APC-ACE,,
August,2022,APC-ANR,,
August,2022,APC-MGTC,,
August,2022,APC-NGPL,,
August,2022,APC-Nicor,,
August,2022,APC-VPC,,
August,2022,Arena WTX Pool,,
August,2022,Atmos Zone 3,,
August,2022,Banquete Hub,,
August,2022,Bay Gas Storage,,
August,2022,Bennington,,
August,2022,Beverly Salem,,
August,2022,Bluewater Hub,,
August,2022,Bobcat Inter,,
August,2022,Bobcat Stor,,
August,2022,Carthage,,
August,2022,CG-Mainline,8.14,-0.57
August,2022,CG-Onshore,8.63,-0.08
August,2022,Cheyenne,8.18,-0.53
August,2022,Chicago,8.45,-0.26
August,2022,CIG-Mainline,8.26,-0.45
August,2022,CIG-Mainline Pool,,
August,2022,CIG-Mainline South,,
August,2022,Clarington,,
August,2022,Clarington-Tenn,,
August,2022,Consumers,8.48,-0.23
August,2022,Cove Point,,
August,2022,Dracut,,
August,2022,Eastern Gas-North,,
August,2022,Eastern Gas-South,7.76,-0.95
August,2022,Egan Inter,,
August,2022,Egan Stor,,
August,2022,EGT-Flex,,
August,2022,EGT-North,,
August,2022,EGT-Perryville Hub,8.2,-0.51
August,2022,EGT-South,,
August,2022,EGT-West,,
August,2022,Enable East Pool,,
August,2022,Enable West Pool ,,
August,2022,ENT-STX Map,,
August,2022,EP-Anadarko,,
August,2022,EP-Keystone,,
August,2022,EP-Plains Pool,,
August,2022,EP-S.Mainline,,
August,2022,EP-SJ Blanco Pool,8.48,-0.23
August,2022,EP-SJ Bondad Stn,,
August,2022,EP-Waha Pool,8.15,-0.56
August,2022,ETC-Cleburne,,
August,2022,ETC-Maypearl,,
August,2022,ETC-Tiger Gas (receipt),,
August,2022,FGT-CG,,
August,2022,FGT-Z1,8.64,-0.07
August,2022,FGT-Z2,9.54,0.83
August,2022,FGT-Z3,15.6,6.89
August,2022,GCX Waha Hub,,
August,2022,Gillis Hub,,
August,2022,GLGT-St.Clair,,
August,2022,Golden Triangle,,
August,2022,GTN-Kingsgate,,
August,2022,GTN-Malin,,
August,2022,GTN-Stanfield,,
August,2022,Guardian Hub,,
August,2022,Gulf S. Pool 16,,
August,2022,Gulf South - Perryville,,
August,2022,Henry,8.71,0.0
August,2022,HPL-ETX Pool,,
August,2022,HSC-HPL Pool,8.39,-0.32
August,2022,HSC-Kinder Morgan,,
August,2022,Iroquois (into),8.59,-0.12
August,2022,Iroquois-Z1,,
August,2022,Iroquois-Z2,8.8,0.09
August,2022,Iroquois-Z2 Hunts Pt,,
August,2022,Jefferson Island,,
August,2022,Katy-Enstor Pool,8.38,-0.33
August,2022,Katy-Lonestar Inter,,
August,2022,Katy-Lonestar Intra,,
August,2022,Katy-Oasis,,
August,2022,KRGT-Del Pool,9.81,1.1
August,2022,KRGT-Rec Pool,,
August,2022,Lebanon,8.16,-0.55
August,2022,Leidy,,
August,2022,Leidy-Transco,7.82,-0.89
August,2022,M&N US,,
August,2022,MEP-Lamar,,
August,2022,Michcon,8.41,-0.3
August,2022,Midship (receipt),,
August,2022,Millennium,,
August,2022,Millennium East Pool,7.77,-0.94
August,2022,Millennium-Ramapo,,
August,2022,Moss Bluff Inter,,
August,2022,Moss Bluff Stor,,
August,2022,MS Hub,,
August,2022,NBPL-Bakken (receipt),,
August,2022,NBPL-Harper,,
August,2022,NBPL-Nicor,8.45,-0.26
August,2022,NBPL-Vector,,
August,2022,NBPL-Ventura,,
August,2022,NBPL-Will County,,
August,2022,NGPL-AM Pool,,
August,2022,NGPL-AM Stor,,
August,2022,NGPL-GC Mainline,,
August,2022,NGPL-IA/IL AM Pool,,
August,2022,NGPL-IA/IL AM Stor,,
August,2022,NGPL-IA/IL GC Pool,,
August,2022,NGPL-IA/IL GC Stor,,
August,2022,NGPL-LA Pool,,
August,2022,NGPL-LA Stor,,
August,2022,NGPL-MidAm,,
August,2022,NGPL-Midcont Pool,8.21,-0.5
August,2022,NGPL-Midcont Stor,,
August,2022,NGPL-Nicor,8.45,-0.26
August,2022,NGPL-Nipsco,8.44,-0.27
August,2022,NGPL-STX,8.33,-0.38
August,2022,NGPL-TXOK East,8.23,-0.48
August,2022,NGPL-TXOK East Stor,8.23,-0.48
August,2022,NGPL-TXOK West,8.23,-0.48
August,2022,NNG-Demarc,8.53,-0.18
August,2022,NNG-Mid 13-16A,,
August,2022,NNG-Mid 1-7,,
August,2022,NNG-Mid 8-12,,
August,2022,NNG-Ventura,8.25,-0.46
August,2022,Nortex-Tolar Hub,,
August,2022,NWP-Rocky Mtn,8.45,-0.26
August,2022,NWP-Sumas,8.48,-0.23
August,2022,NWP-Wyoming,8.48,-0.23
August,2022,Oasis - Waha Pool,,
August,2022,OGT,,
August,2022,ONEOK Westex,8.15,-0.56
August,2022,Opal,,
August,2022,Panhandle,8.08,-0.63
August,2022,PG&E-Citygate,9.95,1.24
August,2022,PG&E-Daggett,,
August,2022,PG&E-KRS,,
August,2022,PG&E-Topock,,
August,2022,PGLC,,
August,2022,Pine Prairie,8.69,-0.02
August,2022,Pioneer,,
August,2022,PNGTS,,
August,2022,Questar-North,,
August,2022,Questar-South,,
August,2022,REX Cheyenne Comp Pool,,
August,2022,REX E-ANR,,
August,2022,REX E-MidW,,
August,2022,REX E-NGPL,,
August,2022,REX E-PEPL,,
August,2022,REX E-Trunk,,
August,2022,REX W-ANR,,
August,2022,REX W-NGPL,,
August,2022,REX W-NNG,,
August,2022,REX W-PEPL,,
August,2022,REX-Z3 (receipt) ,,
August,2022,REX-Z3 Del Pool,8.26,-0.45
August,2022,Rover (receipt),,
August,2022,Rover-ANR,8.2,-0.51
August,2022,Rover-PEPL,8.2,-0.51
August,2022,Ruby-Onyx Hill,,
August,2022,Ruby-Rec Pool,,
August,2022,Ryckman Creek Stor,,
August,2022,Salt Plains Inter,,
August,2022,Salt Plains Stor,,
August,2022,Socal-Blythe,,
August,2022,Socal-Border,9.76,1.05
August,2022,Socal-Citygate,10.06,1.35
August,2022,Socal-Ehrenberg,,
August,2022,Socal-Firm Stor,,
August,2022,Socal-IT Stor,,
August,2022,Socal-Kramer,,
August,2022,Socal-KRS,,
August,2022,Socal-Needles,,
August,2022,Socal-Storage,,
August,2022,Socal-Topock (EP),,
August,2022,Socal-Topock (TW),,
August,2022,Socal-WR,,
August,2022,Sonat-Z0 South,12.44,3.73
August,2022,Sonat-Z1 North,,
August,2022,Southern Pines Hub,,
August,2022,Southern Star,8.08,-0.63
August,2022,Spectra - Hunt,,
August,2022,Stagecoach ,,
August,2022,Stingray,,
August,2022,TCO,7.87,-0.84
August,2022,TCO-A04 Pool,,
August,2022,TCO-A06 Pool,,
August,2022,TCO-A08 Pool,,
August,2022,TCO-Seg Pool,,
August,2022,TETCO-ELA,8.43,-0.28
August,2022,TETCO-ETX,,
August,2022,TETCO-M1 24,,
August,2022,TETCO-M1 30,8.4,-0.31
August,2022,TETCO-M2,,
August,2022,TETCO-M2 (receipt),7.7,-1.01
August,2022,TETCO-M3,8.17,-0.54
August,2022,TETCO-Manhattan,,
August,2022,TETCO-STX,8.5,-0.21
August,2022,TETCO-WLA,8.55,-0.16
August,2022,TGP-500L,8.83,0.12
August,2022,TGP-800L,8.55,-0.16
August,2022,TGP-Mahwah,,
August,2022,TGP-Niagara,8.19,-0.52
August,2022,TGP-Z0 Border Pool,8.18,-0.53
August,2022,TGP-Z0 North,8.18,-0.53
August,2022,TGP-Z0 South,8.18,-0.53
August,2022,TGP-Z1 100L,,
August,2022,TGP-Z1 800L Pool,,
August,2022,TGP-Z1 Sta-87,,
August,2022,TGP-Z4 300L,7.7,-1.01
August,2022,TGP-Z4 Marcellus,7.7,-1.01
August,2022,TGP-Z4 Sta-219,,
August,2022,TGP-Z4 Sta-313,7.84,-0.87
August,2022,TGP-Z5 200L,7.94,-0.77
August,2022,TGP-Z6 200L,8.65,-0.06
August,2022,TGP-Z6 200L North,,
August,2022,TGP-Z6 200L South,8.65,-0.06
August,2022,TGP-Z6 300L,,
August,2022,TGT-Mainline,8.2,-0.51
August,2022,TGT-North LA,,
August,2022,TGT-SL,,
August,2022,Transco Zn3,13.99,5.28
August,2022,Transco-165,,
August,2022,Transco-30,8.55,-0.16
August,2022,Transco-45,8.89,0.18
August,2022,Transco-65,,
August,2022,Transco-85,13.92,5.21
August,2022,Transco-River Road,,
August,2022,Transco-Z5,14.63,5.92
August,2022,Transco-Z5 North,,
August,2022,Transco-Z5 South,14.63,5.92
August,2022,Transco-Z6 (non-NY north ML),,
August,2022,Transco-Z6 (non-NY north),8.24,-0.47
August,2022,Transco-Z6 (non-NY south),,
August,2022,Transco-Z6 (non-NY),8.24,-0.47
August,2022,Transco-Z6 (NY),8.11,-0.6
August,2022,Transco-Z6 Sta-210,,
August,2022,Tres Palacios (inj),,
August,2022,Tres Palacios (w/d),,
August,2022,Trunkline-ELA,,
August,2022,Trunkline-WLA,,
August,2022,Trunkline-Z1A,8.14,-0.57
August,2022,TW-Blanco,8.85,0.14
August,2022,TW-Central,,
August,2022,TW-Panhandle,8.08,-0.63
August,2022,TW-WTX,,
August,2022,Union-Dawn,8.42,-0.29
August,2022,Waha,7.93,-0.78
August,2022,White River Hub,,
August,2022,WIC,,
August,2022,0,,
August,2022,0,,
August,2022,0,,
August,2022,0,,
September,2022,AB Pool (inter),,
September,2022,AB Pool (intra),,
September,2022,AGT-CG,,
September,2022,AGT-CG (non-G),8.48,-0.86
September,2022,Agua Dulce Hub,,
September,2022,ANR-Joliet Hub,,
September,2022,ANR-SE,,
September,2022,ANR-SE-T,9.4,0.06
September,2022,ANR-SW,8.55,-0.79
September,2022,APC-ACE,,
September,2022,APC-ANR,,
September,2022,APC-MGTC,,
September,2022,APC-NGPL,,
September,2022,APC-Nicor,,
September,2022,APC-VPC,,
September,2022,Arena WTX Pool,,
September,2022,Atmos Zone 3,,
September,2022,Banquete Hub,,
September,2022,Bay Gas Storage,,
September,2022,Bennington,,
September,2022,Beverly Salem,,
September,2022,Bluewater Hub,,
September,2022,Bobcat Inter,,
September,2022,Bobcat Stor,,
September,2022,Carthage,,
September,2022,CG-Mainline,8.41,-0.93
September,2022,CG-Onshore,9.19,-0.15
September,2022,Cheyenne,8.5,-0.84
September,2022,Chicago,8.79,-0.55
September,2022,CIG-Mainline,8.54,-0.8
September,2022,CIG-Mainline Pool,,
September,2022,CIG-Mainline South,,
September,2022,Clarington,,
September,2022,Clarington-Tenn,,
September,2022,Consumers,8.69,-0.65
September,2022,Cove Point,,
September,2022,Dracut,,
September,2022,Eastern Gas-North,,
September,2022,Eastern Gas-South,7.9,-1.44
September,2022,Egan Inter,,
September,2022,Egan Stor,,
September,2022,EGT-Flex,,
September,2022,EGT-North,,
September,2022,EGT-Perryville Hub,8.57,-0.77
September,2022,EGT-South,,
September,2022,EGT-West,,
September,2022,Enable East Pool,,
September,2022,Enable West Pool ,,
September,2022,ENT-STX Map,,
September,2022,EP-Anadarko,,
September,2022,EP-Keystone,,
September,2022,EP-Plains Pool,,
September,2022,EP-S.Mainline,,
September,2022,EP-SJ Blanco Pool,8.75,-0.59
September,2022,EP-SJ Bondad Stn,,
September,2022,EP-Waha Pool,8.0,-1.34
September,2022,ETC-Cleburne,,
September,2022,ETC-Maypearl,,
September,2022,ETC-Tiger Gas (receipt),,
September,2022,FGT-CG,,
September,2022,FGT-Z1,8.97,-0.37
September,2022,FGT-Z2,9.63,0.29
September,2022,FGT-Z3,10.18,0.84
September,2022,GCX Waha Hub,,
September,2022,Gillis Hub,,
September,2022,GLGT-St.Clair,,
September,2022,Golden Triangle,,
September,2022,GTN-Kingsgate,,
September,2022,GTN-Malin,,
September,2022,GTN-Stanfield,,
September,2022,Guardian Hub,,
September,2022,Gulf S. Pool 16,,
September,2022,Gulf South - Perryville,,
September,2022,Henry,9.34,0.0
September,2022,HPL-ETX Pool,,
September,2022,HSC-HPL Pool,8.66,-0.68
September,2022,HSC-Kinder Morgan,,
September,2022,Iroquois (into),8.74,-0.6
September,2022,Iroquois-Z1,,
September,2022,Iroquois-Z2,8.66,-0.68
September,2022,Iroquois-Z2 Hunts Pt,,
September,2022,Jefferson Island,,
September,2022,Katy-Enstor Pool,8.68,-0.66
September,2022,Katy-Lonestar Inter,,
September,2022,Katy-Lonestar Intra,,
September,2022,Katy-Oasis,,
September,2022,KRGT-Del Pool,10.82,1.48
September,2022,KRGT-Rec Pool,,
September,2022,Lebanon,8.5,-0.84
September,2022,Leidy,,
September,2022,Leidy-Transco,7.84,-1.5
September,2022,M&N US,,
September,2022,MEP-Lamar,,
September,2022,Michcon,8.65,-0.69
September,2022,Midship (receipt),,
September,2022,Millennium,,
September,2022,Millennium East Pool,7.91,-1.43
September,2022,Millennium-Ramapo,,
September,2022,Moss Bluff Inter,,
September,2022,Moss Bluff Stor,,
September,2022,MS Hub,,
September,2022,NBPL-Bakken (receipt),,
September,2022,NBPL-Harper,,
September,2022,NBPL-Nicor,8.81,-0.53
September,2022,NBPL-Vector,,
September,2022,NBPL-Ventura,,
September,2022,NBPL-Will County,,
September,2022,NGPL-AM Pool,,
September,2022,NGPL-AM Stor,,
September,2022,NGPL-GC Mainline,,
September,2022,NGPL-IA/IL AM Pool,,
September,2022,NGPL-IA/IL AM Stor,,
September,2022,NGPL-IA/IL GC Pool,,
September,2022,NGPL-IA/IL GC Stor,,
September,2022,NGPL-LA Pool,,
September,2022,NGPL-LA Stor,,
September,2022,NGPL-MidAm,,
September,2022,NGPL-Midcont Pool,8.42,-0.92
September,2022,NGPL-Midcont Stor,,
September,2022,NGPL-Nicor,8.81,-0.53
September,2022,NGPL-Nipsco,8.74,-0.6
September,2022,NGPL-STX,8.61,-0.73
September,2022,NGPL-TXOK East,8.44,-0.9
September,2022,NGPL-TXOK East Stor,8.44,-0.9
September,2022,NGPL-TXOK West,8.44,-0.9
September,2022,NNG-Demarc,8.67,-0.67
September,2022,NNG-Mid 13-16A,,
September,2022,NNG-Mid 1-7,,
September,2022,NNG-Mid 8-12,,
September,2022,NNG-Ventura,8.55,-0.79
September,2022,Nortex-Tolar Hub,,
September,2022,NWP-Rocky Mtn,8.73,-0.61
September,2022,NWP-Sumas,8.46,-0.88
September,2022,NWP-Wyoming,8.73,-0.61
September,2022,Oasis - Waha Pool,,
September,2022,OGT,,
September,2022,ONEOK Westex,8.06,-1.28
September,2022,Opal,,
September,2022,Panhandle,8.29,-1.05
September,2022,PG&E-Citygate,10.25,0.91
September,2022,PG&E-Daggett,,
September,2022,PG&E-KRS,,
September,2022,PG&E-Topock,,
September,2022,PGLC,8.77,-0.57
September,2022,Pine Prairie,9.29,-0.05
September,2022,Pioneer,,
September,2022,PNGTS,,
September,2022,Questar-North,,
September,2022,Questar-South,,
September,2022,REX Cheyenne Comp Pool,,
September,2022,REX E-ANR,,
September,2022,REX E-MidW,,
September,2022,REX E-NGPL,,
September,2022,REX E-PEPL,,
September,2022,REX E-Trunk,,
September,2022,REX W-ANR,,
September,2022,REX W-NGPL,,
September,2022,REX W-NNG,,
September,2022,REX W-PEPL,,
September,2022,REX-Z3 (receipt) ,,
September,2022,REX-Z3 Del Pool,8.54,-0.8
September,2022,Rover (receipt),,
September,2022,Rover-ANR,8.55,-0.79
September,2022,Rover-PEPL,8.55,-0.79
September,2022,Ruby-Onyx Hill,,
September,2022,Ruby-Rec Pool,,
September,2022,Ryckman Creek Stor,,
September,2022,Salt Plains Inter,,
September,2022,Salt Plains Stor,,
September,2022,Socal-Blythe,,
September,2022,Socal-Border,10.32,0.98
September,2022,Socal-Citygate,11.02,1.68
September,2022,Socal-Ehrenberg,,
September,2022,Socal-Firm Stor,,
September,2022,Socal-IT Stor,,
September,2022,Socal-Kramer,,
September,2022,Socal-KRS,,
September,2022,Socal-Needles,,
September,2022,Socal-Storage,,
September,2022,Socal-Topock (EP),,
September,2022,Socal-Topock (TW),,
September,2022,Socal-WR,,
September,2022,Sonat-Z0 South,9.84,0.5
September,2022,Sonat-Z1 North,,
September,2022,Southern Pines Hub,,
September,2022,Southern Star,8.4,-0.94
September,2022,Spectra - Hunt,,
September,2022,Stagecoach ,,
September,2022,Stingray,,
September,2022,TCO,8.03,-1.31
September,2022,TCO-A04 Pool,,
September,2022,TCO-A06 Pool,,
September,2022,TCO-A08 Pool,,
September,2022,TCO-Seg Pool,,
September,2022,TETCO-ELA,8.56,-0.78
September,2022,TETCO-ETX,,
September,2022,TETCO-M1 24,,
September,2022,TETCO-M1 30,8.55,-0.79
September,2022,TETCO-M2,,
September,2022,TETCO-M2 (receipt),7.82,-1.52
September,2022,TETCO-M3,8.08,-1.26
September,2022,TETCO-Manhattan,,
September,2022,TETCO-STX,8.7,-0.64
September,2022,TETCO-WLA,9.22,-0.12
September,2022,TGP-500L,9.37,0.03
September,2022,TGP-800L,9.02,-0.32
September,2022,TGP-Mahwah,,
September,2022,TGP-Niagara,8.27,-1.07
September,2022,TGP-Z0 Border Pool,8.54,-0.8
September,2022,TGP-Z0 North,8.54,-0.8
September,2022,TGP-Z0 South,8.54,-0.8
September,2022,TGP-Z1 100L,,
September,2022,TGP-Z1 800L Pool,,
September,2022,TGP-Z1 Sta-87,,
September,2022,TGP-Z4 300L,7.78,-1.56
September,2022,TGP-Z4 Marcellus,7.78,-1.56
September,2022,TGP-Z4 Sta-219,,
September,2022,TGP-Z4 Sta-313,7.99,-1.35
September,2022,TGP-Z5 200L,8.18,-1.16
September,2022,TGP-Z6 200L,8.45,-0.89
September,2022,TGP-Z6 200L North,,
September,2022,TGP-Z6 200L South,8.45,-0.89
September,2022,TGP-Z6 300L,,
September,2022,TGT-Mainline,8.47,-0.87
September,2022,TGT-North LA,,
September,2022,TGT-SL,,
September,2022,Transco Zn3,9.99,0.65
September,2022,Transco-165,,
September,2022,Transco-30,8.81,-0.53
September,2022,Transco-45,9.41,0.07
September,2022,Transco-65,,
September,2022,Transco-85,10.08,0.74
September,2022,Transco-River Road,,
September,2022,Transco-Z5,10.6,1.26
September,2022,Transco-Z5 North,,
September,2022,Transco-Z5 South,10.6,1.26
September,2022,Transco-Z6 (non-NY north ML),,
September,2022,Transco-Z6 (non-NY north),8.03,-1.31
September,2022,Transco-Z6 (non-NY south),,
September,2022,Transco-Z6 (non-NY),8.03,-1.31
September,2022,Transco-Z6 (NY),8.05,-1.29
September,2022,Transco-Z6 Sta-210,,
September,2022,Tres Palacios (inj),,
September,2022,Tres Palacios (w/d),,
September,2022,Trunkline-ELA,,
September,2022,Trunkline-WLA,,
September,2022,Trunkline-Z1A,8.47,-0.87
September,2022,TW-Blanco,8.75,-0.59
September,2022,TW-Central,,
September,2022,TW-Panhandle,7.85,-1.49
September,2022,TW-WTX,,
September,2022,Union-Dawn,8.68,-0.66
September,2022,Waha,7.95,-1.39
September,2022,White River Hub,,
September,2022,WIC,,
September,2022,0,,
September,2022,0,,
September,2022,0,,
September,2022,0,,
October,2022,AB Pool (inter),,
October,2022,AB Pool (intra),,
October,2022,AGT-CG,,
October,2022,AGT-CG (non-G),5.03,-1.85
October,2022,Agua Dulce Hub,,
October,2022,ANR-Joliet Hub,,
October,2022,ANR-SE,,
October,2022,ANR-SE-T,6.86,-0.02
October,2022,ANR-SW,5.5,-1.38
October,2022,APC-ACE,,
October,2022,APC-ANR,,
October,2022,APC-MGTC,,
October,2022,APC-NGPL,,
October,2022,APC-Nicor,,
October,2022,APC-VPC,,
October,2022,Arena WTX Pool,,
October,2022,Atmos Zone 3,,
October,2022,Banquete Hub,,
October,2022,Bay Gas Storage,,
October,2022,Bennington,,
October,2022,Beverly Salem,,
October,2022,Bluewater Hub,,
October,2022,Bobcat Inter,,
October,2022,Bobcat Stor,,
October,2022,Carthage,,
October,2022,CG-Mainline,5.24,-1.64
October,2022,CG-Onshore,6.74,-0.14
October,2022,Cheyenne,5.33,-1.55
October,2022,Chicago,5.68,-1.2
October,2022,CIG-Mainline,5.23,-1.65
October,2022,CIG-Mainline Pool,,
October,2022,CIG-Mainline South,,
October,2022,Clarington,,
October,2022,Clarington-Tenn,,
October,2022,Consumers,5.52,-1.36
October,2022,Cove Point,,
October,2022,Dracut,,
October,2022,Eastern Gas-North,,
October,2022,Eastern Gas-South,4.54,-2.34
October,2022,Egan Inter,,
October,2022,Egan Stor,,
October,2022,EGT-Flex,,
October,2022,EGT-North,,
October,2022,EGT-Perryville Hub,4.94,-1.94
October,2022,EGT-South,,
October,2022,EGT-West,,
October,2022,Enable East Pool,,
October,2022,Enable West Pool ,,
October,2022,ENT-STX Map,,
October,2022,EP-Anadarko,,
October,2022,EP-Keystone,,
October,2022,EP-Plains Pool,,
October,2022,EP-S.Mainline,,
October,2022,EP-SJ Blanco Pool,5.49,-1.39
October,2022,EP-SJ Bondad Stn,,
October,2022,EP-Waha Pool,3.47,-3.41
October,2022,ETC-Cleburne,,
October,2022,ETC-Maypearl,,
October,2022,ETC-Tiger Gas (receipt),,
October,2022,FGT-CG,,
October,2022,FGT-Z1,6.23,-0.65
October,2022,FGT-Z2,7.04,0.16
October,2022,FGT-Z3,7.23,0.35
October,2022,GCX Waha Hub,,
October,2022,Gillis Hub,,
October,2022,GLGT-St.Clair,,
October,2022,Golden Triangle,,
October,2022,GTN-Kingsgate,,
October,2022,GTN-Malin,,
October,2022,GTN-Stanfield,,
October,2022,Guardian Hub,,
October,2022,Gulf S. Pool 16,,
October,2022,Gulf South - Perryville,,
October,2022,Henry,6.88,0.0
October,2022,HPL-ETX Pool,,
October,2022,HSC-HPL Pool,5.27,-1.61
October,2022,HSC-Kinder Morgan,,
October,2022,Iroquois (into),5.41,-1.47
October,2022,Iroquois-Z1,,
October,2022,Iroquois-Z2,5.48,-1.4
October,2022,Iroquois-Z2 Hunts Pt,,
October,2022,Jefferson Island,,
October,2022,Katy-Enstor Pool,5.33,-1.55
October,2022,Katy-Lonestar Inter,,
October,2022,Katy-Lonestar Intra,,
October,2022,Katy-Oasis,,
October,2022,KRGT-Del Pool,6.14,-0.74
October,2022,KRGT-Rec Pool,,
October,2022,Lebanon,5.27,-1.61
October,2022,Leidy,,
October,2022,Leidy-Transco,4.49,-2.39
October,2022,M&N US,,
October,2022,MEP-Lamar,,
October,2022,Michcon,5.48,-1.4
October,2022,Midship (receipt),,
October,2022,Millennium,,
October,2022,Millennium East Pool,4.46,-2.42
October,2022,Millennium-Ramapo,,
October,2022,Moss Bluff Inter,,
October,2022,Moss Bluff Stor,,
October,2022,MS Hub,,
October,2022,NBPL-Bakken (receipt),,
October,2022,NBPL-Harper,,
October,2022,NBPL-Nicor,5.71,-1.17
October,2022,NBPL-Vector,,
October,2022,NBPL-Ventura,5.52,-1.36
October,2022,NBPL-Will County,,
October,2022,NGPL-AM Pool,,
October,2022,NGPL-AM Stor,,
October,2022,NGPL-GC Mainline,,
October,2022,NGPL-IA/IL AM Pool,,
October,2022,NGPL-IA/IL AM Stor,,
October,2022,NGPL-IA/IL GC Pool,,
October,2022,NGPL-IA/IL GC Stor,,
October,2022,NGPL-LA Pool,,
October,2022,NGPL-LA Stor,,
October,2022,NGPL-MidAm,,
October,2022,NGPL-Midcont Pool,5.18,-1.7
October,2022,NGPL-Midcont Stor,,
October,2022,NGPL-Nicor,5.71,-1.17
October,2022,NGPL-Nipsco,5.55,-1.33
October,2022,NGPL-STX,,
October,2022,NGPL-TXOK East,5.25,-1.63
October,2022,NGPL-TXOK East Stor,5.25,-1.63
October,2022,NGPL-TXOK West,5.25,-1.63
October,2022,NNG-Demarc,5.55,-1.33
October,2022,NNG-Mid 13-16A,,
October,2022,NNG-Mid 1-7,,
October,2022,NNG-Mid 8-12,,
October,2022,NNG-Ventura,5.47,-1.41
October,2022,Nortex-Tolar Hub,,
October,2022,NWP-Rocky Mtn,5.51,-1.37
October,2022,NWP-Sumas,5.57,-1.31
October,2022,NWP-Wyoming,5.51,-1.37
October,2022,Oasis - Waha Pool,,
October,2022,OGT,,
October,2022,ONEOK Westex,4.93,-1.95
October,2022,Opal,,
October,2022,Panhandle,4.96,-1.92
October,2022,PG&E-Citygate,7.58,0.7
October,2022,PG&E-Daggett,,
October,2022,PG&E-KRS,,
October,2022,PG&E-Topock,,
October,2022,PGLC,5.78,-1.1
October,2022,Pine Prairie,6.78,-0.1
October,2022,Pioneer,,
October,2022,PNGTS,,
October,2022,Questar-North,,
October,2022,Questar-South,,
October,2022,REX Cheyenne Comp Pool,,
October,2022,REX E-ANR,,
October,2022,REX E-MidW,,
October,2022,REX E-NGPL,,
October,2022,REX E-PEPL,,
October,2022,REX E-Trunk,,
October,2022,REX W-ANR,,
October,2022,REX W-NGPL,,
October,2022,REX W-NNG,,
October,2022,REX W-PEPL,,
October,2022,REX-Z3 (receipt) ,,
October,2022,REX-Z3 Del Pool,5.34,-1.54
October,2022,Rover (receipt),,
October,2022,Rover-ANR,5.27,-1.61
October,2022,Rover-PEPL,5.27,-1.61
October,2022,Ruby-Onyx Hill,,
October,2022,Ruby-Rec Pool,,
October,2022,Ryckman Creek Stor,,
October,2022,Salt Plains Inter,,
October,2022,Salt Plains Stor,,
October,2022,Socal-Blythe,,
October,2022,Socal-Border,6.61,-0.27
October,2022,Socal-Citygate,6.75,-0.13
October,2022,Socal-Ehrenberg,,
October,2022,Socal-Firm Stor,,
October,2022,Socal-IT Stor,,
October,2022,Socal-Kramer,,
October,2022,Socal-KRS,,
October,2022,Socal-Needles,,
October,2022,Socal-Storage,,
October,2022,Socal-Topock (EP),,
October,2022,Socal-Topock (TW),,
October,2022,Socal-WR,,
October,2022,Sonat-Z0 South,7.01,0.13
October,2022,Sonat-Z1 North,,
October,2022,Southern Pines Hub,,
October,2022,Southern Star,5.41,-1.47
October,2022,Spectra - Hunt,,
October,2022,Stagecoach ,,
October,2022,Stingray,,
October,2022,TCO,4.89,-1.99
October,2022,TCO-A04 Pool,,
October,2022,TCO-A06 Pool,,
October,2022,TCO-A08 Pool,,
October,2022,TCO-Seg Pool,,
October,2022,TETCO-ELA,5.4,-1.48
October,2022,TETCO-ETX,,
October,2022,TETCO-M1 24,,
October,2022,TETCO-M1 30,,
October,2022,TETCO-M2,,
October,2022,TETCO-M2 (receipt),4.37,-2.51
October,2022,TETCO-M3,4.59,-2.29
October,2022,TETCO-Manhattan,,
October,2022,TETCO-STX,5.85,-1.03
October,2022,TETCO-WLA,6.78,-0.1
October,2022,TGP-500L,6.68,-0.2
October,2022,TGP-800L,6.34,-0.54
October,2022,TGP-Mahwah,,
October,2022,TGP-Niagara,4.92,-1.96
October,2022,TGP-Z0 Border Pool,5.08,-1.8
October,2022,TGP-Z0 North,5.08,-1.8
October,2022,TGP-Z0 South,5.08,-1.8
October,2022,TGP-Z1 100L,,
October,2022,TGP-Z1 800L Pool,,
October,2022,TGP-Z1 Sta-87,,
October,2022,TGP-Z4 300L,4.47,-2.41
October,2022,TGP-Z4 Marcellus,4.47,-2.41
October,2022,TGP-Z4 Sta-219,,
October,2022,TGP-Z4 Sta-313,4.65,-2.23
October,2022,TGP-Z5 200L,4.85,-2.03
October,2022,TGP-Z6 200L,5.21,-1.67
October,2022,TGP-Z6 200L North,,
October,2022,TGP-Z6 200L South,5.21,-1.67
October,2022,TGP-Z6 300L,,
October,2022,TGT-Mainline,5.22,-1.66
October,2022,TGT-North LA,,
October,2022,TGT-SL,,
October,2022,Transco Zn3,6.88,0.0
October,2022,Transco-165,,
October,2022,Transco-30,5.54,-1.34
October,2022,Transco-45,6.82,-0.06
October,2022,Transco-65,,
October,2022,Transco-85,7.04,0.16
October,2022,Transco-River Road,,
October,2022,Transco-Z5,7.21,0.33
October,2022,Transco-Z5 North,,
October,2022,Transco-Z5 South,7.21,0.33
October,2022,Transco-Z6 (non-NY north ML),,
October,2022,Transco-Z6 (non-NY north),4.44,-2.44
October,2022,Transco-Z6 (non-NY south),,
October,2022,Transco-Z6 (non-NY),4.44,-2.44
October,2022,Transco-Z6 (NY),4.57,-2.31
October,2022,Transco-Z6 Sta-210,,
October,2022,Tres Palacios (inj),,
October,2022,Tres Palacios (w/d),,
October,2022,Trunkline-ELA,,
October,2022,Trunkline-WLA,,
October,2022,Trunkline-Z1A,5.22,-1.66
October,2022,TW-Blanco,5.6,-1.28
October,2022,TW-Central,,
October,2022,TW-Panhandle,3.45,-3.43
October,2022,TW-WTX,,
October,2022,Union-Dawn,5.49,-1.39
October,2022,Waha,3.28,-3.6
October,2022,White River Hub,,
October,2022,WIC,,
October,2022,0,,
October,2022,0,,
October,2022,0,,
October,2022,0,,
November,2022,AB Pool (inter),,
November,2022,AB Pool (intra),,
November,2022,AGT-CG,,
November,2022,AGT-CG (non-G),6.41,1.21
November,2022,Agua Dulce Hub,,
November,2022,ANR-Joliet Hub,,
November,2022,ANR-SE,,
November,2022,ANR-SE-T,5.19,-0.01
November,2022,ANR-SW,4.75,-0.45
November,2022,APC-ACE,,
November,2022,APC-ANR,,
November,2022,APC-MGTC,,
November,2022,APC-NGPL,,
November,2022,APC-Nicor,,
November,2022,APC-VPC,,
November,2022,Arena WTX Pool,,
November,2022,Atmos Zone 3,,
November,2022,Banquete Hub,,
November,2022,Bay Gas Storage,,
November,2022,Bennington,,
November,2022,Beverly Salem,,
November,2022,Bluewater Hub,,
November,2022,Bobcat Inter,,
November,2022,Bobcat Stor,,
November,2022,Carthage,,
November,2022,CG-Mainline,4.5,-0.7
November,2022,CG-Onshore,5.04,-0.16
November,2022,Cheyenne,5.11,-0.09
November,2022,Chicago,4.95,-0.25
November,2022,CIG-Mainline,4.88,-0.32
November,2022,CIG-Mainline Pool,,
November,2022,CIG-Mainline South,,
November,2022,Clarington,,
November,2022,Clarington-Tenn,,
November,2022,Consumers,4.78,-0.42
November,2022,Cove Point,,
November,2022,Dracut,,
November,2022,Eastern Gas-North,,
November,2022,Eastern Gas-South,3.8,-1.4
November,2022,Egan Inter,,
November,2022,Egan Stor,,
November,2022,EGT-Flex,,
November,2022,EGT-North,,
November,2022,EGT-Perryville Hub,4.48,-0.72
November,2022,EGT-South,,
November,2022,EGT-West,,
November,2022,Enable East Pool,,
November,2022,Enable West Pool ,,
November,2022,ENT-STX Map,,
November,2022,EP-Anadarko,,
November,2022,EP-Keystone,,
November,2022,EP-Plains Pool,,
November,2022,EP-S.Mainline,,
November,2022,EP-SJ Blanco Pool,5.44,0.24
November,2022,EP-SJ Bondad Stn,,
November,2022,EP-Waha Pool,3.12,-2.08
November,2022,ETC-Cleburne,,
November,2022,ETC-Maypearl,,
November,2022,ETC-Tiger Gas (receipt),,
November,2022,FGT-CG,,
November,2022,FGT-Z1,4.69,-0.51
November,2022,FGT-Z2,5.23,0.03
November,2022,FGT-Z3,5.4,0.2
November,2022,GCX Waha Hub,,
November,2022,Gillis Hub,,
November,2022,GLGT-St.Clair,,
November,2022,Golden Triangle,,
November,2022,GTN-Kingsgate,,
November,2022,GTN-Malin,,
November,2022,GTN-Stanfield,,
November,2022,Guardian Hub,,
November,2022,Gulf S. Pool 16,,
November,2022,Gulf South - Perryville,,
November,2022,Henry,5.2,0.0
November,2022,HPL-ETX Pool,,
November,2022,HSC-HPL Pool,4.47,-0.73
November,2022,HSC-Kinder Morgan,,
November,2022,Iroquois (into),5.05,-0.15
November,2022,Iroquois-Z1,,
November,2022,Iroquois-Z2,5.85,0.65
November,2022,Iroquois-Z2 Hunts Pt,,
November,2022,Jefferson Island,,
November,2022,Katy-Enstor Pool,4.53,-0.67
November,2022,Katy-Lonestar Inter,,
November,2022,Katy-Lonestar Intra,,
November,2022,Katy-Oasis,,
November,2022,KRGT-Del Pool,6.72,1.52
November,2022,KRGT-Rec Pool,,
November,2022,Lebanon,4.61,-0.59
November,2022,Leidy,,
November,2022,Leidy-Transco,3.76,-1.44
November,2022,M&N US,,
November,2022,MEP-Lamar,,
November,2022,Michcon,4.71,-0.49
November,2022,Midship (receipt),,
November,2022,Millennium,,
November,2022,Millennium East Pool,3.85,-1.35
November,2022,Millennium-Ramapo,,
November,2022,Moss Bluff Inter,,
November,2022,Moss Bluff Stor,,
November,2022,MS Hub,,
November,2022,NBPL-Bakken (receipt),,
November,2022,NBPL-Harper,,
November,2022,NBPL-Nicor,5.0,-0.2
November,2022,NBPL-Vector,,
November,2022,NBPL-Ventura,4.96,-0.24
November,2022,NBPL-Will County,,
November,2022,NGPL-AM Pool,,
November,2022,NGPL-AM Stor,,
November,2022,NGPL-GC Mainline,,
November,2022,NGPL-IA/IL AM Pool,,
November,2022,NGPL-IA/IL AM Stor,,
November,2022,NGPL-IA/IL GC Pool,,
November,2022,NGPL-IA/IL GC Stor,,
November,2022,NGPL-LA Pool,,
November,2022,NGPL-LA Stor,,
November,2022,NGPL-MidAm,,
November,2022,NGPL-Midcont Pool,4.55,-0.65
November,2022,NGPL-Midcont Stor,,
November,2022,NGPL-Nicor,5.0,-0.2
November,2022,NGPL-Nipsco,4.86,-0.34
November,2022,NGPL-STX,4.49,-0.71
November,2022,NGPL-TXOK East,4.53,-0.67
November,2022,NGPL-TXOK East Stor,4.53,-0.67
November,2022,NGPL-TXOK West,4.53,-0.67
November,2022,NNG-Demarc,5.0,-0.2
November,2022,NNG-Mid 13-16A,,
November,2022,NNG-Mid 1-7,,
November,2022,NNG-Mid 8-12,,
November,2022,NNG-Ventura,4.97,-0.23
November,2022,Nortex-Tolar Hub,,
November,2022,NWP-Rocky Mtn,5.73,0.53
November,2022,NWP-Sumas,6.09,0.89
November,2022,NWP-Wyoming,5.73,0.53
November,2022,Oasis - Waha Pool,,
November,2022,OGT,,
November,2022,ONEOK Westex,4.22,-0.98
November,2022,Opal,,
November,2022,Panhandle,4.48,-0.72
November,2022,PG&E-Citygate,7.34,2.14
November,2022,PG&E-Daggett,,
November,2022,PG&E-KRS,,
November,2022,PG&E-Topock,,
November,2022,PGLC,5.17,-0.03
November,2022,Pine Prairie,5.12,-0.08
November,2022,Pioneer,,
November,2022,PNGTS,,
November,2022,Questar-North,,
November,2022,Questar-South,,
November,2022,REX Cheyenne Comp Pool,,
November,2022,REX E-ANR,,
November,2022,REX E-MidW,,
November,2022,REX E-NGPL,,
November,2022,REX E-PEPL,,
November,2022,REX E-Trunk,,
November,2022,REX W-ANR,,
November,2022,REX W-NGPL,,
November,2022,REX W-NNG,,
November,2022,REX W-PEPL,,
November,2022,REX-Z3 (receipt) ,,
November,2022,REX-Z3 Del Pool,4.7,-0.5
November,2022,Rover (receipt),,
November,2022,Rover-ANR,4.61,-0.59
November,2022,Rover-PEPL,4.61,-0.59
November,2022,Ruby-Onyx Hill,,
November,2022,Ruby-Rec Pool,,
November,2022,Ryckman Creek Stor,,
November,2022,Salt Plains Inter,,
November,2022,Salt Plains Stor,,
November,2022,Socal-Blythe,,
November,2022,Socal-Border,6.66,1.46
November,2022,Socal-Citygate,7.27,2.07
November,2022,Socal-Ehrenberg,,
November,2022,Socal-Firm Stor,,
November,2022,Socal-IT Stor,,
November,2022,Socal-Kramer,,
November,2022,Socal-KRS,,
November,2022,Socal-Needles,,
November,2022,Socal-Storage,,
November,2022,Socal-Topock (EP),,
November,2022,Socal-Topock (TW),,
November,2022,Socal-WR,,
November,2022,Sonat-Z0 South,5.32,0.12
November,2022,Sonat-Z1 North,,
November,2022,Southern Pines Hub,,
November,2022,Southern Star,4.65,-0.55
November,2022,Spectra - Hunt,,
November,2022,Stagecoach ,,
November,2022,Stingray,,
November,2022,TCO,4.02,-1.18
November,2022,TCO-A04 Pool,,
November,2022,TCO-A06 Pool,,
November,2022,TCO-A08 Pool,,
November,2022,TCO-Seg Pool,,
November,2022,TETCO-ELA,4.71,-0.49
November,2022,TETCO-ETX,,
November,2022,TETCO-M1 24,,
November,2022,TETCO-M1 30,4.69,-0.51
November,2022,TETCO-M2,,
November,2022,TETCO-M2 (receipt),3.7,-1.5
November,2022,TETCO-M3,4.13,-1.07
November,2022,TETCO-Manhattan,,
November,2022,TETCO-STX,4.89,-0.31
November,2022,TETCO-WLA,4.93,-0.27
November,2022,TGP-500L,5.02,-0.18
November,2022,TGP-800L,5.02,-0.18
November,2022,TGP-Mahwah,,
November,2022,TGP-Niagara,4.39,-0.81
November,2022,TGP-Z0 Border Pool,4.41,-0.79
November,2022,TGP-Z0 North,4.41,-0.79
November,2022,TGP-Z0 South,4.41,-0.79
November,2022,TGP-Z1 100L,,
November,2022,TGP-Z1 800L Pool,,
November,2022,TGP-Z1 Sta-87,,
November,2022,TGP-Z4 300L,3.8,-1.4
November,2022,TGP-Z4 Marcellus,3.8,-1.4
November,2022,TGP-Z4 Sta-219,,
November,2022,TGP-Z4 Sta-313,3.86,-1.34
November,2022,TGP-Z5 200L,4.05,-1.15
November,2022,TGP-Z6 200L,6.39,1.19
November,2022,TGP-Z6 200L North,,
November,2022,TGP-Z6 200L South,6.39,1.19
November,2022,TGP-Z6 300L,,
November,2022,TGT-Mainline,4.56,-0.64
November,2022,TGT-North LA,,
November,2022,TGT-SL,,
November,2022,Transco Zn3,5.27,0.07
November,2022,Transco-165,,
November,2022,Transco-30,4.53,-0.67
November,2022,Transco-45,5.17,-0.03
November,2022,Transco-65,,
November,2022,Transco-85,5.33,0.13
November,2022,Transco-River Road,,
November,2022,Transco-Z5,5.68,0.48
November,2022,Transco-Z5 North,,
November,2022,Transco-Z5 South,5.68,0.48
November,2022,Transco-Z6 (non-NY north ML),,
November,2022,Transco-Z6 (non-NY north),4.15,-1.05
November,2022,Transco-Z6 (non-NY south),,
November,2022,Transco-Z6 (non-NY),4.15,-1.05
November,2022,Transco-Z6 (NY),4.42,-0.78
November,2022,Transco-Z6 Sta-210,,
November,2022,Tres Palacios (inj),,
November,2022,Tres Palacios (w/d),,
November,2022,Trunkline-ELA,,
November,2022,Trunkline-WLA,,
November,2022,Trunkline-Z1A,4.56,-0.64
November,2022,TW-Blanco,5.61,0.41
November,2022,TW-Central,,
November,2022,TW-Panhandle,3.05,-2.15
November,2022,TW-WTX,,
November,2022,Union-Dawn,4.95,-0.25
November,2022,Waha,3.08,-2.12
November,2022,White River Hub,,
November,2022,WIC,,
November,2022,0,,
November,2022,0,,
November,2022,0,,
November,2022,0,,
December,2022,AB Pool (inter),,
December,2022,AB Pool (intra),,
December,2022,AGT-CG,,
December,2022,AGT-CG (non-G),23.48,16.77
December,2022,Agua Dulce Hub,,
December,2022,ANR-Joliet Hub,,
December,2022,ANR-SE,,
December,2022,ANR-SE-T,6.74,0.03
December,2022,ANR-SW,6.87,0.16
December,2022,APC-ACE,,
December,2022,APC-ANR,,
December,2022,APC-MGTC,,
December,2022,APC-NGPL,,
December,2022,APC-Nicor,,
December,2022,APC-VPC,,
December,2022,Arena WTX Pool,,
December,2022,Atmos Zone 3,,
December,2022,Banquete Hub,,
December,2022,Bay Gas Storage,,
December,2022,Bennington,,
December,2022,Beverly Salem,,
December,2022,Bluewater Hub,,
December,2022,Bobcat Inter,,
December,2022,Bobcat Stor,,
December,2022,Carthage,,
December,2022,CG-Mainline,6.16,-0.55
December,2022,CG-Onshore,6.61,-0.1
December,2022,Cheyenne,7.27,0.56
December,2022,Chicago,7.0,0.29
December,2022,CIG-Mainline,7.08,0.37
December,2022,CIG-Mainline Pool,,
December,2022,CIG-Mainline South,,
December,2022,Clarington,,
December,2022,Clarington-Tenn,,
December,2022,Consumers,6.5,-0.21
December,2022,Cove Point,,
December,2022,Dracut,,
December,2022,Eastern Gas-North,,
December,2022,Eastern Gas-South,5.91,-0.8
December,2022,Egan Inter,,
December,2022,Egan Stor,,
December,2022,EGT-Flex,,
December,2022,EGT-North,,
December,2022,EGT-Perryville Hub,6.42,-0.29
December,2022,EGT-South,,
December,2022,EGT-West,,
December,2022,Enable East Pool,,
December,2022,Enable West Pool ,,
December,2022,ENT-STX Map,,
December,2022,EP-Anadarko,,
December,2022,EP-Keystone,,
December,2022,EP-Plains Pool,,
December,2022,EP-S.Mainline,,
December,2022,EP-SJ Blanco Pool,10.29,3.58
December,2022,EP-SJ Bondad Stn,,
December,2022,EP-Waha Pool,4.46,-2.25
December,2022,ETC-Cleburne,,
December,2022,ETC-Maypearl,,
December,2022,ETC-Tiger Gas (receipt),,
December,2022,FGT-CG,,
December,2022,FGT-Z1,,
December,2022,FGT-Z2,6.88,0.17
December,2022,FGT-Z3,7.21,0.5
December,2022,GCX Waha Hub,,
December,2022,Gillis Hub,,
December,2022,GLGT-St.Clair,,
December,2022,Golden Triangle,,
December,2022,GTN-Kingsgate,,
December,2022,GTN-Malin,,
December,2022,GTN-Stanfield,,
December,2022,Guardian Hub,,
December,2022,Gulf S. Pool 16,,
December,2022,Gulf South - Perryville,,
December,2022,Henry,6.71,0.0
December,2022,HPL-ETX Pool,,
December,2022,HSC-HPL Pool,6.05,-0.66
December,2022,HSC-Kinder Morgan,,
December,2022,Iroquois (into),11.12,4.41
December,2022,Iroquois-Z1,,
December,2022,Iroquois-Z2,18.23,11.52
December,2022,Iroquois-Z2 Hunts Pt,,
December,2022,Jefferson Island,,
December,2022,Katy-Enstor Pool,6.11,-0.6
December,2022,Katy-Lonestar Inter,,
December,2022,Katy-Lonestar Intra,,
December,2022,Katy-Oasis,,
December,2022,KRGT-Del Pool,14.22,7.51
December,2022,KRGT-Rec Pool,,
December,2022,Lebanon,6.36,-0.35
December,2022,Leidy,,
December,2022,Leidy-Transco,5.99,-0.72
December,2022,M&N US,,
December,2022,MEP-Lamar,,
December,2022,Michcon,6.32,-0.39
December,2022,Midship (receipt),,
December,2022,Millennium,,
December,2022,Millennium East Pool,6.04,-0.67
December,2022,Millennium-Ramapo,,
December,2022,Moss Bluff Inter,,
December,2022,Moss Bluff Stor,,
December,2022,MS Hub,,
December,2022,NBPL-Bakken (receipt),,
December,2022,NBPL-Harper,,
December,2022,NBPL-Nicor,7.0,0.29
December,2022,NBPL-Vector,,
December,2022,NBPL-Ventura,7.56,0.85
December,2022,NBPL-Will County,,
December,2022,NGPL-AM Pool,,
December,2022,NGPL-AM Stor,,
December,2022,NGPL-GC Mainline,,
December,2022,NGPL-IA/IL AM Pool,,
December,2022,NGPL-IA/IL AM Stor,,
December,2022,NGPL-IA/IL GC Pool,,
December,2022,NGPL-IA/IL GC Stor,,
December,2022,NGPL-LA Pool,,
December,2022,NGPL-LA Stor,,
December,2022,NGPL-MidAm,,
December,2022,NGPL-Midcont Pool,6.59,-0.12
December,2022,NGPL-Midcont Stor,,
December,2022,NGPL-Nicor,7.0,0.29
December,2022,NGPL-Nipsco,7.0,0.29
December,2022,NGPL-STX,,
December,2022,NGPL-TXOK East,6.17,-0.54
December,2022,NGPL-TXOK East Stor,6.17,-0.54
December,2022,NGPL-TXOK West,6.17,-0.54
December,2022,NNG-Demarc,7.44,0.73
December,2022,NNG-Mid 13-16A,,
December,2022,NNG-Mid 1-7,,
December,2022,NNG-Mid 8-12,,
December,2022,NNG-Ventura,7.5,0.79
December,2022,Nortex-Tolar Hub,,
December,2022,NWP-Rocky Mtn,11.39,4.68
December,2022,NWP-Sumas,14.98,8.27
December,2022,NWP-Wyoming,11.38,4.67
December,2022,Oasis - Waha Pool,,
December,2022,OGT,,
December,2022,ONEOK Westex,6.4,-0.31
December,2022,Opal,,
December,2022,Panhandle,6.52,-0.19
December,2022,PG&E-Citygate,,
December,2022,PG&E-Daggett,,
December,2022,PG&E-KRS,,
December,2022,PG&E-Topock,,
December,2022,PGLC,6.96,0.25
December,2022,Pine Prairie,6.65,-0.06
December,2022,Pioneer,,
December,2022,PNGTS,,
December,2022,Questar-North,,
December,2022,Questar-South,,
December,2022,REX Cheyenne Comp Pool,,
December,2022,REX E-ANR,,
December,2022,REX E-MidW,,
December,2022,REX E-NGPL,,
December,2022,REX E-PEPL,,
December,2022,REX E-Trunk,,
December,2022,REX W-ANR,,
December,2022,REX W-NGPL,,
December,2022,REX W-NNG,,
December,2022,REX W-PEPL,,
December,2022,REX-Z3 (receipt) ,,
December,2022,REX-Z3 Del Pool,6.66,-0.05
December,2022,Rover (receipt),,
December,2022,Rover-ANR,6.43,-0.28
December,2022,Rover-PEPL,6.43,-0.28
December,2022,Ruby-Onyx Hill,,
December,2022,Ruby-Rec Pool,,
December,2022,Ryckman Creek Stor,,
December,2022,Salt Plains Inter,,
December,2022,Salt Plains Stor,,
December,2022,Socal-Blythe,,
December,2022,Socal-Border,13.75,7.04
December,2022,Socal-Citygate,15.14,8.43
December,2022,Socal-Ehrenberg,,
December,2022,Socal-Firm Stor,,
December,2022,Socal-IT Stor,,
December,2022,Socal-Kramer,,
December,2022,Socal-KRS,,
December,2022,Socal-Needles,,
December,2022,Socal-Storage,,
December,2022,Socal-Topock (EP),,
December,2022,Socal-Topock (TW),,
December,2022,Socal-WR,,
December,2022,Sonat-Z0 South,6.97,0.26
December,2022,Sonat-Z1 North,,
December,2022,Southern Pines Hub,,
December,2022,Southern Star,6.88,0.17
December,2022,Spectra - Hunt,,
December,2022,Stagecoach ,,
December,2022,Stingray,,
December,2022,TCO,5.89,-0.82
December,2022,TCO-A04 Pool,,
December,2022,TCO-A06 Pool,,
December,2022,TCO-A08 Pool,,
December,2022,TCO-Seg Pool,,
December,2022,TETCO-ELA,6.23,-0.48
December,2022,TETCO-ETX,,
December,2022,TETCO-M1 24,,
December,2022,TETCO-M1 30,,
December,2022,TETCO-M2,,
December,2022,TETCO-M2 (receipt),5.9,-0.81
December,2022,TETCO-M3,9.69,2.98
December,2022,TETCO-Manhattan,,
December,2022,TETCO-STX,,
December,2022,TETCO-WLA,6.54,-0.17
December,2022,TGP-500L,6.59,-0.12
December,2022,TGP-800L,6.48,-0.23
December,2022,TGP-Mahwah,,
December,2022,TGP-Niagara,6.42,-0.29
December,2022,TGP-Z0 Border Pool,6.0,-0.71
December,2022,TGP-Z0 North,6.0,-0.71
December,2022,TGP-Z0 South,6.0,-0.71
December,2022,TGP-Z1 100L,,
December,2022,TGP-Z1 800L Pool,,
December,2022,TGP-Z1 Sta-87,,
December,2022,TGP-Z4 300L,5.92,-0.79
December,2022,TGP-Z4 Marcellus,5.92,-0.79
December,2022,TGP-Z4 Sta-219,,
December,2022,TGP-Z4 Sta-313,5.92,-0.79
December,2022,TGP-Z5 200L,6.07,-0.64
December,2022,TGP-Z6 200L,,
December,2022,TGP-Z6 200L North,,
December,2022,TGP-Z6 200L South,,
December,2022,TGP-Z6 300L,,
December,2022,TGT-Mainline,6.22,-0.49
December,2022,TGT-North LA,,
December,2022,TGT-SL,,
December,2022,Transco Zn3,7.16,0.45
December,2022,Transco-165,,
December,2022,Transco-30,6.23,-0.48
December,2022,Transco-45,6.78,0.07
December,2022,Transco-65,,
December,2022,Transco-85,7.2,0.49
December,2022,Transco-River Road,,
December,2022,Transco-Z5,11.4,4.69
December,2022,Transco-Z5 North,,
December,2022,Transco-Z5 South,11.4,4.69
December,2022,Transco-Z6 (non-NY north ML),,
December,2022,Transco-Z6 (non-NY north),9.58,2.87
December,2022,Transco-Z6 (non-NY south),,
December,2022,Transco-Z6 (non-NY),9.58,2.87
December,2022,Transco-Z6 (NY),10.56,3.85
December,2022,Transco-Z6 Sta-210,,
December,2022,Tres Palacios (inj),,
December,2022,Tres Palacios (w/d),,
December,2022,Trunkline-ELA,6.52,-0.19
December,2022,Trunkline-WLA,6.52,-0.19
December,2022,Trunkline-Z1A,6.24,-0.47
December,2022,TW-Blanco,9.72,3.01
December,2022,TW-Central,,
December,2022,TW-Panhandle,4.75,-1.96
December,2022,TW-WTX,,
December,2022,Union-Dawn,6.63,-0.08
December,2022,Waha,4.43,-2.28
December,2022,White River Hub,,
December,2022,WIC,,
December,2022,0,,
December,2022,0,,
December,2022,0,,
December,2022,0,,
January,2023,AB Pool (inter),,
January,2023,AB Pool (intra),,
January,2023,AGT-CG,,
January,2023,AGT-CG (non-G),23.07,18.32
January,2023,Agua Dulce Hub,,
January,2023,ANR-Joliet Hub,,
January,2023,ANR-SE,,
January,2023,ANR-SE-T,4.82,0.07
January,2023,ANR-SW,7.01,2.26
January,2023,APC-ACE,,
January,2023,APC-ANR,,
January,2023,APC-MGTC,,
January,2023,APC-NGPL,,
January,2023,APC-Nicor,,
January,2023,APC-VPC,,
January,2023,Arena WTX Pool,,
January,2023,Atmos Zone 3,,
January,2023,Banquete Hub,,
January,2023,Bay Gas Storage,,
January,2023,Bennington,,
January,2023,Beverly Salem,,
January,2023,Bluewater Hub,,
January,2023,Bobcat Inter,,
January,2023,Bobcat Stor,,
January,2023,Carthage,,
January,2023,CG-Mainline,4.28,-0.47
January,2023,CG-Onshore,4.57,-0.18
January,2023,Cheyenne,8.5,3.75
January,2023,Chicago,6.04,1.29
January,2023,CIG-Mainline,8.63,3.88
January,2023,CIG-Mainline Pool,,
January,2023,CIG-Mainline South,,
January,2023,Clarington,,
January,2023,Clarington-Tenn,,
January,2023,Consumers,4.56,-0.19
January,2023,Cove Point,,
January,2023,Dracut,,
January,2023,Eastern Gas-North,,
January,2023,Eastern Gas-South,3.6,-1.15
January,2023,Egan Inter,,
January,2023,Egan Stor,,
January,2023,EGT-Flex,,
January,2023,EGT-North,,
January,2023,EGT-Perryville Hub,5.86,1.11
January,2023,EGT-South,,
January,2023,EGT-West,,
January,2023,Enable East Pool,,
January,2023,Enable West Pool ,,
January,2023,ENT-STX Map,,
January,2023,EP-Anadarko,,
January,2023,EP-Keystone,,
January,2023,EP-Plains Pool,,
January,2023,EP-S.Mainline,,
January,2023,EP-SJ Blanco Pool,32.97,28.22
January,2023,EP-SJ Bondad Stn,,
January,2023,EP-Waha Pool,4.54,-0.21
January,2023,ETC-Cleburne,,
January,2023,ETC-Maypearl,,
January,2023,ETC-Tiger Gas (receipt),,
January,2023,FGT-CG,,
January,2023,FGT-Z1,4.76,0.01
January,2023,FGT-Z2,5.05,0.3
January,2023,FGT-Z3,5.42,0.67
January,2023,GCX Waha Hub,,
January,2023,Gillis Hub,,
January,2023,GLGT-St.Clair,,
January,2023,Golden Triangle,,
January,2023,GTN-Kingsgate,,
January,2023,GTN-Malin,,
January,2023,GTN-Stanfield,,
January,2023,Guardian Hub,,
January,2023,Gulf S. Pool 16,,
January,2023,Gulf South - Perryville,,
January,2023,Henry,4.75,0.0
January,2023,HPL-ETX Pool,,
January,2023,HSC-HPL Pool,4.4,-0.35
January,2023,HSC-Kinder Morgan,,
January,2023,Iroquois (into),10.71,5.96
January,2023,Iroquois-Z1,,
January,2023,Iroquois-Z2,21.08,16.33
January,2023,Iroquois-Z2 Hunts Pt,,
January,2023,Jefferson Island,,
January,2023,Katy-Enstor Pool,4.38,-0.37
January,2023,Katy-Lonestar Inter,,
January,2023,Katy-Lonestar Intra,,
January,2023,Katy-Oasis,,
January,2023,KRGT-Del Pool,46.61,41.86
January,2023,KRGT-Rec Pool,,
January,2023,Lebanon,4.62,-0.13
January,2023,Leidy,,
January,2023,Leidy-Transco,3.99,-0.76
January,2023,M&N US,,
January,2023,MEP-Lamar,,
January,2023,Michcon,4.32,-0.43
January,2023,Midship (receipt),,
January,2023,Millennium,,
January,2023,Millennium East Pool,3.92,-0.83
January,2023,Millennium-Ramapo,,
January,2023,Moss Bluff Inter,,
January,2023,Moss Bluff Stor,,
January,2023,MS Hub,,
January,2023,NBPL-Bakken (receipt),,
January,2023,NBPL-Harper,,
January,2023,NBPL-Nicor,6.1,1.35
January,2023,NBPL-Vector,,
January,2023,NBPL-Ventura,,
January,2023,NBPL-Will County,,
January,2023,NGPL-AM Pool,,
January,2023,NGPL-AM Stor,,
January,2023,NGPL-GC Mainline,,
January,2023,NGPL-IA/IL AM Pool,,
January,2023,NGPL-IA/IL AM Stor,,
January,2023,NGPL-IA/IL GC Pool,,
January,2023,NGPL-IA/IL GC Stor,,
January,2023,NGPL-LA Pool,,
January,2023,NGPL-LA Stor,,
January,2023,NGPL-MidAm,,
January,2023,NGPL-Midcont Pool,5.73,0.98
January,2023,NGPL-Midcont Stor,,
January,2023,NGPL-Nicor,6.1,1.35
January,2023,NGPL-Nipsco,6.0,1.25
January,2023,NGPL-STX,,
January,2023,NGPL-TXOK East,4.24,-0.51
January,2023,NGPL-TXOK East Stor,4.24,-0.51
January,2023,NGPL-TXOK West,4.24,-0.51
January,2023,NNG-Demarc,7.74,2.99
January,2023,NNG-Mid 13-16A,,
January,2023,NNG-Mid 1-7,,
January,2023,NNG-Mid 8-12,,
January,2023,NNG-Ventura,7.98,3.23
January,2023,Nortex-Tolar Hub,,
January,2023,NWP-Rocky Mtn,49.57,44.82
January,2023,NWP-Sumas,45.25,40.5
January,2023,NWP-Wyoming,52.56,47.81
January,2023,Oasis - Waha Pool,,
January,2023,OGT,,
January,2023,ONEOK Westex,5.93,1.18
January,2023,Opal,,
January,2023,Panhandle,5.74,0.99
January,2023,PG&E-Citygate,50.06,45.31
January,2023,PG&E-Daggett,,
January,2023,PG&E-KRS,,
January,2023,PG&E-Topock,,
January,2023,PGLC,6.08,1.33
January,2023,Pine Prairie,4.71,-0.04
January,2023,Pioneer,,
January,2023,PNGTS,,
January,2023,Questar-North,,
January,2023,Questar-South,,
January,2023,REX Cheyenne Comp Pool,,
January,2023,REX E-ANR,,
January,2023,REX E-MidW,,
January,2023,REX E-NGPL,,
January,2023,REX E-PEPL,,
January,2023,REX E-Trunk,,
January,2023,REX W-ANR,,
January,2023,REX W-NGPL,,
January,2023,REX W-NNG,,
January,2023,REX W-PEPL,,
January,2023,REX-Z3 (receipt) ,,
January,2023,REX-Z3 Del Pool,5.67,0.92
January,2023,Rover (receipt),,
January,2023,Rover-ANR,4.69,-0.06
January,2023,Rover-PEPL,4.69,-0.06
January,2023,Ruby-Onyx Hill,,
January,2023,Ruby-Rec Pool,,
January,2023,Ryckman Creek Stor,,
January,2023,Salt Plains Inter,,
January,2023,Salt Plains Stor,,
January,2023,Socal-Blythe,,
January,2023,Socal-Border,46.91,42.16
January,2023,Socal-Citygate,54.3,49.55
January,2023,Socal-Ehrenberg,,
January,2023,Socal-Firm Stor,,
January,2023,Socal-IT Stor,,
January,2023,Socal-Kramer,,
January,2023,Socal-KRS,,
January,2023,Socal-Needles,,
January,2023,Socal-Storage,,
January,2023,Socal-Topock (EP),,
January,2023,Socal-Topock (TW),,
January,2023,Socal-WR,,
January,2023,Sonat-Z0 South,4.82,0.07
January,2023,Sonat-Z1 North,,
January,2023,Southern Pines Hub,,
January,2023,Southern Star,8.43,3.68
January,2023,Spectra - Hunt,,
January,2023,Stagecoach ,,
January,2023,Stingray,,
January,2023,TCO,3.96,-0.79
January,2023,TCO-A04 Pool,,
January,2023,TCO-A06 Pool,,
January,2023,TCO-A08 Pool,,
January,2023,TCO-Seg Pool,,
January,2023,TETCO-ELA,4.36,-0.39
January,2023,TETCO-ETX,,
January,2023,TETCO-M1 24,,
January,2023,TETCO-M1 30,,
January,2023,TETCO-M2,,
January,2023,TETCO-M2 (receipt),3.79,-0.96
January,2023,TETCO-M3,12.59,7.84
January,2023,TETCO-Manhattan,,
January,2023,TETCO-STX,4.16,-0.59
January,2023,TETCO-WLA,4.56,-0.19
January,2023,TGP-500L,4.63,-0.12
January,2023,TGP-800L,4.56,-0.19
January,2023,TGP-Mahwah,,
January,2023,TGP-Niagara,4.81,0.06
January,2023,TGP-Z0 Border Pool,3.9,-0.85
January,2023,TGP-Z0 North,3.9,-0.85
January,2023,TGP-Z0 South,3.9,-0.85
January,2023,TGP-Z1 100L,,
January,2023,TGP-Z1 800L Pool,,
January,2023,TGP-Z1 Sta-87,,
January,2023,TGP-Z4 300L,3.82,-0.93
January,2023,TGP-Z4 Marcellus,3.82,-0.93
January,2023,TGP-Z4 Sta-219,,
January,2023,TGP-Z4 Sta-313,3.72,-1.03
January,2023,TGP-Z5 200L,4.2,-0.55
January,2023,TGP-Z6 200L,20.71,15.96
January,2023,TGP-Z6 200L North,,
January,2023,TGP-Z6 200L South,20.71,15.96
January,2023,TGP-Z6 300L,,
January,2023,TGT-Mainline,4.38,-0.37
January,2023,TGT-North LA,,
January,2023,TGT-SL,,
January,2023,Transco Zn3,5.36,0.61
January,2023,Transco-165,,
January,2023,Transco-30,4.52,-0.23
January,2023,Transco-45,4.76,0.01
January,2023,Transco-65,,
January,2023,Transco-85,5.39,0.64
January,2023,Transco-River Road,,
January,2023,Transco-Z5,15.18,10.43
January,2023,Transco-Z5 North,,
January,2023,Transco-Z5 South,15.18,10.43
January,2023,Transco-Z6 (non-NY north ML),,
January,2023,Transco-Z6 (non-NY north),12.49,7.74
January,2023,Transco-Z6 (non-NY south),,
January,2023,Transco-Z6 (non-NY),12.49,7.74
January,2023,Transco-Z6 (NY),15.71,10.96
January,2023,Transco-Z6 Sta-210,,
January,2023,Tres Palacios (inj),,
January,2023,Tres Palacios (w/d),,
January,2023,Trunkline-ELA,4.71,-0.04
January,2023,Trunkline-WLA,4.71,-0.04
January,2023,Trunkline-Z1A,4.52,-0.23
January,2023,TW-Blanco,39.99,35.24
January,2023,TW-Central,,
January,2023,TW-Panhandle,,
January,2023,TW-WTX,,
January,2023,Union-Dawn,4.74,-0.01
January,2023,Waha,4.78,0.03
January,2023,White River Hub,,
January,2023,WIC,,
January,2023,0,,
January,2023,0,,
January,2023,0,,
January,2023,0,,
February,2023,AB Pool (inter),,
February,2023,AB Pool (intra),,
February,2023,AGT-CG,,
February,2023,AGT-CG (non-G),11.01,7.89
February,2023,Agua Dulce Hub,,
February,2023,ANR-Joliet Hub,,
February,2023,ANR-SE,,
February,2023,ANR-SE-T,3.09,-0.03
February,2023,ANR-SW,5.46,2.34
February,2023,APC-ACE,,
February,2023,APC-ANR,,
February,2023,APC-MGTC,,
February,2023,APC-NGPL,,
February,2023,APC-Nicor,,
February,2023,APC-VPC,,
February,2023,Arena WTX Pool,,
February,2023,Atmos Zone 3,,
February,2023,Banquete Hub,,
February,2023,Bay Gas Storage,,
February,2023,Bennington,,
February,2023,Beverly Salem,,
February,2023,Bluewater Hub,,
February,2023,Bobcat Inter,,
February,2023,Bobcat Stor,,
February,2023,Carthage,,
February,2023,CG-Mainline,2.8,-0.32
February,2023,CG-Onshore,2.94,-0.18
February,2023,Cheyenne,5.28,2.16
February,2023,Chicago,4.44,1.32
February,2023,CIG-Mainline,5.31,2.19
February,2023,CIG-Mainline Pool,,
February,2023,CIG-Mainline South,,
February,2023,Clarington,,
February,2023,Clarington-Tenn,,
February,2023,Consumers,3.23,0.11
February,2023,Cove Point,,
February,2023,Dracut,,
February,2023,Eastern Gas-North,,
February,2023,Eastern Gas-South,2.45,-0.67
February,2023,Egan Inter,,
February,2023,Egan Stor,,
February,2023,EGT-Flex,,
February,2023,EGT-North,,
February,2023,EGT-Perryville Hub,3.6,0.48
February,2023,EGT-South,,
February,2023,EGT-West,,
February,2023,Enable East Pool,,
February,2023,Enable West Pool ,,
February,2023,ENT-STX Map,,
February,2023,EP-Anadarko,,
February,2023,EP-Keystone,,
February,2023,EP-Plains Pool,,
February,2023,EP-S.Mainline,,
February,2023,EP-SJ Blanco Pool,11.49,8.37
February,2023,EP-SJ Bondad Stn,,
February,2023,EP-Waha Pool,2.21,-0.91
February,2023,ETC-Cleburne,,
February,2023,ETC-Maypearl,,
February,2023,ETC-Tiger Gas (receipt),,
February,2023,FGT-CG,,
February,2023,FGT-Z1,3.09,-0.03
February,2023,FGT-Z2,3.19,0.07
February,2023,FGT-Z3,3.35,0.23
February,2023,GCX Waha Hub,,
February,2023,Gillis Hub,,
February,2023,GLGT-St.Clair,,
February,2023,Golden Triangle,,
February,2023,GTN-Kingsgate,,
February,2023,GTN-Malin,,
February,2023,GTN-Stanfield,,
February,2023,Guardian Hub,,
February,2023,Gulf S. Pool 16,,
February,2023,Gulf South - Perryville,,
February,2023,Henry,3.12,0.0
February,2023,HPL-ETX Pool,,
February,2023,HSC-HPL Pool,2.64,-0.48
February,2023,HSC-Kinder Morgan,,
February,2023,Iroquois (into),5.65,2.53
February,2023,Iroquois-Z1,,
February,2023,Iroquois-Z2,9.69,6.57
February,2023,Iroquois-Z2 Hunts Pt,,
February,2023,Jefferson Island,,
February,2023,Katy-Enstor Pool,2.64,-0.48
February,2023,Katy-Lonestar Inter,,
February,2023,Katy-Lonestar Intra,,
February,2023,Katy-Oasis,,
February,2023,KRGT-Del Pool,12.33,9.21
February,2023,KRGT-Rec Pool,,
February,2023,Lebanon,3.01,-0.11
February,2023,Leidy,,
February,2023,Leidy-Transco,2.6,-0.52
February,2023,M&N US,,
February,2023,MEP-Lamar,,
February,2023,Michcon,3.04,-0.08
February,2023,Midship (receipt),,
February,2023,Millennium,,
February,2023,Millennium East Pool,2.7,-0.42
February,2023,Millennium-Ramapo,,
February,2023,Moss Bluff Inter,,
February,2023,Moss Bluff Stor,,
February,2023,MS Hub,,
February,2023,NBPL-Bakken (receipt),,
February,2023,NBPL-Harper,,
February,2023,NBPL-Nicor,4.37,1.25
February,2023,NBPL-Vector,,
February,2023,NBPL-Ventura,6.54,3.42
February,2023,NBPL-Will County,,
February,2023,NGPL-AM Pool,,
February,2023,NGPL-AM Stor,,
February,2023,NGPL-GC Mainline,,
February,2023,NGPL-IA/IL AM Pool,,
February,2023,NGPL-IA/IL AM Stor,,
February,2023,NGPL-IA/IL GC Pool,,
February,2023,NGPL-IA/IL GC Stor,,
February,2023,NGPL-LA Pool,,
February,2023,NGPL-LA Stor,,
February,2023,NGPL-MidAm,,
February,2023,NGPL-Midcont Pool,3.73,0.61
February,2023,NGPL-Midcont Stor,,
February,2023,NGPL-Nicor,4.37,1.25
February,2023,NGPL-Nipsco,4.57,1.45
February,2023,NGPL-STX,2.64,-0.48
February,2023,NGPL-TXOK East,2.72,-0.4
February,2023,NGPL-TXOK East Stor,2.72,-0.4
February,2023,NGPL-TXOK West,2.72,-0.4
February,2023,NNG-Demarc,6.09,2.97
February,2023,NNG-Mid 13-16A,,
February,2023,NNG-Mid 1-7,,
February,2023,NNG-Mid 8-12,,
February,2023,NNG-Ventura,6.65,3.53
February,2023,Nortex-Tolar Hub,,
February,2023,NWP-Rocky Mtn,12.44,9.32
February,2023,NWP-Sumas,9.97,6.85
February,2023,NWP-Wyoming,12.88,9.76
February,2023,Oasis - Waha Pool,,
February,2023,OGT,,
February,2023,ONEOK Westex,3.38,0.26
February,2023,Opal,,
February,2023,Panhandle,3.81,0.69
February,2023,PG&E-Citygate,12.53,9.41
February,2023,PG&E-Daggett,,
February,2023,PG&E-KRS,,
February,2023,PG&E-Topock,,
February,2023,PGLC,4.38,1.26
February,2023,Pine Prairie,3.01,-0.11
February,2023,Pioneer,,
February,2023,PNGTS,,
February,2023,Questar-North,,
February,2023,Questar-South,,
February,2023,REX Cheyenne Comp Pool,,
February,2023,REX E-ANR,,
February,2023,REX E-MidW,,
February,2023,REX E-NGPL,,
February,2023,REX E-PEPL,,
February,2023,REX E-Trunk,,
February,2023,REX W-ANR,,
February,2023,REX W-NGPL,,
February,2023,REX W-NNG,,
February,2023,REX W-PEPL,,
February,2023,REX-Z3 (receipt) ,,
February,2023,REX-Z3 Del Pool,3.65,0.53
February,2023,Rover (receipt),,
February,2023,Rover-ANR,3.22,0.1
February,2023,Rover-PEPL,3.22,0.1
February,2023,Ruby-Onyx Hill,,
February,2023,Ruby-Rec Pool,,
February,2023,Ryckman Creek Stor,,
February,2023,Salt Plains Inter,,
February,2023,Salt Plains Stor,,
February,2023,Socal-Blythe,,
February,2023,Socal-Border,9.95,6.83
February,2023,Socal-Citygate,13.2,10.08
February,2023,Socal-Ehrenberg,,
February,2023,Socal-Firm Stor,,
February,2023,Socal-IT Stor,,
February,2023,Socal-Kramer,,
February,2023,Socal-KRS,,
February,2023,Socal-Needles,,
February,2023,Socal-Storage,,
February,2023,Socal-Topock (EP),,
February,2023,Socal-Topock (TW),,
February,2023,Socal-WR,,
February,2023,Sonat-Z0 South,3.15,0.03
February,2023,Sonat-Z1 North,,
February,2023,Southern Pines Hub,,
February,2023,Southern Star,5.2,2.08
February,2023,Spectra - Hunt,,
February,2023,Stagecoach ,,
February,2023,Stingray,,
February,2023,TCO,2.48,-0.64
February,2023,TCO-A04 Pool,,
February,2023,TCO-A06 Pool,,
February,2023,TCO-A08 Pool,,
February,2023,TCO-Seg Pool,,
February,2023,TETCO-ELA,2.72,-0.4
February,2023,TETCO-ETX,,
February,2023,TETCO-M1 24,,
February,2023,TETCO-M1 30,,
February,2023,TETCO-M2,,
February,2023,TETCO-M2 (receipt),2.55,-0.57
February,2023,TETCO-M3,5.54,2.42
February,2023,TETCO-Manhattan,,
February,2023,TETCO-STX,2.75,-0.37
February,2023,TETCO-WLA,2.96,-0.16
February,2023,TGP-500L,2.98,-0.14
February,2023,TGP-800L,2.95,-0.17
February,2023,TGP-Mahwah,,
February,2023,TGP-Niagara,2.97,-0.15
February,2023,TGP-Z0 Border Pool,2.45,-0.67
February,2023,TGP-Z0 North,2.45,-0.67
February,2023,TGP-Z0 South,2.45,-0.67
February,2023,TGP-Z1 100L,,
February,2023,TGP-Z1 800L Pool,,
February,2023,TGP-Z1 Sta-87,,
February,2023,TGP-Z4 300L,2.49,-0.63
February,2023,TGP-Z4 Marcellus,2.49,-0.63
February,2023,TGP-Z4 Sta-219,,
February,2023,TGP-Z4 Sta-313,2.46,-0.66
February,2023,TGP-Z5 200L,2.72,-0.4
February,2023,TGP-Z6 200L,10.11,6.99
February,2023,TGP-Z6 200L North,,
February,2023,TGP-Z6 200L South,10.11,6.99
February,2023,TGP-Z6 300L,,
February,2023,TGT-Mainline,2.85,-0.27
February,2023,TGT-North LA,,
February,2023,TGT-SL,,
February,2023,Transco Zn3,2.23,-0.89
February,2023,Transco-165,,
February,2023,Transco-30,2.71,-0.41
February,2023,Transco-45,3.09,-0.03
February,2023,Transco-65,,
February,2023,Transco-85,3.33,0.21
February,2023,Transco-River Road,,
February,2023,Transco-Z5,7.48,4.36
February,2023,Transco-Z5 North,,
February,2023,Transco-Z5 South,7.48,4.36
February,2023,Transco-Z6 (non-NY north ML),,
February,2023,Transco-Z6 (non-NY north),5.47,2.35
February,2023,Transco-Z6 (non-NY south),,
February,2023,Transco-Z6 (non-NY),5.47,2.35
February,2023,Transco-Z6 (NY),6.02,2.9
February,2023,Transco-Z6 Sta-210,,
February,2023,Tres Palacios (inj),,
February,2023,Tres Palacios (w/d),,
February,2023,Trunkline-ELA,3.21,0.09
February,2023,Trunkline-WLA,3.21,0.09
February,2023,Trunkline-Z1A,2.92,-0.2
February,2023,TW-Blanco,15.15,12.03
February,2023,TW-Central,,
February,2023,TW-Panhandle,2.0,-1.12
February,2023,TW-WTX,,
February,2023,Union-Dawn,3.27,0.15
February,2023,Waha,2.26,-0.86
February,2023,White River Hub,,
February,2023,WIC,,
February,2023,0,,
February,2023,0,,
February,2023,0,,
February,2023,0,,
March,2023,AB Pool (inter),,
March,2023,AB Pool (intra),,
March,2023,AGT-CG,,
March,2023,AGT-CG (non-G),5.22,2.76
March,2023,Agua Dulce Hub,,
March,2023,ANR-Joliet Hub,,
March,2023,ANR-SE,,
March,2023,ANR-SE-T,2.47,0.01
March,2023,ANR-SW,2.45,-0.01
March,2023,APC-ACE,,
March,2023,APC-ANR,,
March,2023,APC-MGTC,,
March,2023,APC-NGPL,,
March,2023,APC-Nicor,,
March,2023,APC-VPC,,
March,2023,Arena WTX Pool,,
March,2023,Atmos Zone 3,,
March,2023,Banquete Hub,,
March,2023,Bay Gas Storage,,
March,2023,Bennington,,
March,2023,Beverly Salem,,
March,2023,Bluewater Hub,,
March,2023,Bobcat Inter,,
March,2023,Bobcat Stor,,
March,2023,Carthage,,
March,2023,CG-Mainline,2.24,-0.22
March,2023,CG-Onshore,2.35,-0.11
March,2023,Cheyenne,2.22,-0.24
March,2023,Chicago,2.49,0.03
March,2023,CIG-Mainline,2.27,-0.19
March,2023,CIG-Mainline Pool,,
March,2023,CIG-Mainline South,,
March,2023,Clarington,,
March,2023,Clarington-Tenn,,
March,2023,Consumers,2.49,0.03
March,2023,Cove Point,,
March,2023,Dracut,,
March,2023,Eastern Gas-North,,
March,2023,Eastern Gas-South,2.03,-0.43
March,2023,Egan Inter,,
March,2023,Egan Stor,,
March,2023,EGT-Flex,,
March,2023,EGT-North,,
March,2023,EGT-Perryville Hub,1.99,-0.47
March,2023,EGT-South,,
March,2023,EGT-West,,
March,2023,Enable East Pool,,
March,2023,Enable West Pool ,,
March,2023,ENT-STX Map,,
March,2023,EP-Anadarko,,
March,2023,EP-Keystone,,
March,2023,EP-Plains Pool,,
March,2023,EP-S.Mainline,,
March,2023,EP-SJ Blanco Pool,3.06,0.6
March,2023,EP-SJ Bondad Stn,,
March,2023,EP-Waha Pool,1.41,-1.05
March,2023,ETC-Cleburne,,
March,2023,ETC-Maypearl,,
March,2023,ETC-Tiger Gas (receipt),,
March,2023,FGT-CG,,
March,2023,FGT-Z1,2.42,-0.04
March,2023,FGT-Z2,2.45,-0.01
March,2023,FGT-Z3,2.53,0.07
March,2023,GCX Waha Hub,,
March,2023,Gillis Hub,,
March,2023,GLGT-St.Clair,,
March,2023,Golden Triangle,,
March,2023,GTN-Kingsgate,,
March,2023,GTN-Malin,,
March,2023,GTN-Stanfield,,
March,2023,Guardian Hub,,
March,2023,Gulf S. Pool 16,,
March,2023,Gulf South - Perryville,,
March,2023,Henry,2.46,0.0
March,2023,HPL-ETX Pool,,
March,2023,HSC-HPL Pool,2.12,-0.34
March,2023,HSC-Kinder Morgan,,
March,2023,Iroquois (into),3.02,0.56
March,2023,Iroquois-Z1,,
March,2023,Iroquois-Z2,4.24,1.78
March,2023,Iroquois-Z2 Hunts Pt,,
March,2023,Jefferson Island,,
March,2023,Katy-Enstor Pool,2.16,-0.3
March,2023,Katy-Lonestar Inter,,
March,2023,Katy-Lonestar Intra,,
March,2023,Katy-Oasis,,
March,2023,KRGT-Del Pool,6.33,3.87
March,2023,KRGT-Rec Pool,,
March,2023,Lebanon,2.26,-0.2
March,2023,Leidy,,
March,2023,Leidy-Transco,2.05,-0.41
March,2023,M&N US,,
March,2023,MEP-Lamar,,
March,2023,Michcon,2.49,0.03
March,2023,Midship (receipt),,
March,2023,Millennium,,
March,2023,Millennium East Pool,2.12,-0.34
March,2023,Millennium-Ramapo,,
March,2023,Moss Bluff Inter,,
March,2023,Moss Bluff Stor,,
March,2023,MS Hub,,
March,2023,NBPL-Bakken (receipt),,
March,2023,NBPL-Harper,,
March,2023,NBPL-Nicor,2.57,0.11
March,2023,NBPL-Vector,,
March,2023,NBPL-Ventura,2.6,0.14
March,2023,NBPL-Will County,,
March,2023,NGPL-AM Pool,,
March,2023,NGPL-AM Stor,,
March,2023,NGPL-GC Mainline,,
March,2023,NGPL-IA/IL AM Pool,,
March,2023,NGPL-IA/IL AM Stor,,
March,2023,NGPL-IA/IL GC Pool,,
March,2023,NGPL-IA/IL GC Stor,,
March,2023,NGPL-LA Pool,,
March,2023,NGPL-LA Stor,,
March,2023,NGPL-MidAm,,
March,2023,NGPL-Midcont Pool,2.29,-0.17
March,2023,NGPL-Midcont Stor,,
March,2023,NGPL-Nicor,2.57,0.11
March,2023,NGPL-Nipsco,2.47,0.01
March,2023,NGPL-STX,2.22,-0.24
March,2023,NGPL-TXOK East,2.2,-0.26
March,2023,NGPL-TXOK East Stor,2.2,-0.26
March,2023,NGPL-TXOK West,2.2,-0.26
March,2023,NNG-Demarc,2.58,0.12
March,2023,NNG-Mid 13-16A,,
March,2023,NNG-Mid 1-7,,
March,2023,NNG-Mid 8-12,,
March,2023,NNG-Ventura,2.59,0.13
March,2023,Nortex-Tolar Hub,,
March,2023,NWP-Rocky Mtn,5.07,2.61
March,2023,NWP-Sumas,5.41,2.95
March,2023,NWP-Wyoming,5.04,2.58
March,2023,Oasis - Waha Pool,,
March,2023,OGT,,
March,2023,ONEOK Westex,2.04,-0.42
March,2023,Opal,,
March,2023,Panhandle,2.13,-0.33
March,2023,PG&E-Citygate,7.73,5.27
March,2023,PG&E-Daggett,,
March,2023,PG&E-KRS,,
March,2023,PG&E-Topock,,
March,2023,PGLC,2.49,0.03
March,2023,Pine Prairie,2.41,-0.05
March,2023,Pioneer,,
March,2023,PNGTS,,
March,2023,Questar-North,,
March,2023,Questar-South,,
March,2023,REX Cheyenne Comp Pool,,
March,2023,REX E-ANR,,
March,2023,REX E-MidW,,
March,2023,REX E-NGPL,,
March,2023,REX E-PEPL,,
March,2023,REX E-Trunk,,
March,2023,REX W-ANR,,
March,2023,REX W-NGPL,,
March,2023,REX W-NNG,,
March,2023,REX W-PEPL,,
March,2023,REX-Z3 (receipt) ,,
March,2023,REX-Z3 Del Pool,2.36,-0.1
March,2023,Rover (receipt),,
March,2023,Rover-ANR,2.32,-0.14
March,2023,Rover-PEPL,2.32,-0.14
March,2023,Ruby-Onyx Hill,,
March,2023,Ruby-Rec Pool,,
March,2023,Ryckman Creek Stor,,
March,2023,Salt Plains Inter,,
March,2023,Salt Plains Stor,,
March,2023,Socal-Blythe,,
March,2023,Socal-Border,5.21,2.75
March,2023,Socal-Citygate,6.93,4.47
March,2023,Socal-Ehrenberg,,
March,2023,Socal-Firm Stor,,
March,2023,Socal-IT Stor,,
March,2023,Socal-Kramer,,
March,2023,Socal-KRS,,
March,2023,Socal-Needles,,
March,2023,Socal-Storage,,
March,2023,Socal-Topock (EP),,
March,2023,Socal-Topock (TW),,
March,2023,Socal-WR,,
March,2023,Sonat-Z0 South,2.43,-0.03
March,2023,Sonat-Z1 North,,
March,2023,Southern Pines Hub,,
March,2023,Southern Star,2.43,-0.03
March,2023,Spectra - Hunt,,
March,2023,Stagecoach ,,
March,2023,Stingray,,
March,2023,TCO,2.08,-0.38
March,2023,TCO-A04 Pool,,
March,2023,TCO-A06 Pool,,
March,2023,TCO-A08 Pool,,
March,2023,TCO-Seg Pool,,
March,2023,TETCO-ELA,2.22,-0.24
March,2023,TETCO-ETX,,
March,2023,TETCO-M1 24,,
March,2023,TETCO-M1 30,,
March,2023,TETCO-M2,,
March,2023,TETCO-M2 (receipt),2.0,-0.46
March,2023,TETCO-M3,2.39,-0.07
March,2023,TETCO-Manhattan,,
March,2023,TETCO-STX,2.27,-0.19
March,2023,TETCO-WLA,2.36,-0.1
March,2023,TGP-500L,2.27,-0.19
March,2023,TGP-800L,2.3,-0.16
March,2023,TGP-Mahwah,,
March,2023,TGP-Niagara,2.18,-0.28
March,2023,TGP-Z0 Border Pool,2.07,-0.39
March,2023,TGP-Z0 North,2.07,-0.39
March,2023,TGP-Z0 South,2.07,-0.39
March,2023,TGP-Z1 100L,,
March,2023,TGP-Z1 800L Pool,,
March,2023,TGP-Z1 Sta-87,,
March,2023,TGP-Z4 300L,2.02,-0.44
March,2023,TGP-Z4 Marcellus,2.02,-0.44
March,2023,TGP-Z4 Sta-219,,
March,2023,TGP-Z4 Sta-313,2.13,-0.33
March,2023,TGP-Z5 200L,2.14,-0.32
March,2023,TGP-Z6 200L,,
March,2023,TGP-Z6 200L North,,
March,2023,TGP-Z6 200L South,,
March,2023,TGP-Z6 300L,,
March,2023,TGT-Mainline,2.26,-0.2
March,2023,TGT-North LA,,
March,2023,TGT-SL,2.45,-0.01
March,2023,Transco Zn3,2.46,0.0
March,2023,Transco-165,,
March,2023,Transco-30,2.25,-0.21
March,2023,Transco-45,2.42,-0.04
March,2023,Transco-65,,
March,2023,Transco-85,2.48,0.02
March,2023,Transco-River Road,,
March,2023,Transco-Z5,2.77,0.31
March,2023,Transco-Z5 North,,
March,2023,Transco-Z5 South,2.77,0.31
March,2023,Transco-Z6 (non-NY north ML),,
March,2023,Transco-Z6 (non-NY north),2.36,-0.1
March,2023,Transco-Z6 (non-NY south),,
March,2023,Transco-Z6 (non-NY),2.36,-0.1
March,2023,Transco-Z6 (NY),2.47,0.01
March,2023,Transco-Z6 Sta-210,,
March,2023,Tres Palacios (inj),,
March,2023,Tres Palacios (w/d),,
March,2023,Trunkline-ELA,2.65,0.19
March,2023,Trunkline-WLA,2.65,0.19
March,2023,Trunkline-Z1A,2.28,-0.18
March,2023,TW-Blanco,3.13,0.67
March,2023,TW-Central,,
March,2023,TW-Panhandle,1.5,-0.96
March,2023,TW-WTX,,
March,2023,Union-Dawn,2.59,0.13
March,2023,Waha,1.32,-1.14
March,2023,White River Hub,,
March,2023,WIC,,
March,2023,0,,
March,2023,0,,
March,2023,0,,
March,2023,0,,
April,2023,AB Pool (inter),,
April,2023,AB Pool (intra),,
April,2023,AGT-CG,,
April,2023,AGT-CG (non-G),2.03,0.04
April,2023,Agua Dulce Hub,,
April,2023,ANR-Joliet Hub,,
April,2023,ANR-SE,,
April,2023,ANR-SE-T,1.99,0.0
April,2023,ANR-SW,1.93,-0.06
April,2023,APC-ACE,,
April,2023,APC-ANR,,
April,2023,APC-MGTC,,
April,2023,APC-NGPL,,
April,2023,APC-Nicor,,
April,2023,APC-VPC,,
April,2023,Arena WTX Pool,,
April,2023,Atmos Zone 3,,
April,2023,Banquete Hub,,
April,2023,Bay Gas Storage,,
April,2023,Bennington,,
April,2023,Beverly Salem,,
April,2023,Bluewater Hub,,
April,2023,Bobcat Inter,,
April,2023,Bobcat Stor,,
April,2023,Carthage,,
April,2023,CG-Mainline,1.82,-0.17
April,2023,CG-Onshore,1.89,-0.1
April,2023,Cheyenne,2.03,0.04
April,2023,Chicago,2.01,0.02
April,2023,CIG-Mainline,2.02,0.03
April,2023,CIG-Mainline Pool,,
April,2023,CIG-Mainline South,,
April,2023,Clarington,,
April,2023,Clarington-Tenn,,
April,2023,Consumers,2.13,0.14
April,2023,Cove Point,,
April,2023,Dracut,,
April,2023,Eastern Gas-North,,
April,2023,Eastern Gas-South,1.63,-0.36
April,2023,Egan Inter,,
April,2023,Egan Stor,,
April,2023,EGT-Flex,,
April,2023,EGT-North,,
April,2023,EGT-Perryville Hub,1.64,-0.35
April,2023,EGT-South,,
April,2023,EGT-West,,
April,2023,Enable East Pool,,
April,2023,Enable West Pool ,,
April,2023,ENT-STX Map,,
April,2023,EP-Anadarko,,
April,2023,EP-Keystone,,
April,2023,EP-Plains Pool,,
April,2023,EP-S.Mainline,,
April,2023,EP-SJ Blanco Pool,2.38,0.39
April,2023,EP-SJ Bondad Stn,,
April,2023,EP-Waha Pool,0.09,-1.9
April,2023,ETC-Cleburne,,
April,2023,ETC-Maypearl,,
April,2023,ETC-Tiger Gas (receipt),,
April,2023,FGT-CG,,
April,2023,FGT-Z1,,
April,2023,FGT-Z2,2.04,0.05
April,2023,FGT-Z3,2.19,0.2
April,2023,GCX Waha Hub,,
April,2023,Gillis Hub,,
April,2023,GLGT-St.Clair,,
April,2023,Golden Triangle,,
April,2023,GTN-Kingsgate,,
April,2023,GTN-Malin,,
April,2023,GTN-Stanfield,,
April,2023,Guardian Hub,,
April,2023,Gulf S. Pool 16,,
April,2023,Gulf South - Perryville,,
April,2023,Henry,1.99,0.0
April,2023,HPL-ETX Pool,,
April,2023,HSC-HPL Pool,1.64,-0.35
April,2023,HSC-Kinder Morgan,,
April,2023,Iroquois (into),2.24,0.25
April,2023,Iroquois-Z1,,
April,2023,Iroquois-Z2,2.19,0.2
April,2023,Iroquois-Z2 Hunts Pt,,
April,2023,Jefferson Island,,
April,2023,Katy-Enstor Pool,1.69,-0.3
April,2023,Katy-Lonestar Inter,,
April,2023,Katy-Lonestar Intra,,
April,2023,Katy-Oasis,,
April,2023,KRGT-Del Pool,4.77,2.78
April,2023,KRGT-Rec Pool,,
April,2023,Lebanon,1.81,-0.18
April,2023,Leidy,,
April,2023,Leidy-Transco,1.59,-0.4
April,2023,M&N US,,
April,2023,MEP-Lamar,,
April,2023,Michcon,2.08,0.09
April,2023,Midship (receipt),,
April,2023,Millennium,,
April,2023,Millennium East Pool,1.59,-0.4
April,2023,Millennium-Ramapo,,
April,2023,Moss Bluff Inter,,
April,2023,Moss Bluff Stor,,
April,2023,MS Hub,,
April,2023,NBPL-Bakken (receipt),,
April,2023,NBPL-Harper,,
April,2023,NBPL-Nicor,2.12,0.13
April,2023,NBPL-Vector,,
April,2023,NBPL-Ventura,,
April,2023,NBPL-Will County,,
April,2023,NGPL-AM Pool,,
April,2023,NGPL-AM Stor,,
April,2023,NGPL-GC Mainline,,
April,2023,NGPL-IA/IL AM Pool,,
April,2023,NGPL-IA/IL AM Stor,,
April,2023,NGPL-IA/IL GC Pool,,
April,2023,NGPL-IA/IL GC Stor,,
April,2023,NGPL-LA Pool,,
April,2023,NGPL-LA Stor,,
April,2023,NGPL-MidAm,,
April,2023,NGPL-Midcont Pool,1.78,-0.21
April,2023,NGPL-Midcont Stor,,
April,2023,NGPL-Nicor,2.12,0.13
April,2023,NGPL-Nipsco,2.01,0.02
April,2023,NGPL-STX,1.66,-0.33
April,2023,NGPL-TXOK East,1.74,-0.25
April,2023,NGPL-TXOK East Stor,1.74,-0.25
April,2023,NGPL-TXOK West,1.74,-0.25
April,2023,NNG-Demarc,2.07,0.08
April,2023,NNG-Mid 13-16A,,
April,2023,NNG-Mid 1-7,,
April,2023,NNG-Mid 8-12,,
April,2023,NNG-Ventura,1.97,-0.02
April,2023,Nortex-Tolar Hub,,
April,2023,NWP-Rocky Mtn,3.87,1.88
April,2023,NWP-Sumas,3.56,1.57
April,2023,NWP-Wyoming,3.89,1.9
April,2023,Oasis - Waha Pool,,
April,2023,OGT,,
April,2023,ONEOK Westex,1.63,-0.36
April,2023,Opal,,
April,2023,Panhandle,1.74,-0.25
April,2023,PG&E-Citygate,6.68,4.69
April,2023,PG&E-Daggett,,
April,2023,PG&E-KRS,,
April,2023,PG&E-Topock,,
April,2023,PGLC,1.98,-0.01
April,2023,Pine Prairie,1.95,-0.04
April,2023,Pioneer,,
April,2023,PNGTS,,
April,2023,Questar-North,,
April,2023,Questar-South,,
April,2023,REX Cheyenne Comp Pool,,
April,2023,REX E-ANR,,
April,2023,REX E-MidW,,
April,2023,REX E-NGPL,,
April,2023,REX E-PEPL,,
April,2023,REX E-Trunk,,
April,2023,REX W-ANR,,
April,2023,REX W-NGPL,,
April,2023,REX W-NNG,,
April,2023,REX W-PEPL,,
April,2023,REX-Z3 (receipt) ,,
April,2023,REX-Z3 Del Pool,1.86,-0.13
April,2023,Rover (receipt),,
April,2023,Rover-ANR,1.87,-0.12
April,2023,Rover-PEPL,1.87,-0.12
April,2023,Ruby-Onyx Hill,,
April,2023,Ruby-Rec Pool,,
April,2023,Ryckman Creek Stor,,
April,2023,Salt Plains Inter,,
April,2023,Salt Plains Stor,,
April,2023,Socal-Blythe,,
April,2023,Socal-Border,3.27,1.28
April,2023,Socal-Citygate,7.9,5.91
April,2023,Socal-Ehrenberg,,
April,2023,Socal-Firm Stor,,
April,2023,Socal-IT Stor,,
April,2023,Socal-Kramer,,
April,2023,Socal-KRS,,
April,2023,Socal-Needles,,
April,2023,Socal-Storage,,
April,2023,Socal-Topock (EP),,
April,2023,Socal-Topock (TW),,
April,2023,Socal-WR,,
April,2023,Sonat-Z0 South,1.99,0.0
April,2023,Sonat-Z1 North,,
April,2023,Southern Pines Hub,,
April,2023,Southern Star,1.89,-0.1
April,2023,Spectra - Hunt,,
April,2023,Stagecoach ,,
April,2023,Stingray,,
April,2023,TCO,1.72,-0.27
April,2023,TCO-A04 Pool,,
April,2023,TCO-A06 Pool,,
April,2023,TCO-A08 Pool,,
April,2023,TCO-Seg Pool,,
April,2023,TETCO-ELA,1.76,-0.23
April,2023,TETCO-ETX,,
April,2023,TETCO-M1 24,,
April,2023,TETCO-M1 30,,
April,2023,TETCO-M2,,
April,2023,TETCO-M2 (receipt),1.57,-0.42
April,2023,TETCO-M3,1.7,-0.29
April,2023,TETCO-Manhattan,,
April,2023,TETCO-STX,1.82,-0.17
April,2023,TETCO-WLA,1.92,-0.07
April,2023,TGP-500L,1.92,-0.07
April,2023,TGP-800L,1.86,-0.13
April,2023,TGP-Mahwah,,
April,2023,TGP-Niagara,1.74,-0.25
April,2023,TGP-Z0 Border Pool,1.59,-0.4
April,2023,TGP-Z0 North,1.59,-0.4
April,2023,TGP-Z0 South,1.59,-0.4
April,2023,TGP-Z1 100L,,
April,2023,TGP-Z1 800L Pool,,
April,2023,TGP-Z1 Sta-87,,
April,2023,TGP-Z4 300L,1.54,-0.45
April,2023,TGP-Z4 Marcellus,1.54,-0.45
April,2023,TGP-Z4 Sta-219,,
April,2023,TGP-Z4 Sta-313,1.71,-0.28
April,2023,TGP-Z5 200L,1.76,-0.23
April,2023,TGP-Z6 200L,2.09,0.1
April,2023,TGP-Z6 200L North,,
April,2023,TGP-Z6 200L South,2.09,0.1
April,2023,TGP-Z6 300L,,
April,2023,TGT-Mainline,1.82,-0.17
April,2023,TGT-North LA,,
April,2023,TGT-SL,1.99,0.0
April,2023,Transco Zn3,2.0,0.01
April,2023,Transco-165,,
April,2023,Transco-30,,
April,2023,Transco-45,1.97,-0.02
April,2023,Transco-65,,
April,2023,Transco-85,2.03,0.04
April,2023,Transco-River Road,,
April,2023,Transco-Z5,2.13,0.14
April,2023,Transco-Z5 North,,
April,2023,Transco-Z5 South,2.13,0.14
April,2023,Transco-Z6 (non-NY north ML),,
April,2023,Transco-Z6 (non-NY north),1.67,-0.32
April,2023,Transco-Z6 (non-NY south),,
April,2023,Transco-Z6 (non-NY),1.67,-0.32
April,2023,Transco-Z6 (NY),1.79,-0.2
April,2023,Transco-Z6 Sta-210,,
April,2023,Tres Palacios (inj),,
April,2023,Tres Palacios (w/d),,
April,2023,Trunkline-ELA,,
April,2023,Trunkline-WLA,,
April,2023,Trunkline-Z1A,1.83,-0.16
April,2023,TW-Blanco,2.45,0.46
April,2023,TW-Central,,
April,2023,TW-Panhandle,0.09,-1.9
April,2023,TW-WTX,,
April,2023,Union-Dawn,2.1,0.11
April,2023,Waha,0.09,-1.9
April,2023,White River Hub,,
April,2023,WIC,,
April,2023,0,,
April,2023,0,,
April,2023,0,,
April,2023,0,,
May,2023,AB Pool (inter),,
May,2023,AB Pool (intra),,
May,2023,AGT-CG,,
May,2023,AGT-CG (non-G),1.92,-0.19
May,2023,Agua Dulce Hub,,
May,2023,ANR-Joliet Hub,,
May,2023,ANR-SE,,
May,2023,ANR-SE-T,2.13,0.02
May,2023,ANR-SW,1.92,-0.19
May,2023,APC-ACE,,
May,2023,APC-ANR,,
May,2023,APC-MGTC,,
May,2023,APC-NGPL,,
May,2023,APC-Nicor,,
May,2023,APC-VPC,,
May,2023,Arena WTX Pool,,
May,2023,Atmos Zone 3,,
May,2023,Banquete Hub,,
May,2023,Bay Gas Storage,,
May,2023,Bennington,,
May,2023,Beverly Salem,,
May,2023,Bluewater Hub,,
May,2023,Bobcat Inter,,
May,2023,Bobcat Stor,,
May,2023,Carthage,,
May,2023,CG-Mainline,1.86,-0.25
May,2023,CG-Onshore,1.99,-0.12
May,2023,Cheyenne,1.91,-0.2
May,2023,Chicago,1.97,-0.14
May,2023,CIG-Mainline,1.94,-0.17
May,2023,CIG-Mainline Pool,,
May,2023,CIG-Mainline South,,
May,2023,Clarington,,
May,2023,Clarington-Tenn,,
May,2023,Consumers,2.06,-0.05
May,2023,Cove Point,,
May,2023,Dracut,,
May,2023,Eastern Gas-North,,
May,2023,Eastern Gas-South,1.53,-0.58
May,2023,Egan Inter,,
May,2023,Egan Stor,,
May,2023,EGT-Flex,,
May,2023,EGT-North,,
May,2023,EGT-Perryville Hub,1.82,-0.29
May,2023,EGT-South,,
May,2023,EGT-West,,
May,2023,Enable East Pool,,
May,2023,Enable West Pool ,,
May,2023,ENT-STX Map,,
May,2023,EP-Anadarko,,
May,2023,EP-Keystone,,
May,2023,EP-Plains Pool,,
May,2023,EP-S.Mainline,,
May,2023,EP-SJ Blanco Pool,2.13,0.02
May,2023,EP-SJ Bondad Stn,,
May,2023,EP-Waha Pool,1.06,-1.05
May,2023,ETC-Cleburne,,
May,2023,ETC-Maypearl,,
May,2023,ETC-Tiger Gas (receipt),,
May,2023,FGT-CG,,
May,2023,FGT-Z1,2.11,0.0
May,2023,FGT-Z2,2.19,0.08
May,2023,FGT-Z3,2.41,0.3
May,2023,GCX Waha Hub,,
May,2023,Gillis Hub,,
May,2023,GLGT-St.Clair,,
May,2023,Golden Triangle,,
May,2023,GTN-Kingsgate,,
May,2023,GTN-Malin,,
May,2023,GTN-Stanfield,,
May,2023,Guardian Hub,,
May,2023,Gulf S. Pool 16,,
May,2023,Gulf South - Perryville,,
May,2023,Henry,2.11,0.0
May,2023,HPL-ETX Pool,,
May,2023,HSC-HPL Pool,1.83,-0.28
May,2023,HSC-Kinder Morgan,,
May,2023,Iroquois (into),2.01,-0.1
May,2023,Iroquois-Z1,,
May,2023,Iroquois-Z2,2.0,-0.11
May,2023,Iroquois-Z2 Hunts Pt,,
May,2023,Jefferson Island,,
May,2023,Katy-Enstor Pool,1.86,-0.25
May,2023,Katy-Lonestar Inter,,
May,2023,Katy-Lonestar Intra,,
May,2023,Katy-Oasis,,
May,2023,KRGT-Del Pool,2.87,0.76
May,2023,KRGT-Rec Pool,,
May,2023,Lebanon,1.85,-0.26
May,2023,Leidy,,
May,2023,Leidy-Transco,1.56,-0.55
May,2023,M&N US,,
May,2023,MEP-Lamar,,
May,2023,Michcon,2.0,-0.11
May,2023,Midship (receipt),,
May,2023,Millennium,,
May,2023,Millennium East Pool,1.48,-0.63
May,2023,Millennium-Ramapo,,
May,2023,Moss Bluff Inter,,
May,2023,Moss Bluff Stor,,
May,2023,MS Hub,,
May,2023,NBPL-Bakken (receipt),,
May,2023,NBPL-Harper,,
May,2023,NBPL-Nicor,1.99,-0.12
May,2023,NBPL-Vector,,
May,2023,NBPL-Ventura,1.9,-0.21
May,2023,NBPL-Will County,,
May,2023,NGPL-AM Pool,,
May,2023,NGPL-AM Stor,,
May,2023,NGPL-GC Mainline,,
May,2023,NGPL-IA/IL AM Pool,,
May,2023,NGPL-IA/IL AM Stor,,
May,2023,NGPL-IA/IL GC Pool,,
May,2023,NGPL-IA/IL GC Stor,,
May,2023,NGPL-LA Pool,,
May,2023,NGPL-LA Stor,,
May,2023,NGPL-MidAm,,
May,2023,NGPL-Midcont Pool,1.82,-0.29
May,2023,NGPL-Midcont Stor,,
May,2023,NGPL-Nicor,1.99,-0.12
May,2023,NGPL-Nipsco,1.95,-0.16
May,2023,NGPL-STX,1.86,-0.25
May,2023,NGPL-TXOK East,1.87,-0.24
May,2023,NGPL-TXOK East Stor,1.87,-0.24
May,2023,NGPL-TXOK West,1.87,-0.24
May,2023,NNG-Demarc,1.9,-0.21
May,2023,NNG-Mid 13-16A,,
May,2023,NNG-Mid 1-7,,
May,2023,NNG-Mid 8-12,,
May,2023,NNG-Ventura,1.9,-0.21
May,2023,Nortex-Tolar Hub,,
May,2023,NWP-Rocky Mtn,2.36,0.25
May,2023,NWP-Sumas,2.54,0.43
May,2023,NWP-Wyoming,2.48,0.37
May,2023,Oasis - Waha Pool,,
May,2023,OGT,,
May,2023,ONEOK Westex,1.83,-0.28
May,2023,Opal,,
May,2023,Panhandle,1.81,-0.3
May,2023,PG&E-Citygate,5.31,3.2
May,2023,PG&E-Daggett,,
May,2023,PG&E-KRS,,
May,2023,PG&E-Topock,,
May,2023,PGLC,1.95,-0.16
May,2023,Pine Prairie,2.08,-0.03
May,2023,Pioneer,,
May,2023,PNGTS,,
May,2023,Questar-North,,
May,2023,Questar-South,,
May,2023,REX Cheyenne Comp Pool,,
May,2023,REX E-ANR,,
May,2023,REX E-MidW,,
May,2023,REX E-NGPL,,
May,2023,REX E-PEPL,,
May,2023,REX E-Trunk,,
May,2023,REX W-ANR,,
May,2023,REX W-NGPL,,
May,2023,REX W-NNG,,
May,2023,REX W-PEPL,,
May,2023,REX-Z3 (receipt) ,,
May,2023,REX-Z3 Del Pool,1.87,-0.24
May,2023,Rover (receipt),,
May,2023,Rover-ANR,1.9,-0.21
May,2023,Rover-PEPL,1.9,-0.21
May,2023,Ruby-Onyx Hill,,
May,2023,Ruby-Rec Pool,,
May,2023,Ryckman Creek Stor,,
May,2023,Salt Plains Inter,,
May,2023,Salt Plains Stor,,
May,2023,Socal-Blythe,,
May,2023,Socal-Border,2.82,0.71
May,2023,Socal-Citygate,5.05,2.94
May,2023,Socal-Ehrenberg,,
May,2023,Socal-Firm Stor,,
May,2023,Socal-IT Stor,,
May,2023,Socal-Kramer,,
May,2023,Socal-KRS,,
May,2023,Socal-Needles,,
May,2023,Socal-Storage,,
May,2023,Socal-Topock (EP),,
May,2023,Socal-Topock (TW),,
May,2023,Socal-WR,,
May,2023,Sonat-Z0 South,2.12,0.01
May,2023,Sonat-Z1 North,,
May,2023,Southern Pines Hub,,
May,2023,Southern Star,1.87,-0.24
May,2023,Spectra - Hunt,,
May,2023,Stagecoach ,,
May,2023,Stingray,,
May,2023,TCO,1.77,-0.34
May,2023,TCO-A04 Pool,,
May,2023,TCO-A06 Pool,,
May,2023,TCO-A08 Pool,,
May,2023,TCO-Seg Pool,,
May,2023,TETCO-ELA,1.88,-0.23
May,2023,TETCO-ETX,,
May,2023,TETCO-M1 24,,
May,2023,TETCO-M1 30,,
May,2023,TETCO-M2,,
May,2023,TETCO-M2 (receipt),1.47,-0.64
May,2023,TETCO-M3,1.59,-0.52
May,2023,TETCO-Manhattan,,
May,2023,TETCO-STX,1.99,-0.12
May,2023,TETCO-WLA,2.04,-0.07
May,2023,TGP-500L,2.01,-0.1
May,2023,TGP-800L,1.94,-0.17
May,2023,TGP-Mahwah,,
May,2023,TGP-Niagara,1.77,-0.34
May,2023,TGP-Z0 Border Pool,1.78,-0.33
May,2023,TGP-Z0 North,1.78,-0.33
May,2023,TGP-Z0 South,1.78,-0.33
May,2023,TGP-Z1 100L,,
May,2023,TGP-Z1 800L Pool,,
May,2023,TGP-Z1 Sta-87,,
May,2023,TGP-Z4 300L,1.45,-0.66
May,2023,TGP-Z4 Marcellus,1.45,-0.66
May,2023,TGP-Z4 Sta-219,,
May,2023,TGP-Z4 Sta-313,1.66,-0.45
May,2023,TGP-Z5 200L,1.73,-0.38
May,2023,TGP-Z6 200L,1.88,-0.23
May,2023,TGP-Z6 200L North,,
May,2023,TGP-Z6 200L South,1.88,-0.23
May,2023,TGP-Z6 300L,,
May,2023,TGT-Mainline,1.87,-0.24
May,2023,TGT-North LA,,
May,2023,TGT-SL,2.12,0.01
May,2023,Transco Zn3,2.11,0.0
May,2023,Transco-165,,
May,2023,Transco-30,1.89,-0.22
May,2023,Transco-45,2.09,-0.02
May,2023,Transco-65,,
May,2023,Transco-85,2.18,0.07
May,2023,Transco-River Road,,
May,2023,Transco-Z5,2.3,0.19
May,2023,Transco-Z5 North,,
May,2023,Transco-Z5 South,2.3,0.19
May,2023,Transco-Z6 (non-NY north ML),,
May,2023,Transco-Z6 (non-NY north),1.6,-0.51
May,2023,Transco-Z6 (non-NY south),,
May,2023,Transco-Z6 (non-NY),1.6,-0.51
May,2023,Transco-Z6 (NY),1.66,-0.45
May,2023,Transco-Z6 Sta-210,,
May,2023,Tres Palacios (inj),,
May,2023,Tres Palacios (w/d),,
May,2023,Trunkline-ELA,,
May,2023,Trunkline-WLA,,
May,2023,Trunkline-Z1A,1.88,-0.23
May,2023,TW-Blanco,2.25,0.14
May,2023,TW-Central,,
May,2023,TW-Panhandle,1.0,-1.11
May,2023,TW-WTX,,
May,2023,Union-Dawn,2.02,-0.09
May,2023,Waha,1.09,-1.02
May,2023,White River Hub,,
May,2023,WIC,,
May,2023,0,,
May,2023,0,,
May,2023,0,,
May,2023,0,,
June,2023,AB Pool (inter),,
June,2023,AB Pool (intra),,
June,2023,AGT-CG,,
June,2023,AGT-CG (non-G),2.39,0.22
June,2023,Agua Dulce Hub,,
June,2023,ANR-Joliet Hub,,
June,2023,ANR-SE,,
June,2023,ANR-SE-T,2.18,0.01
June,2023,ANR-SW,1.93,-0.24
June,2023,APC-ACE,,
June,2023,APC-ANR,,
June,2023,APC-MGTC,,
June,2023,APC-NGPL,,
June,2023,APC-Nicor,,
June,2023,APC-VPC,,
June,2023,Arena WTX Pool,,
June,2023,Atmos Zone 3,,
June,2023,Banquete Hub,,
June,2023,Bay Gas Storage,,
June,2023,Bennington,,
June,2023,Beverly Salem,,
June,2023,Bluewater Hub,,
June,2023,Bobcat Inter,,
June,2023,Bobcat Stor,,
June,2023,Carthage,,
June,2023,CG-Mainline,1.89,-0.28
June,2023,CG-Onshore,2.05,-0.12
June,2023,Cheyenne,1.99,-0.18
June,2023,Chicago,1.98,-0.19
June,2023,CIG-Mainline,1.98,-0.19
June,2023,CIG-Mainline Pool,,
June,2023,CIG-Mainline South,,
June,2023,Clarington,,
June,2023,Clarington-Tenn,,
June,2023,Consumers,2.06,-0.11
June,2023,Cove Point,,
June,2023,Dracut,,
June,2023,Eastern Gas-North,,
June,2023,Eastern Gas-South,1.21,-0.96
June,2023,Egan Inter,,
June,2023,Egan Stor,,
June,2023,EGT-Flex,,
June,2023,EGT-North,,
June,2023,EGT-Perryville Hub,1.93,-0.24
June,2023,EGT-South,,
June,2023,EGT-West,,
June,2023,Enable East Pool,,
June,2023,Enable West Pool ,,
June,2023,ENT-STX Map,,
June,2023,EP-Anadarko,,
June,2023,EP-Keystone,,
June,2023,EP-Plains Pool,,
June,2023,EP-S.Mainline,,
June,2023,EP-SJ Blanco Pool,2.23,0.06
June,2023,EP-SJ Bondad Stn,,
June,2023,EP-Waha Pool,1.58,-0.59
June,2023,ETC-Cleburne,,
June,2023,ETC-Maypearl,,
June,2023,ETC-Tiger Gas (receipt),,
June,2023,FGT-CG,,
June,2023,FGT-Z1,2.11,-0.06
June,2023,FGT-Z2,2.31,0.14
June,2023,FGT-Z3,2.58,0.41
June,2023,GCX Waha Hub,,
June,2023,Gillis Hub,,
June,2023,GLGT-St.Clair,,
June,2023,Golden Triangle,,
June,2023,GTN-Kingsgate,,
June,2023,GTN-Malin,,
June,2023,GTN-Stanfield,,
June,2023,Guardian Hub,,
June,2023,Gulf S. Pool 16,,
June,2023,Gulf South - Perryville,,
June,2023,Henry,2.17,0.0
June,2023,HPL-ETX Pool,,
June,2023,HSC-HPL Pool,2.04,-0.13
June,2023,HSC-Kinder Morgan,,
June,2023,Iroquois (into),2.06,-0.11
June,2023,Iroquois-Z1,,
June,2023,Iroquois-Z2,2.2,0.03
June,2023,Iroquois-Z2 Hunts Pt,,
June,2023,Jefferson Island,,
June,2023,Katy-Enstor Pool,2.04,-0.13
June,2023,Katy-Lonestar Inter,,
June,2023,Katy-Lonestar Intra,,
June,2023,Katy-Oasis,,
June,2023,KRGT-Del Pool,2.87,0.7
June,2023,KRGT-Rec Pool,,
June,2023,Lebanon,1.86,-0.31
June,2023,Leidy,,
June,2023,Leidy-Transco,1.24,-0.93
June,2023,M&N US,,
June,2023,MEP-Lamar,,
June,2023,Michcon,1.98,-0.19
June,2023,Midship (receipt),,
June,2023,Millennium,,
June,2023,Millennium East Pool,1.14,-1.03
June,2023,Millennium-Ramapo,,
June,2023,Moss Bluff Inter,,
June,2023,Moss Bluff Stor,,
June,2023,MS Hub,,
June,2023,NBPL-Bakken (receipt),,
June,2023,NBPL-Harper,,
June,2023,NBPL-Nicor,1.99,-0.18
June,2023,NBPL-Vector,,
June,2023,NBPL-Ventura,1.9,-0.27
June,2023,NBPL-Will County,,
June,2023,NGPL-AM Pool,,
June,2023,NGPL-AM Stor,,
June,2023,NGPL-GC Mainline,,
June,2023,NGPL-IA/IL AM Pool,,
June,2023,NGPL-IA/IL AM Stor,,
June,2023,NGPL-IA/IL GC Pool,,
June,2023,NGPL-IA/IL GC Stor,,
June,2023,NGPL-LA Pool,,
June,2023,NGPL-LA Stor,,
June,2023,NGPL-MidAm,,
June,2023,NGPL-Midcont Pool,1.9,-0.27
June,2023,NGPL-Midcont Stor,,
June,2023,NGPL-Nicor,1.99,-0.18
June,2023,NGPL-Nipsco,1.97,-0.2
June,2023,NGPL-STX,1.93,-0.24
June,2023,NGPL-TXOK East,1.9,-0.27
June,2023,NGPL-TXOK East Stor,1.9,-0.27
June,2023,NGPL-TXOK West,1.9,-0.27
June,2023,NNG-Demarc,1.9,-0.27
June,2023,NNG-Mid 13-16A,,
June,2023,NNG-Mid 1-7,,
June,2023,NNG-Mid 8-12,,
June,2023,NNG-Ventura,1.95,-0.22
June,2023,Nortex-Tolar Hub,,
June,2023,NWP-Rocky Mtn,2.32,0.15
June,2023,NWP-Sumas,1.83,-0.34
June,2023,NWP-Wyoming,2.32,0.15
June,2023,Oasis - Waha Pool,,
June,2023,OGT,,
June,2023,ONEOK Westex,1.92,-0.25
June,2023,Opal,,
June,2023,Panhandle,1.85,-0.32
June,2023,PG&E-Citygate,3.77,1.6
June,2023,PG&E-Daggett,,
June,2023,PG&E-KRS,,
June,2023,PG&E-Topock,,
June,2023,PGLC,1.97,-0.2
June,2023,Pine Prairie,2.13,-0.04
June,2023,Pioneer,,
June,2023,PNGTS,,
June,2023,Questar-North,,
June,2023,Questar-South,,
June,2023,REX Cheyenne Comp Pool,,
June,2023,REX E-ANR,,
June,2023,REX E-MidW,,
June,2023,REX E-NGPL,,
June,2023,REX E-PEPL,,
June,2023,REX E-Trunk,,
June,2023,REX W-ANR,,
June,2023,REX W-NGPL,,
June,2023,REX W-NNG,,
June,2023,REX W-PEPL,,
June,2023,REX-Z3 (receipt) ,,
June,2023,REX-Z3 Del Pool,1.9,-0.27
June,2023,Rover (receipt),,
June,2023,Rover-ANR,1.87,-0.3
June,2023,Rover-PEPL,1.87,-0.3
June,2023,Ruby-Onyx Hill,,
June,2023,Ruby-Rec Pool,,
June,2023,Ryckman Creek Stor,,
June,2023,Salt Plains Inter,,
June,2023,Salt Plains Stor,,
June,2023,Socal-Blythe,,
June,2023,Socal-Border,2.85,0.68
June,2023,Socal-Citygate,4.08,1.91
June,2023,Socal-Ehrenberg,,
June,2023,Socal-Firm Stor,,
June,2023,Socal-IT Stor,,
June,2023,Socal-Kramer,,
June,2023,Socal-KRS,,
June,2023,Socal-Needles,,
June,2023,Socal-Storage,,
June,2023,Socal-Topock (EP),,
June,2023,Socal-Topock (TW),,
June,2023,Socal-WR,,
June,2023,Sonat-Z0 South,2.22,0.05
June,2023,Sonat-Z1 North,,
June,2023,Southern Pines Hub,,
June,2023,Southern Star,1.87,-0.3
June,2023,Spectra - Hunt,,
June,2023,Stagecoach ,,
June,2023,Stingray,,
June,2023,TCO,1.53,-0.64
June,2023,TCO-A04 Pool,,
June,2023,TCO-A06 Pool,,
June,2023,TCO-A08 Pool,,
June,2023,TCO-Seg Pool,,
June,2023,TETCO-ELA,1.94,-0.23
June,2023,TETCO-ETX,1.87,-0.3
June,2023,TETCO-M1 24,,
June,2023,TETCO-M1 30,,
June,2023,TETCO-M2,,
June,2023,TETCO-M2 (receipt),1.12,-1.05
June,2023,TETCO-M3,1.31,-0.86
June,2023,TETCO-Manhattan,,
June,2023,TETCO-STX,2.1,-0.07
June,2023,TETCO-WLA,2.1,-0.07
June,2023,TGP-500L,2.11,-0.06
June,2023,TGP-800L,2.01,-0.16
June,2023,TGP-Mahwah,,
June,2023,TGP-Niagara,1.49,-0.68
June,2023,TGP-Z0 Border Pool,1.88,-0.29
June,2023,TGP-Z0 North,1.88,-0.29
June,2023,TGP-Z0 South,1.88,-0.29
June,2023,TGP-Z1 100L,,
June,2023,TGP-Z1 800L Pool,,
June,2023,TGP-Z1 Sta-87,,
June,2023,TGP-Z4 300L,1.07,-1.1
June,2023,TGP-Z4 Marcellus,1.07,-1.1
June,2023,TGP-Z4 Sta-219,,
June,2023,TGP-Z4 Sta-313,1.32,-0.85
June,2023,TGP-Z5 200L,1.49,-0.68
June,2023,TGP-Z6 200L,2.23,0.06
June,2023,TGP-Z6 200L North,,
June,2023,TGP-Z6 200L South,2.23,0.06
June,2023,TGP-Z6 300L,,
June,2023,TGT-Mainline,1.91,-0.26
June,2023,TGT-North LA,,
June,2023,TGT-SL,,
June,2023,Transco Zn3,2.27,0.1
June,2023,Transco-165,,
June,2023,Transco-30,2.07,-0.1
June,2023,Transco-45,2.11,-0.06
June,2023,Transco-65,,
June,2023,Transco-85,2.29,0.12
June,2023,Transco-River Road,,
June,2023,Transco-Z5,2.42,0.25
June,2023,Transco-Z5 North,,
June,2023,Transco-Z5 South,2.42,0.25
June,2023,Transco-Z6 (non-NY north ML),,
June,2023,Transco-Z6 (non-NY north),1.3,-0.87
June,2023,Transco-Z6 (non-NY south),,
June,2023,Transco-Z6 (non-NY),1.3,-0.87
June,2023,Transco-Z6 (NY),1.34,-0.83
June,2023,Transco-Z6 Sta-210,,
June,2023,Tres Palacios (inj),,
June,2023,Tres Palacios (w/d),,
June,2023,Trunkline-ELA,,
June,2023,Trunkline-WLA,,
June,2023,Trunkline-Z1A,1.89,-0.28
June,2023,TW-Blanco,2.33,0.16
June,2023,TW-Central,,
June,2023,TW-Panhandle,1.59,-0.58
June,2023,TW-WTX,,
June,2023,Union-Dawn,1.99,-0.18
June,2023,Waha,1.63,-0.54
June,2023,White River Hub,,
June,2023,WIC,,
June,2023,0,,
June,2023,0,,
June,2023,0,,
June,2023,0,,
July,2023,AB Pool (inter),,
July,2023,AB Pool (intra),,
July,2023,AGT-CG,,
July,2023,AGT-CG (non-G),4.12,1.52
July,2023,Agua Dulce Hub,,
July,2023,ANR-Joliet Hub,,
July,2023,ANR-SE,,
July,2023,ANR-SE-T,2.6,0.0
July,2023,ANR-SW,2.34,-0.26
July,2023,APC-ACE,,
July,2023,APC-ANR,,
July,2023,APC-MGTC,,
July,2023,APC-NGPL,,
July,2023,APC-Nicor,,
July,2023,APC-VPC,,
July,2023,Arena WTX Pool,,
July,2023,Atmos Zone 3,,
July,2023,Banquete Hub,,
July,2023,Bay Gas Storage,,
July,2023,Bennington,,
July,2023,Beverly Salem,,
July,2023,Bluewater Hub,,
July,2023,Bobcat Inter,,
July,2023,Bobcat Stor,,
July,2023,Carthage,,
July,2023,CG-Mainline,2.3,-0.3
July,2023,CG-Onshore,2.45,-0.15
July,2023,Cheyenne,2.32,-0.28
July,2023,Chicago,2.36,-0.24
July,2023,CIG-Mainline,2.45,-0.15
July,2023,CIG-Mainline Pool,,
July,2023,CIG-Mainline South,,
July,2023,Clarington,,
July,2023,Clarington-Tenn,,
July,2023,Consumers,2.37,-0.23
July,2023,Cove Point,,
July,2023,Dracut,,
July,2023,Eastern Gas-North,,
July,2023,Eastern Gas-South,1.25,-1.35
July,2023,Egan Inter,,
July,2023,Egan Stor,,
July,2023,EGT-Flex,,
July,2023,EGT-North,,
July,2023,EGT-Perryville Hub,2.33,-0.27
July,2023,EGT-South,,
July,2023,EGT-West,,
July,2023,Enable East Pool,,
July,2023,Enable West Pool ,,
July,2023,ENT-STX Map,,
July,2023,EP-Anadarko,,
July,2023,EP-Keystone,,
July,2023,EP-Plains Pool,,
July,2023,EP-S.Mainline,,
July,2023,EP-SJ Blanco Pool,2.85,0.25
July,2023,EP-SJ Bondad Stn,,
July,2023,EP-Waha Pool,2.43,-0.17
July,2023,ETC-Cleburne,,
July,2023,ETC-Maypearl,,
July,2023,ETC-Tiger Gas (receipt),,
July,2023,FGT-CG,,
July,2023,FGT-Z1,,
July,2023,FGT-Z2,2.78,0.18
July,2023,FGT-Z3,3.2,0.6
July,2023,GCX Waha Hub,,
July,2023,Gillis Hub,,
July,2023,GLGT-St.Clair,,
July,2023,Golden Triangle,,
July,2023,GTN-Kingsgate,,
July,2023,GTN-Malin,,
July,2023,GTN-Stanfield,,
July,2023,Guardian Hub,,
July,2023,Gulf S. Pool 16,,
July,2023,Gulf South - Perryville,,
July,2023,Henry,2.6,0.0
July,2023,HPL-ETX Pool,,
July,2023,HSC-HPL Pool,2.44,-0.16
July,2023,HSC-Kinder Morgan,,
July,2023,Iroquois (into),2.34,-0.26
July,2023,Iroquois-Z1,,
July,2023,Iroquois-Z2,2.98,0.38
July,2023,Iroquois-Z2 Hunts Pt,,
July,2023,Jefferson Island,,
July,2023,Katy-Enstor Pool,2.48,-0.12
July,2023,Katy-Lonestar Inter,,
July,2023,Katy-Lonestar Intra,,
July,2023,Katy-Oasis,,
July,2023,KRGT-Del Pool,4.03,1.43
July,2023,KRGT-Rec Pool,,
July,2023,Lebanon,2.29,-0.31
July,2023,Leidy,,
July,2023,Leidy-Transco,1.24,-1.36
July,2023,M&N US,,
July,2023,MEP-Lamar,,
July,2023,Michcon,2.3,-0.3
July,2023,Midship (receipt),,
July,2023,Millennium,,
July,2023,Millennium East Pool,1.14,-1.46
July,2023,Millennium-Ramapo,,
July,2023,Moss Bluff Inter,,
July,2023,Moss Bluff Stor,,
July,2023,MS Hub,,
July,2023,NBPL-Bakken (receipt),,
July,2023,NBPL-Harper,,
July,2023,NBPL-Nicor,2.36,-0.24
July,2023,NBPL-Vector,,
July,2023,NBPL-Ventura,2.3,-0.3
July,2023,NBPL-Will County,,
July,2023,NGPL-AM Pool,,
July,2023,NGPL-AM Stor,,
July,2023,NGPL-GC Mainline,,
July,2023,NGPL-IA/IL AM Pool,,
July,2023,NGPL-IA/IL AM Stor,,
July,2023,NGPL-IA/IL GC Pool,,
July,2023,NGPL-IA/IL GC Stor,,
July,2023,NGPL-LA Pool,,
July,2023,NGPL-LA Stor,,
July,2023,NGPL-MidAm,,
July,2023,NGPL-Midcont Pool,2.32,-0.28
July,2023,NGPL-Midcont Stor,,
July,2023,NGPL-Nicor,2.36,-0.24
July,2023,NGPL-Nipsco,2.37,-0.23
July,2023,NGPL-STX,2.4,-0.2
July,2023,NGPL-TXOK East,2.32,-0.28
July,2023,NGPL-TXOK East Stor,2.32,-0.28
July,2023,NGPL-TXOK West,2.32,-0.28
July,2023,NNG-Demarc,2.32,-0.28
July,2023,NNG-Mid 13-16A,,
July,2023,NNG-Mid 1-7,,
July,2023,NNG-Mid 8-12,,
July,2023,NNG-Ventura,2.29,-0.31
July,2023,Nortex-Tolar Hub,,
July,2023,NWP-Rocky Mtn,2.95,0.35
July,2023,NWP-Sumas,2.99,0.39
July,2023,NWP-Wyoming,2.99,0.39
July,2023,Oasis - Waha Pool,,
July,2023,OGT,,
July,2023,ONEOK Westex,2.27,-0.33
July,2023,Opal,,
July,2023,Panhandle,2.24,-0.36
July,2023,PG&E-Citygate,4.62,2.02
July,2023,PG&E-Daggett,,
July,2023,PG&E-KRS,,
July,2023,PG&E-Topock,,
July,2023,PGLC,2.36,-0.24
July,2023,Pine Prairie,2.54,-0.06
July,2023,Pioneer,,
July,2023,PNGTS,,
July,2023,Questar-North,,
July,2023,Questar-South,,
July,2023,REX Cheyenne Comp Pool,,
July,2023,REX E-ANR,,
July,2023,REX E-MidW,,
July,2023,REX E-NGPL,,
July,2023,REX E-PEPL,,
July,2023,REX E-Trunk,,
July,2023,REX W-ANR,,
July,2023,REX W-NGPL,,
July,2023,REX W-NNG,,
July,2023,REX W-PEPL,,
July,2023,REX-Z3 (receipt) ,,
July,2023,REX-Z3 Del Pool,2.3,-0.3
July,2023,Rover (receipt),,
July,2023,Rover-ANR,2.25,-0.35
July,2023,Rover-PEPL,2.25,-0.35
July,2023,Ruby-Onyx Hill,,
July,2023,Ruby-Rec Pool,,
July,2023,Ryckman Creek Stor,,
July,2023,Salt Plains Inter,,
July,2023,Salt Plains Stor,,
July,2023,Socal-Blythe,,
July,2023,Socal-Border,4.02,1.42
July,2023,Socal-Citygate,5.56,2.96
July,2023,Socal-Ehrenberg,,
July,2023,Socal-Firm Stor,,
July,2023,Socal-IT Stor,,
July,2023,Socal-Kramer,,
July,2023,Socal-KRS,,
July,2023,Socal-Needles,,
July,2023,Socal-Storage,,
July,2023,Socal-Topock (EP),,
July,2023,Socal-Topock (TW),,
July,2023,Socal-WR,,
July,2023,Sonat-Z0 South,2.79,0.19
July,2023,Sonat-Z1 North,,
July,2023,Southern Pines Hub,,
July,2023,Southern Star,2.28,-0.32
July,2023,Spectra - Hunt,,
July,2023,Stagecoach ,,
July,2023,Stingray,,
July,2023,TCO,1.59,-1.01
July,2023,TCO-A04 Pool,,
July,2023,TCO-A06 Pool,,
July,2023,TCO-A08 Pool,,
July,2023,TCO-Seg Pool,,
July,2023,TETCO-ELA,2.38,-0.22
July,2023,TETCO-ETX,,
July,2023,TETCO-M1 24,,
July,2023,TETCO-M1 30,,
July,2023,TETCO-M2,,
July,2023,TETCO-M2 (receipt),1.16,-1.44
July,2023,TETCO-M3,1.39,-1.21
July,2023,TETCO-Manhattan,,
July,2023,TETCO-STX,2.51,-0.09
July,2023,TETCO-WLA,2.53,-0.07
July,2023,TGP-500L,2.65,0.05
July,2023,TGP-800L,2.43,-0.17
July,2023,TGP-Mahwah,,
July,2023,TGP-Niagara,,
July,2023,TGP-Z0 Border Pool,2.33,-0.27
July,2023,TGP-Z0 North,2.33,-0.27
July,2023,TGP-Z0 South,2.33,-0.27
July,2023,TGP-Z1 100L,,
July,2023,TGP-Z1 800L Pool,,
July,2023,TGP-Z1 Sta-87,,
July,2023,TGP-Z4 300L,1.06,-1.54
July,2023,TGP-Z4 Marcellus,1.06,-1.54
July,2023,TGP-Z4 Sta-219,,
July,2023,TGP-Z4 Sta-313,1.29,-1.31
July,2023,TGP-Z5 200L,1.41,-1.19
July,2023,TGP-Z6 200L,,
July,2023,TGP-Z6 200L North,,
July,2023,TGP-Z6 200L South,,
July,2023,TGP-Z6 300L,,
July,2023,TGT-Mainline,2.31,-0.29
July,2023,TGT-North LA,,
July,2023,TGT-SL,2.6,0.0
July,2023,Transco Zn3,2.67,0.07
July,2023,Transco-165,,
July,2023,Transco-30,2.54,-0.06
July,2023,Transco-45,2.62,0.02
July,2023,Transco-65,,
July,2023,Transco-85,2.87,0.27
July,2023,Transco-River Road,,
July,2023,Transco-Z5,3.03,0.43
July,2023,Transco-Z5 North,,
July,2023,Transco-Z5 South,3.03,0.43
July,2023,Transco-Z6 (non-NY north ML),,
July,2023,Transco-Z6 (non-NY north),1.36,-1.24
July,2023,Transco-Z6 (non-NY south),,
July,2023,Transco-Z6 (non-NY),1.36,-1.24
July,2023,Transco-Z6 (NY),1.37,-1.23
July,2023,Transco-Z6 Sta-210,,
July,2023,Tres Palacios (inj),,
July,2023,Tres Palacios (w/d),,
July,2023,Trunkline-ELA,,
July,2023,Trunkline-WLA,,
July,2023,Trunkline-Z1A,2.21,-0.39
July,2023,TW-Blanco,3.0,0.4
July,2023,TW-Central,,
July,2023,TW-Panhandle,2.2,-0.4
July,2023,TW-WTX,,
July,2023,Union-Dawn,2.35,-0.25
July,2023,Waha,2.43,-0.17
July,2023,White River Hub,,
July,2023,WIC,,
July,2023,0,,
July,2023,0,,
July,2023,0,,
July,2023,0,,
August,2023,AB Pool (inter),,
August,2023,AB Pool (intra),,
August,2023,AGT-CG,,
August,2023,AGT-CG (non-G),1.89,-0.59
August,2023,Agua Dulce Hub,,
August,2023,ANR-Joliet Hub,,
August,2023,ANR-SE,,
August,2023,ANR-SE-T,2.47,-0.01
August,2023,ANR-SW,2.2,-0.28
August,2023,APC-ACE,,
August,2023,APC-ANR,,
August,2023,APC-MGTC,,
August,2023,APC-NGPL,,
August,2023,APC-Nicor,,
August,2023,APC-VPC,,
August,2023,Arena WTX Pool,,
August,2023,Atmos Zone 3,,
August,2023,Banquete Hub,,
August,2023,Bay Gas Storage,,
August,2023,Bennington,,
August,2023,Beverly Salem,,
August,2023,Bluewater Hub,,
August,2023,Bobcat Inter,,
August,2023,Bobcat Stor,,
August,2023,Carthage,,
August,2023,CG-Mainline,2.04,-0.44
August,2023,CG-Onshore,2.38,-0.1
August,2023,Cheyenne,2.27,-0.21
August,2023,Chicago,2.22,-0.26
August,2023,CIG-Mainline,2.27,-0.21
August,2023,CIG-Mainline Pool,,
August,2023,CIG-Mainline South,,
August,2023,Clarington,,
August,2023,Clarington-Tenn,,
August,2023,Consumers,2.21,-0.27
August,2023,Cove Point,,
August,2023,Dracut,,
August,2023,Eastern Gas-North,,
August,2023,Eastern Gas-South,1.08,-1.4
August,2023,Egan Inter,,
August,2023,Egan Stor,,
August,2023,EGT-Flex,,
August,2023,EGT-North,,
August,2023,EGT-Perryville Hub,2.14,-0.34
August,2023,EGT-South,,
August,2023,EGT-West,,
August,2023,Enable East Pool,,
August,2023,Enable West Pool ,,
August,2023,ENT-STX Map,,
August,2023,EP-Anadarko,,
August,2023,EP-Keystone,,
August,2023,EP-Plains Pool,,
August,2023,EP-S.Mainline,,
August,2023,EP-SJ Blanco Pool,3.69,1.21
August,2023,EP-SJ Bondad Stn,,
August,2023,EP-Waha Pool,2.27,-0.21
August,2023,ETC-Cleburne,,
August,2023,ETC-Maypearl,,
August,2023,ETC-Tiger Gas (receipt),,
August,2023,FGT-CG,,
August,2023,FGT-Z1,2.34,-0.14
August,2023,FGT-Z2,2.69,0.21
August,2023,FGT-Z3,3.09,0.61
August,2023,GCX Waha Hub,,
August,2023,Gillis Hub,,
August,2023,GLGT-St.Clair,,
August,2023,Golden Triangle,,
August,2023,GTN-Kingsgate,,
August,2023,GTN-Malin,,
August,2023,GTN-Stanfield,,
August,2023,Guardian Hub,,
August,2023,Gulf S. Pool 16,,
August,2023,Gulf South - Perryville,,
August,2023,Henry,2.48,0.0
August,2023,HPL-ETX Pool,,
August,2023,HSC-HPL Pool,2.27,-0.21
August,2023,HSC-Kinder Morgan,,
August,2023,Iroquois (into),2.21,-0.27
August,2023,Iroquois-Z1,,
August,2023,Iroquois-Z2,2.6,0.12
August,2023,Iroquois-Z2 Hunts Pt,,
August,2023,Jefferson Island,,
August,2023,Katy-Enstor Pool,2.3,-0.18
August,2023,Katy-Lonestar Inter,,
August,2023,Katy-Lonestar Intra,,
August,2023,Katy-Oasis,,
August,2023,KRGT-Del Pool,5.63,3.15
August,2023,KRGT-Rec Pool,,
August,2023,Lebanon,2.06,-0.42
August,2023,Leidy,,
August,2023,Leidy-Transco,1.05,-1.43
August,2023,M&N US,,
August,2023,MEP-Lamar,,
August,2023,Michcon,2.15,-0.33
August,2023,Midship (receipt),,
August,2023,Millennium,,
August,2023,Millennium East Pool,1.01,-1.47
August,2023,Millennium-Ramapo,,
August,2023,Moss Bluff Inter,,
August,2023,Moss Bluff Stor,,
August,2023,MS Hub,,
August,2023,NBPL-Bakken (receipt),,
August,2023,NBPL-Harper,,
August,2023,NBPL-Nicor,2.21,-0.27
August,2023,NBPL-Vector,,
August,2023,NBPL-Ventura,2.16,-0.32
August,2023,NBPL-Will County,,
August,2023,NGPL-AM Pool,,
August,2023,NGPL-AM Stor,,
August,2023,NGPL-GC Mainline,,
August,2023,NGPL-IA/IL AM Pool,,
August,2023,NGPL-IA/IL AM Stor,,
August,2023,NGPL-IA/IL GC Pool,,
August,2023,NGPL-IA/IL GC Stor,,
August,2023,NGPL-LA Pool,,
August,2023,NGPL-LA Stor,,
August,2023,NGPL-MidAm,,
August,2023,NGPL-Midcont Pool,2.17,-0.31
August,2023,NGPL-Midcont Stor,,
August,2023,NGPL-Nicor,2.21,-0.27
August,2023,NGPL-Nipsco,2.22,-0.26
August,2023,NGPL-STX,2.21,-0.27
August,2023,NGPL-TXOK East,2.15,-0.33
August,2023,NGPL-TXOK East Stor,2.15,-0.33
August,2023,NGPL-TXOK West,2.15,-0.33
August,2023,NNG-Demarc,2.19,-0.29
August,2023,NNG-Mid 13-16A,,
August,2023,NNG-Mid 1-7,,
August,2023,NNG-Mid 8-12,,
August,2023,NNG-Ventura,2.16,-0.32
August,2023,Nortex-Tolar Hub,,
August,2023,NWP-Rocky Mtn,3.98,1.5
August,2023,NWP-Sumas,3.93,1.45
August,2023,NWP-Wyoming,3.98,1.5
August,2023,Oasis - Waha Pool,,
August,2023,OGT,,
August,2023,ONEOK Westex,2.09,-0.39
August,2023,Opal,,
August,2023,Panhandle,2.04,-0.44
August,2023,PG&E-Citygate,5.39,2.91
August,2023,PG&E-Daggett,,
August,2023,PG&E-KRS,,
August,2023,PG&E-Topock,,
August,2023,PGLC,2.21,-0.27
August,2023,Pine Prairie,2.44,-0.04
August,2023,Pioneer,,
August,2023,PNGTS,,
August,2023,Questar-North,,
August,2023,Questar-South,,
August,2023,REX Cheyenne Comp Pool,,
August,2023,REX E-ANR,,
August,2023,REX E-MidW,,
August,2023,REX E-NGPL,,
August,2023,REX E-PEPL,,
August,2023,REX E-Trunk,,
August,2023,REX W-ANR,,
August,2023,REX W-NGPL,,
August,2023,REX W-NNG,,
August,2023,REX W-PEPL,,
August,2023,REX-Z3 (receipt) ,,
August,2023,REX-Z3 Del Pool,2.11,-0.37
August,2023,Rover (receipt),,
August,2023,Rover-ANR,2.05,-0.43
August,2023,Rover-PEPL,2.05,-0.43
August,2023,Ruby-Onyx Hill,,
August,2023,Ruby-Rec Pool,,
August,2023,Ryckman Creek Stor,,
August,2023,Salt Plains Inter,,
August,2023,Salt Plains Stor,,
August,2023,Socal-Blythe,,
August,2023,Socal-Border,5.44,2.96
August,2023,Socal-Citygate,9.59,7.11
August,2023,Socal-Ehrenberg,,
August,2023,Socal-Firm Stor,,
August,2023,Socal-IT Stor,,
August,2023,Socal-Kramer,,
August,2023,Socal-KRS,,
August,2023,Socal-Needles,,
August,2023,Socal-Storage,,
August,2023,Socal-Topock (EP),,
August,2023,Socal-Topock (TW),,
August,2023,Socal-WR,,
August,2023,Sonat-Z0 South,2.66,0.18
August,2023,Sonat-Z1 North,,
August,2023,Southern Pines Hub,,
August,2023,Southern Star,2.12,-0.36
August,2023,Spectra - Hunt,,
August,2023,Stagecoach ,,
August,2023,Stingray,,
August,2023,TCO,1.35,-1.13
August,2023,TCO-A04 Pool,,
August,2023,TCO-A06 Pool,,
August,2023,TCO-A08 Pool,,
August,2023,TCO-Seg Pool,,
August,2023,TETCO-ELA,2.23,-0.25
August,2023,TETCO-ETX,,
August,2023,TETCO-M1 24,,
August,2023,TETCO-M1 30,,
August,2023,TETCO-M2,,
August,2023,TETCO-M2 (receipt),1.03,-1.45
August,2023,TETCO-M3,1.24,-1.24
August,2023,TETCO-Manhattan,,
August,2023,TETCO-STX,2.34,-0.14
August,2023,TETCO-WLA,2.4,-0.08
August,2023,TGP-500L,2.56,0.08
August,2023,TGP-800L,2.24,-0.24
August,2023,TGP-Mahwah,,
August,2023,TGP-Niagara,1.49,-0.99
August,2023,TGP-Z0 Border Pool,2.1,-0.38
August,2023,TGP-Z0 North,2.1,-0.38
August,2023,TGP-Z0 South,2.1,-0.38
August,2023,TGP-Z1 100L,,
August,2023,TGP-Z1 800L Pool,,
August,2023,TGP-Z1 Sta-87,,
August,2023,TGP-Z4 300L,0.89,-1.59
August,2023,TGP-Z4 Marcellus,0.89,-1.59
August,2023,TGP-Z4 Sta-219,,
August,2023,TGP-Z4 Sta-313,1.12,-1.36
August,2023,TGP-Z5 200L,1.38,-1.1
August,2023,TGP-Z6 200L,,
August,2023,TGP-Z6 200L North,,
August,2023,TGP-Z6 200L South,,
August,2023,TGP-Z6 300L,,
August,2023,TGT-Mainline,2.09,-0.39
August,2023,TGT-North LA,,
August,2023,TGT-SL,2.49,0.01
August,2023,Transco Zn3,2.52,0.04
August,2023,Transco-165,,
August,2023,Transco-30,2.26,-0.22
August,2023,Transco-45,2.49,0.01
August,2023,Transco-65,,
August,2023,Transco-85,2.74,0.26
August,2023,Transco-River Road,,
August,2023,Transco-Z5,2.97,0.49
August,2023,Transco-Z5 North,,
August,2023,Transco-Z5 South,2.97,0.49
August,2023,Transco-Z6 (non-NY north ML),,
August,2023,Transco-Z6 (non-NY north),1.2,-1.28
August,2023,Transco-Z6 (non-NY south),,
August,2023,Transco-Z6 (non-NY),1.2,-1.28
August,2023,Transco-Z6 (NY),1.29,-1.19
August,2023,Transco-Z6 Sta-210,,
August,2023,Tres Palacios (inj),,
August,2023,Tres Palacios (w/d),,
August,2023,Trunkline-ELA,,
August,2023,Trunkline-WLA,,
August,2023,Trunkline-Z1A,2.07,-0.41
August,2023,TW-Blanco,3.81,1.33
August,2023,TW-Central,,
August,2023,TW-Panhandle,2.1,-0.38
August,2023,TW-WTX,,
August,2023,Union-Dawn,2.19,-0.29
August,2023,Waha,2.29,-0.19
August,2023,White River Hub,,
August,2023,WIC,,
August,2023,0,,
August,2023,0,,
August,2023,0,,
August,2023,0,,
September,2023,AB Pool (inter),,
September,2023,AB Pool (intra),,
September,2023,AGT-CG,,
September,2023,AGT-CG (non-G),1.26,-1.29
September,2023,Agua Dulce Hub,,
September,2023,ANR-Joliet Hub,,
September,2023,ANR-SE,,
September,2023,ANR-SE-T,2.54,-0.01
September,2023,ANR-SW,2.22,-0.33
September,2023,APC-ACE,,
September,2023,APC-ANR,,
September,2023,APC-MGTC,,
September,2023,APC-NGPL,,
September,2023,APC-Nicor,,
September,2023,APC-VPC,,
September,2023,Arena WTX Pool,,
September,2023,Atmos Zone 3,,
September,2023,Banquete Hub,,
September,2023,Bay Gas Storage,,
September,2023,Bennington,,
September,2023,Beverly Salem,,
September,2023,Bluewater Hub,,
September,2023,Bobcat Inter,,
September,2023,Bobcat Stor,,
September,2023,Carthage,,
September,2023,CG-Mainline,2.17,-0.38
September,2023,CG-Onshore,2.41,-0.14
September,2023,Cheyenne,2.18,-0.37
September,2023,Chicago,2.29,-0.26
September,2023,CIG-Mainline,2.13,-0.42
September,2023,CIG-Mainline Pool,,
September,2023,CIG-Mainline South,,
September,2023,Clarington,,
September,2023,Clarington-Tenn,,
September,2023,Consumers,2.3,-0.25
September,2023,Cove Point,,
September,2023,Dracut,,
September,2023,Eastern Gas-North,,
September,2023,Eastern Gas-South,0.98,-1.57
September,2023,Egan Inter,,
September,2023,Egan Stor,,
September,2023,EGT-Flex,,
September,2023,EGT-North,,
September,2023,EGT-Perryville Hub,2.2,-0.35
September,2023,EGT-South,,
September,2023,EGT-West,,
September,2023,Enable East Pool,,
September,2023,Enable West Pool ,,
September,2023,ENT-STX Map,,
September,2023,EP-Anadarko,,
September,2023,EP-Keystone,,
September,2023,EP-Plains Pool,,
September,2023,EP-S.Mainline,,
September,2023,EP-SJ Blanco Pool,2.79,0.24
September,2023,EP-SJ Bondad Stn,,
September,2023,EP-Waha Pool,1.91,-0.64
September,2023,ETC-Cleburne,,
September,2023,ETC-Maypearl,,
September,2023,ETC-Tiger Gas (receipt),,
September,2023,FGT-CG,,
September,2023,FGT-Z1,,
September,2023,FGT-Z2,2.61,0.06
September,2023,FGT-Z3,3.11,0.56
September,2023,GCX Waha Hub,,
September,2023,Gillis Hub,,
September,2023,GLGT-St.Clair,,
September,2023,Golden Triangle,,
September,2023,GTN-Kingsgate,,
September,2023,GTN-Malin,,
September,2023,GTN-Stanfield,,
September,2023,Guardian Hub,,
September,2023,Gulf S. Pool 16,,
September,2023,Gulf South - Perryville,,
September,2023,Henry,2.55,0.0
September,2023,HPL-ETX Pool,,
September,2023,HSC-HPL Pool,2.37,-0.18
September,2023,HSC-Kinder Morgan,,
September,2023,Iroquois (into),2.02,-0.53
September,2023,Iroquois-Z1,,
September,2023,Iroquois-Z2,2.0,-0.55
September,2023,Iroquois-Z2 Hunts Pt,,
September,2023,Jefferson Island,,
September,2023,Katy-Enstor Pool,2.37,-0.18
September,2023,Katy-Lonestar Inter,,
September,2023,Katy-Lonestar Intra,,
September,2023,Katy-Oasis,,
September,2023,KRGT-Del Pool,4.46,1.91
September,2023,KRGT-Rec Pool,,
September,2023,Lebanon,2.12,-0.43
September,2023,Leidy,,
September,2023,Leidy-Transco,0.95,-1.6
September,2023,M&N US,,
September,2023,MEP-Lamar,,
September,2023,Michcon,2.21,-0.34
September,2023,Midship (receipt),,
September,2023,Millennium,,
September,2023,Millennium East Pool,0.95,-1.6
September,2023,Millennium-Ramapo,,
September,2023,Moss Bluff Inter,,
September,2023,Moss Bluff Stor,,
September,2023,MS Hub,,
September,2023,NBPL-Bakken (receipt),,
September,2023,NBPL-Harper,,
September,2023,NBPL-Nicor,2.29,-0.26
September,2023,NBPL-Vector,,
September,2023,NBPL-Ventura,2.23,-0.32
September,2023,NBPL-Will County,,
September,2023,NGPL-AM Pool,,
September,2023,NGPL-AM Stor,,
September,2023,NGPL-GC Mainline,,
September,2023,NGPL-IA/IL AM Pool,,
September,2023,NGPL-IA/IL AM Stor,,
September,2023,NGPL-IA/IL GC Pool,,
September,2023,NGPL-IA/IL GC Stor,,
September,2023,NGPL-LA Pool,,
September,2023,NGPL-LA Stor,,
September,2023,NGPL-MidAm,,
September,2023,NGPL-Midcont Pool,,
September,2023,NGPL-Midcont Stor,,
September,2023,NGPL-Nicor,2.29,-0.26
September,2023,NGPL-Nipsco,,
September,2023,NGPL-STX,2.26,-0.29
September,2023,NGPL-TXOK East,2.26,-0.29
September,2023,NGPL-TXOK East Stor,2.26,-0.29
September,2023,NGPL-TXOK West,2.26,-0.29
September,2023,NNG-Demarc,2.3,-0.25
September,2023,NNG-Mid 13-16A,,
September,2023,NNG-Mid 1-7,,
September,2023,NNG-Mid 8-12,,
September,2023,NNG-Ventura,2.26,-0.29
September,2023,Nortex-Tolar Hub,,
September,2023,NWP-Rocky Mtn,3.26,0.71
September,2023,NWP-Sumas,2.88,0.33
September,2023,NWP-Wyoming,3.26,0.71
September,2023,Oasis - Waha Pool,,
September,2023,OGT,,
September,2023,ONEOK Westex,2.17,-0.38
September,2023,Opal,,
September,2023,Panhandle,2.13,-0.42
September,2023,PG&E-Citygate,5.06,2.51
September,2023,PG&E-Daggett,,
September,2023,PG&E-KRS,,
September,2023,PG&E-Topock,,
September,2023,PGLC,2.28,-0.27
September,2023,Pine Prairie,2.5,-0.05
September,2023,Pioneer,,
September,2023,PNGTS,,
September,2023,Questar-North,,
September,2023,Questar-South,,
September,2023,REX Cheyenne Comp Pool,,
September,2023,REX E-ANR,,
September,2023,REX E-MidW,,
September,2023,REX E-NGPL,,
September,2023,REX E-PEPL,,
September,2023,REX E-Trunk,,
September,2023,REX W-ANR,,
September,2023,REX W-NGPL,,
September,2023,REX W-NNG,,
September,2023,REX W-PEPL,,
September,2023,REX-Z3 (receipt) ,,
September,2023,REX-Z3 Del Pool,2.15,-0.4
September,2023,Rover (receipt),,
September,2023,Rover-ANR,2.12,-0.43
September,2023,Rover-PEPL,2.12,-0.43
September,2023,Ruby-Onyx Hill,,
September,2023,Ruby-Rec Pool,,
September,2023,Ryckman Creek Stor,,
September,2023,Salt Plains Inter,,
September,2023,Salt Plains Stor,,
September,2023,Socal-Blythe,,
September,2023,Socal-Border,4.3,1.75
September,2023,Socal-Citygate,6.15,3.6
September,2023,Socal-Ehrenberg,,
September,2023,Socal-Firm Stor,,
September,2023,Socal-IT Stor,,
September,2023,Socal-Kramer,,
September,2023,Socal-KRS,,
September,2023,Socal-Needles,,
September,2023,Socal-Storage,,
September,2023,Socal-Topock (EP),,
September,2023,Socal-Topock (TW),,
September,2023,Socal-WR,,
September,2023,Sonat-Z0 South,2.65,0.1
September,2023,Sonat-Z1 North,,
September,2023,Southern Pines Hub,,
September,2023,Southern Star,2.19,-0.36
September,2023,Spectra - Hunt,,
September,2023,Stagecoach ,,
September,2023,Stingray,,
September,2023,TCO,1.08,-1.47
September,2023,TCO-A04 Pool,,
September,2023,TCO-A06 Pool,,
September,2023,TCO-A08 Pool,,
September,2023,TCO-Seg Pool,,
September,2023,TETCO-ELA,2.27,-0.28
September,2023,TETCO-ETX,,
September,2023,TETCO-M1 24,,
September,2023,TETCO-M1 30,,
September,2023,TETCO-M2,,
September,2023,TETCO-M2 (receipt),0.94,-1.61
September,2023,TETCO-M3,1.0,-1.55
September,2023,TETCO-Manhattan,,
September,2023,TETCO-STX,2.44,-0.11
September,2023,TETCO-WLA,2.46,-0.09
September,2023,TGP-500L,2.66,0.11
September,2023,TGP-800L,2.27,-0.28
September,2023,TGP-Mahwah,,
September,2023,TGP-Niagara,1.26,-1.29
September,2023,TGP-Z0 Border Pool,2.18,-0.37
September,2023,TGP-Z0 North,2.18,-0.37
September,2023,TGP-Z0 South,2.18,-0.37
September,2023,TGP-Z1 100L,,
September,2023,TGP-Z1 800L Pool,,
September,2023,TGP-Z1 Sta-87,,
September,2023,TGP-Z4 300L,0.92,-1.63
September,2023,TGP-Z4 Marcellus,0.92,-1.63
September,2023,TGP-Z4 Sta-219,,
September,2023,TGP-Z4 Sta-313,1.1,-1.45
September,2023,TGP-Z5 200L,1.16,-1.39
September,2023,TGP-Z6 200L,,
September,2023,TGP-Z6 200L North,,
September,2023,TGP-Z6 200L South,,
September,2023,TGP-Z6 300L,,
September,2023,TGT-Mainline,2.25,-0.3
September,2023,TGT-North LA,,
September,2023,TGT-SL,2.56,0.01
September,2023,Transco Zn3,2.66,0.11
September,2023,Transco-165,,
September,2023,Transco-30,2.39,-0.16
September,2023,Transco-45,2.55,0.0
September,2023,Transco-65,,
September,2023,Transco-85,2.78,0.23
September,2023,Transco-River Road,,
September,2023,Transco-Z5,2.89,0.34
September,2023,Transco-Z5 North,,
September,2023,Transco-Z5 South,2.89,0.34
September,2023,Transco-Z6 (non-NY north ML),,
September,2023,Transco-Z6 (non-NY north),1.0,-1.55
September,2023,Transco-Z6 (non-NY south),,
September,2023,Transco-Z6 (non-NY),1.0,-1.55
September,2023,Transco-Z6 (NY),1.06,-1.49
September,2023,Transco-Z6 Sta-210,,
September,2023,Tres Palacios (inj),,
September,2023,Tres Palacios (w/d),,
September,2023,Trunkline-ELA,,
September,2023,Trunkline-WLA,,
September,2023,Trunkline-Z1A,2.18,-0.37
September,2023,TW-Blanco,2.89,0.34
September,2023,TW-Central,,
September,2023,TW-Panhandle,1.8,-0.75
September,2023,TW-WTX,,
September,2023,Union-Dawn,2.23,-0.32
September,2023,Waha,1.92,-0.63
September,2023,White River Hub,,
September,2023,WIC,,
September,2023,0,,
September,2023,0,,
September,2023,0,,
September,2023,0,,
October,2023,AB Pool (inter),,
October,2023,AB Pool (intra),,
October,2023,AGT-CG,,
October,2023,AGT-CG (non-G),1.58,-1.18
October,2023,Agua Dulce Hub,,
October,2023,ANR-Joliet Hub,,
October,2023,ANR-SE,,
October,2023,ANR-SE-T,2.76,0.0
October,2023,ANR-SW,2.24,-0.52
October,2023,APC-ACE,,
October,2023,APC-ANR,,
October,2023,APC-MGTC,,
October,2023,APC-NGPL,,
October,2023,APC-Nicor,,
October,2023,APC-VPC,,
October,2023,Arena WTX Pool,,
October,2023,Atmos Zone 3,,
October,2023,Banquete Hub,,
October,2023,Bay Gas Storage,,
October,2023,Bennington,,
October,2023,Beverly Salem,,
October,2023,Bluewater Hub,,
October,2023,Bobcat Inter,,
October,2023,Bobcat Stor,,
October,2023,Carthage,,
October,2023,CG-Mainline,2.31,-0.45
October,2023,CG-Onshore,2.64,-0.12
October,2023,Cheyenne,2.06,-0.7
October,2023,Chicago,2.36,-0.4
October,2023,CIG-Mainline,2.04,-0.72
October,2023,CIG-Mainline Pool,,
October,2023,CIG-Mainline South,,
October,2023,Clarington,,
October,2023,Clarington-Tenn,,
October,2023,Consumers,2.32,-0.44
October,2023,Cove Point,,
October,2023,Dracut,,
October,2023,Eastern Gas-North,,
October,2023,Eastern Gas-South,1.25,-1.51
October,2023,Egan Inter,,
October,2023,Egan Stor,,
October,2023,EGT-Flex,,
October,2023,EGT-North,,
October,2023,EGT-Perryville Hub,2.26,-0.5
October,2023,EGT-South,,
October,2023,EGT-West,,
October,2023,Enable East Pool,,
October,2023,Enable West Pool ,,
October,2023,ENT-STX Map,,
October,2023,EP-Anadarko,,
October,2023,EP-Keystone,,
October,2023,EP-Plains Pool,,
October,2023,EP-S.Mainline,,
October,2023,EP-SJ Blanco Pool,2.2,-0.56
October,2023,EP-SJ Bondad Stn,,
October,2023,EP-Waha Pool,1.44,-1.32
October,2023,ETC-Cleburne,,
October,2023,ETC-Maypearl,,
October,2023,ETC-Tiger Gas (receipt),,
October,2023,FGT-CG,,
October,2023,FGT-Z1,2.61,-0.15
October,2023,FGT-Z2,2.84,0.08
October,2023,FGT-Z3,3.06,0.3
October,2023,GCX Waha Hub,,
October,2023,Gillis Hub,,
October,2023,GLGT-St.Clair,,
October,2023,Golden Triangle,,
October,2023,GTN-Kingsgate,,
October,2023,GTN-Malin,,
October,2023,GTN-Stanfield,,
October,2023,Guardian Hub,,
October,2023,Gulf S. Pool 16,,
October,2023,Gulf South - Perryville,,
October,2023,Henry,2.76,0.0
October,2023,HPL-ETX Pool,,
October,2023,HSC-HPL Pool,2.42,-0.34
October,2023,HSC-Kinder Morgan,,
October,2023,Iroquois (into),2.19,-0.57
October,2023,Iroquois-Z1,,
October,2023,Iroquois-Z2,2.04,-0.72
October,2023,Iroquois-Z2 Hunts Pt,,
October,2023,Jefferson Island,,
October,2023,Katy-Enstor Pool,2.48,-0.28
October,2023,Katy-Lonestar Inter,,
October,2023,Katy-Lonestar Intra,,
October,2023,Katy-Oasis,,
October,2023,KRGT-Del Pool,2.93,0.17
October,2023,KRGT-Rec Pool,,
October,2023,Lebanon,2.25,-0.51
October,2023,Leidy,,
October,2023,Leidy-Transco,1.39,-1.37
October,2023,M&N US,,
October,2023,MEP-Lamar,,
October,2023,Michcon,2.24,-0.52
October,2023,Midship (receipt),,
October,2023,Millennium,,
October,2023,Millennium East Pool,1.09,-1.67
October,2023,Millennium-Ramapo,,
October,2023,Moss Bluff Inter,,
October,2023,Moss Bluff Stor,,
October,2023,MS Hub,,
October,2023,NBPL-Bakken (receipt),,
October,2023,NBPL-Harper,,
October,2023,NBPL-Nicor,2.38,-0.38
October,2023,NBPL-Vector,,
October,2023,NBPL-Ventura,,
October,2023,NBPL-Will County,,
October,2023,NGPL-AM Pool,,
October,2023,NGPL-AM Stor,,
October,2023,NGPL-GC Mainline,,
October,2023,NGPL-IA/IL AM Pool,,
October,2023,NGPL-IA/IL AM Stor,,
October,2023,NGPL-IA/IL GC Pool,,
October,2023,NGPL-IA/IL GC Stor,,
October,2023,NGPL-LA Pool,,
October,2023,NGPL-LA Stor,,
October,2023,NGPL-MidAm,,
October,2023,NGPL-Midcont Pool,2.25,-0.51
October,2023,NGPL-Midcont Stor,,
October,2023,NGPL-Nicor,2.38,-0.38
October,2023,NGPL-Nipsco,2.35,-0.41
October,2023,NGPL-STX,2.32,-0.44
October,2023,NGPL-TXOK East,2.27,-0.49
October,2023,NGPL-TXOK East Stor,2.27,-0.49
October,2023,NGPL-TXOK West,2.27,-0.49
October,2023,NNG-Demarc,2.27,-0.49
October,2023,NNG-Mid 13-16A,,
October,2023,NNG-Mid 1-7,,
October,2023,NNG-Mid 8-12,,
October,2023,NNG-Ventura,2.27,-0.49
October,2023,Nortex-Tolar Hub,,
October,2023,NWP-Rocky Mtn,2.6,-0.16
October,2023,NWP-Sumas,3.19,0.43
October,2023,NWP-Wyoming,2.6,-0.16
October,2023,Oasis - Waha Pool,,
October,2023,OGT,,
October,2023,ONEOK Westex,2.24,-0.52
October,2023,Opal,,
October,2023,Panhandle,2.11,-0.65
October,2023,PG&E-Citygate,4.21,1.45
October,2023,PG&E-Daggett,,
October,2023,PG&E-KRS,,
October,2023,PG&E-Topock,,
October,2023,PGLC,2.34,-0.42
October,2023,Pine Prairie,2.72,-0.04
October,2023,Pioneer,,
October,2023,PNGTS,,
October,2023,Questar-North,,
October,2023,Questar-South,,
October,2023,REX Cheyenne Comp Pool,,
October,2023,REX E-ANR,,
October,2023,REX E-MidW,,
October,2023,REX E-NGPL,,
October,2023,REX E-PEPL,,
October,2023,REX E-Trunk,,
October,2023,REX W-ANR,,
October,2023,REX W-NGPL,,
October,2023,REX W-NNG,,
October,2023,REX W-PEPL,,
October,2023,REX-Z3 (receipt) ,,
October,2023,REX-Z3 Del Pool,2.25,-0.51
October,2023,Rover (receipt),,
October,2023,Rover-ANR,2.22,-0.54
October,2023,Rover-PEPL,2.22,-0.54
October,2023,Ruby-Onyx Hill,,
October,2023,Ruby-Rec Pool,,
October,2023,Ryckman Creek Stor,,
October,2023,Salt Plains Inter,,
October,2023,Salt Plains Stor,,
October,2023,Socal-Blythe,,
October,2023,Socal-Border,2.7,-0.06
October,2023,Socal-Citygate,4.17,1.41
October,2023,Socal-Ehrenberg,,
October,2023,Socal-Firm Stor,,
October,2023,Socal-IT Stor,,
October,2023,Socal-Kramer,,
October,2023,Socal-KRS,,
October,2023,Socal-Needles,,
October,2023,Socal-Storage,,
October,2023,Socal-Topock (EP),,
October,2023,Socal-Topock (TW),,
October,2023,Socal-WR,,
October,2023,Sonat-Z0 South,2.82,0.06
October,2023,Sonat-Z1 North,,
October,2023,Southern Pines Hub,,
October,2023,Southern Star,2.24,-0.52
October,2023,Spectra - Hunt,,
October,2023,Stagecoach ,,
October,2023,Stingray,,
October,2023,TCO,1.38,-1.38
October,2023,TCO-A04 Pool,,
October,2023,TCO-A06 Pool,,
October,2023,TCO-A08 Pool,,
October,2023,TCO-Seg Pool,,
October,2023,TETCO-ELA,2.33,-0.43
October,2023,TETCO-ETX,,
October,2023,TETCO-M1 24,,
October,2023,TETCO-M1 30,,
October,2023,TETCO-M2,,
October,2023,TETCO-M2 (receipt),1.23,-1.53
October,2023,TETCO-M3,1.39,-1.37
October,2023,TETCO-Manhattan,,
October,2023,TETCO-STX,2.57,-0.19
October,2023,TETCO-WLA,2.68,-0.08
October,2023,TGP-500L,2.78,0.02
October,2023,TGP-800L,2.41,-0.35
October,2023,TGP-Mahwah,,
October,2023,TGP-Niagara,1.61,-1.15
October,2023,TGP-Z0 Border Pool,2.28,-0.48
October,2023,TGP-Z0 North,2.28,-0.48
October,2023,TGP-Z0 South,2.28,-0.48
October,2023,TGP-Z1 100L,,
October,2023,TGP-Z1 800L Pool,,
October,2023,TGP-Z1 Sta-87,,
October,2023,TGP-Z4 300L,1.27,-1.49
October,2023,TGP-Z4 Marcellus,1.27,-1.49
October,2023,TGP-Z4 Sta-219,,
October,2023,TGP-Z4 Sta-313,1.48,-1.28
October,2023,TGP-Z5 200L,1.61,-1.15
October,2023,TGP-Z6 200L,,
October,2023,TGP-Z6 200L North,,
October,2023,TGP-Z6 200L South,,
October,2023,TGP-Z6 300L,,
October,2023,TGT-Mainline,2.33,-0.43
October,2023,TGT-North LA,,
October,2023,TGT-SL,2.76,0.0
October,2023,Transco Zn3,2.79,0.03
October,2023,Transco-165,,
October,2023,Transco-30,2.47,-0.29
October,2023,Transco-45,2.71,-0.05
October,2023,Transco-65,,
October,2023,Transco-85,2.87,0.11
October,2023,Transco-River Road,,
October,2023,Transco-Z5,2.98,0.22
October,2023,Transco-Z5 North,,
October,2023,Transco-Z5 South,2.98,0.22
October,2023,Transco-Z6 (non-NY north ML),,
October,2023,Transco-Z6 (non-NY north),1.28,-1.48
October,2023,Transco-Z6 (non-NY south),,
October,2023,Transco-Z6 (non-NY),1.28,-1.48
October,2023,Transco-Z6 (NY),1.46,-1.3
October,2023,Transco-Z6 Sta-210,,
October,2023,Tres Palacios (inj),,
October,2023,Tres Palacios (w/d),,
October,2023,Trunkline-ELA,,
October,2023,Trunkline-WLA,,
October,2023,Trunkline-Z1A,2.3,-0.46
October,2023,TW-Blanco,2.35,-0.41
October,2023,TW-Central,,
October,2023,TW-Panhandle,1.39,-1.37
October,2023,TW-WTX,,
October,2023,Union-Dawn,2.24,-0.52
October,2023,Waha,1.45,-1.31
October,2023,White River Hub,,
October,2023,WIC,,
October,2023,0,,
October,2023,0,,
October,2023,0,,
October,2023,0,,
November,2023,AB Pool (inter),,
November,2023,AB Pool (intra),,
November,2023,AGT-CG,,
November,2023,AGT-CG (non-G),3.54,0.37
November,2023,Agua Dulce Hub,,
November,2023,ANR-Joliet Hub,,
November,2023,ANR-SE,,
November,2023,ANR-SE-T,3.15,-0.02
November,2023,ANR-SW,2.73,-0.44
November,2023,APC-ACE,,
November,2023,APC-ANR,,
November,2023,APC-MGTC,,
November,2023,APC-NGPL,,
November,2023,APC-Nicor,,
November,2023,APC-VPC,,
November,2023,Arena WTX Pool,,
November,2023,Atmos Zone 3,,
November,2023,Banquete Hub,,
November,2023,Bay Gas Storage,,
November,2023,Bennington,,
November,2023,Beverly Salem,,
November,2023,Bluewater Hub,,
November,2023,Bobcat Inter,,
November,2023,Bobcat Stor,,
November,2023,Carthage,,
November,2023,CG-Mainline,2.62,-0.55
November,2023,CG-Onshore,3.06,-0.11
November,2023,Cheyenne,2.69,-0.48
November,2023,Chicago,2.78,-0.39
November,2023,CIG-Mainline,2.69,-0.48
November,2023,CIG-Mainline Pool,,
November,2023,CIG-Mainline South,,
November,2023,Clarington,,
November,2023,Clarington-Tenn,,
November,2023,Consumers,2.75,-0.42
November,2023,Cove Point,,
November,2023,Dracut,,
November,2023,Eastern Gas-North,,
November,2023,Eastern Gas-South,1.78,-1.39
November,2023,Egan Inter,,
November,2023,Egan Stor,,
November,2023,EGT-Flex,,
November,2023,EGT-North,,
November,2023,EGT-Perryville Hub,2.59,-0.58
November,2023,EGT-South,,
November,2023,EGT-West,,
November,2023,Enable East Pool,,
November,2023,Enable West Pool ,,
November,2023,ENT-STX Map,,
November,2023,EP-Anadarko,,
November,2023,EP-Keystone,,
November,2023,EP-Plains Pool,,
November,2023,EP-S.Mainline,,
November,2023,EP-SJ Blanco Pool,3.42,0.25
November,2023,EP-SJ Bondad Stn,,
November,2023,EP-Waha Pool,1.44,-1.73
November,2023,ETC-Cleburne,,
November,2023,ETC-Maypearl,,
November,2023,ETC-Tiger Gas (receipt),,
November,2023,FGT-CG,,
November,2023,FGT-Z1,2.97,-0.2
November,2023,FGT-Z2,3.16,-0.01
November,2023,FGT-Z3,3.36,0.19
November,2023,GCX Waha Hub,,
November,2023,Gillis Hub,,
November,2023,GLGT-St.Clair,,
November,2023,Golden Triangle,,
November,2023,GTN-Kingsgate,,
November,2023,GTN-Malin,,
November,2023,GTN-Stanfield,,
November,2023,Guardian Hub,,
November,2023,Gulf S. Pool 16,,
November,2023,Gulf South - Perryville,,
November,2023,Henry,3.17,0.0
November,2023,HPL-ETX Pool,,
November,2023,HSC-HPL Pool,2.67,-0.5
November,2023,HSC-Kinder Morgan,,
November,2023,Iroquois (into),2.92,-0.25
November,2023,Iroquois-Z1,,
November,2023,Iroquois-Z2,3.5,0.33
November,2023,Iroquois-Z2 Hunts Pt,,
November,2023,Jefferson Island,,
November,2023,Katy-Enstor Pool,2.69,-0.48
November,2023,Katy-Lonestar Inter,,
November,2023,Katy-Lonestar Intra,,
November,2023,Katy-Oasis,,
November,2023,KRGT-Del Pool,5.6,2.43
November,2023,KRGT-Rec Pool,,
November,2023,Lebanon,2.66,-0.51
November,2023,Leidy,,
November,2023,Leidy-Transco,1.9,-1.27
November,2023,M&N US,,
November,2023,MEP-Lamar,,
November,2023,Michcon,2.67,-0.5
November,2023,Midship (receipt),,
November,2023,Millennium,,
November,2023,Millennium East Pool,1.86,-1.31
November,2023,Millennium-Ramapo,,
November,2023,Moss Bluff Inter,,
November,2023,Moss Bluff Stor,,
November,2023,MS Hub,,
November,2023,NBPL-Bakken (receipt),,
November,2023,NBPL-Harper,,
November,2023,NBPL-Nicor,2.79,-0.38
November,2023,NBPL-Vector,,
November,2023,NBPL-Ventura,2.74,-0.43
November,2023,NBPL-Will County,,
November,2023,NGPL-AM Pool,,
November,2023,NGPL-AM Stor,,
November,2023,NGPL-GC Mainline,,
November,2023,NGPL-IA/IL AM Pool,,
November,2023,NGPL-IA/IL AM Stor,,
November,2023,NGPL-IA/IL GC Pool,,
November,2023,NGPL-IA/IL GC Stor,,
November,2023,NGPL-LA Pool,,
November,2023,NGPL-LA Stor,,
November,2023,NGPL-MidAm,,
November,2023,NGPL-Midcont Pool,2.64,-0.53
November,2023,NGPL-Midcont Stor,,
November,2023,NGPL-Nicor,2.79,-0.38
November,2023,NGPL-Nipsco,2.78,-0.39
November,2023,NGPL-STX,2.6,-0.57
November,2023,NGPL-TXOK East,2.59,-0.58
November,2023,NGPL-TXOK East Stor,2.59,-0.58
November,2023,NGPL-TXOK West,2.59,-0.58
November,2023,NNG-Demarc,2.85,-0.32
November,2023,NNG-Mid 13-16A,,
November,2023,NNG-Mid 1-7,,
November,2023,NNG-Mid 8-12,,
November,2023,NNG-Ventura,2.77,-0.4
November,2023,Nortex-Tolar Hub,,
November,2023,NWP-Rocky Mtn,5.09,1.92
November,2023,NWP-Sumas,6.23,3.06
November,2023,NWP-Wyoming,5.08,1.91
November,2023,Oasis - Waha Pool,,
November,2023,OGT,,
November,2023,ONEOK Westex,2.64,-0.53
November,2023,Opal,,
November,2023,Panhandle,2.59,-0.58
November,2023,PG&E-Citygate,6.84,3.67
November,2023,PG&E-Daggett,,
November,2023,PG&E-KRS,,
November,2023,PG&E-Topock,,
November,2023,PGLC,2.77,-0.4
November,2023,Pine Prairie,3.12,-0.05
November,2023,Pioneer,,
November,2023,PNGTS,,
November,2023,Questar-North,,
November,2023,Questar-South,,
November,2023,REX Cheyenne Comp Pool,,
November,2023,REX E-ANR,,
November,2023,REX E-MidW,,
November,2023,REX E-NGPL,,
November,2023,REX E-PEPL,,
November,2023,REX E-Trunk,,
November,2023,REX W-ANR,,
November,2023,REX W-NGPL,,
November,2023,REX W-NNG,,
November,2023,REX W-PEPL,,
November,2023,REX-Z3 (receipt) ,,
November,2023,REX-Z3 Del Pool,2.69,-0.48
November,2023,Rover (receipt),,
November,2023,Rover-ANR,2.62,-0.55
November,2023,Rover-PEPL,2.62,-0.55
November,2023,Ruby-Onyx Hill,,
November,2023,Ruby-Rec Pool,,
November,2023,Ryckman Creek Stor,,
November,2023,Salt Plains Inter,,
November,2023,Salt Plains Stor,,
November,2023,Socal-Blythe,,
November,2023,Socal-Border,5.0,1.83
November,2023,Socal-Citygate,8.05,4.88
November,2023,Socal-Ehrenberg,,
November,2023,Socal-Firm Stor,,
November,2023,Socal-IT Stor,,
November,2023,Socal-Kramer,,
November,2023,Socal-KRS,,
November,2023,Socal-Needles,,
November,2023,Socal-Storage,,
November,2023,Socal-Topock (EP),,
November,2023,Socal-Topock (TW),,
November,2023,Socal-WR,,
November,2023,Sonat-Z0 South,3.16,-0.01
November,2023,Sonat-Z1 North,,
November,2023,Southern Pines Hub,,
November,2023,Southern Star,2.68,-0.49
November,2023,Spectra - Hunt,,
November,2023,Stagecoach ,,
November,2023,Stingray,,
November,2023,TCO,1.95,-1.22
November,2023,TCO-A04 Pool,,
November,2023,TCO-A06 Pool,,
November,2023,TCO-A08 Pool,,
November,2023,TCO-Seg Pool,,
November,2023,TETCO-ELA,2.67,-0.5
November,2023,TETCO-ETX,,
November,2023,TETCO-M1 24,,
November,2023,TETCO-M1 30,,
November,2023,TETCO-M2,,
November,2023,TETCO-M2 (receipt),1.75,-1.42
November,2023,TETCO-M3,2.14,-1.03
November,2023,TETCO-Manhattan,,
November,2023,TETCO-STX,2.94,-0.23
November,2023,TETCO-WLA,3.09,-0.08
November,2023,TGP-500L,3.06,-0.11
November,2023,TGP-800L,2.75,-0.42
November,2023,TGP-Mahwah,,
November,2023,TGP-Niagara,2.36,-0.81
November,2023,TGP-Z0 Border Pool,2.5,-0.67
November,2023,TGP-Z0 North,2.5,-0.67
November,2023,TGP-Z0 South,2.5,-0.67
November,2023,TGP-Z1 100L,,
November,2023,TGP-Z1 800L Pool,,
November,2023,TGP-Z1 Sta-87,,
November,2023,TGP-Z4 300L,1.82,-1.35
November,2023,TGP-Z4 Marcellus,1.82,-1.35
November,2023,TGP-Z4 Sta-219,,
November,2023,TGP-Z4 Sta-313,1.92,-1.25
November,2023,TGP-Z5 200L,2.16,-1.01
November,2023,TGP-Z6 200L,3.51,0.34
November,2023,TGP-Z6 200L North,,
November,2023,TGP-Z6 200L South,3.51,0.34
November,2023,TGP-Z6 300L,,
November,2023,TGT-Mainline,2.68,-0.49
November,2023,TGT-North LA,,
November,2023,TGT-SL,3.16,-0.01
November,2023,Transco Zn3,3.16,-0.01
November,2023,Transco-165,,
November,2023,Transco-30,2.67,-0.5
November,2023,Transco-45,3.14,-0.03
November,2023,Transco-65,,
November,2023,Transco-85,3.2,0.03
November,2023,Transco-River Road,,
November,2023,Transco-Z5,3.5,0.33
November,2023,Transco-Z5 North,,
November,2023,Transco-Z5 South,3.5,0.33
November,2023,Transco-Z6 (non-NY north ML),,
November,2023,Transco-Z6 (non-NY north),2.04,-1.13
November,2023,Transco-Z6 (non-NY south),,
November,2023,Transco-Z6 (non-NY),2.04,-1.13
November,2023,Transco-Z6 (NY),2.13,-1.04
November,2023,Transco-Z6 Sta-210,,
November,2023,Tres Palacios (inj),,
November,2023,Tres Palacios (w/d),,
November,2023,Trunkline-ELA,,
November,2023,Trunkline-WLA,,
November,2023,Trunkline-Z1A,2.68,-0.49
November,2023,TW-Blanco,3.52,0.35
November,2023,TW-Central,,
November,2023,TW-Panhandle,1.32,-1.85
November,2023,TW-WTX,,
November,2023,Union-Dawn,2.77,-0.4
November,2023,Waha,1.38,-1.79
November,2023,White River Hub,,
November,2023,WIC,,
November,2023,0,,
November,2023,0,,
November,2023,0,,
November,2023,0,,
December,2023,AB Pool (inter),,
December,2023,AB Pool (intra),,
December,2023,AGT-CG,,
December,2023,AGT-CG (non-G),6.64,3.93
December,2023,Agua Dulce Hub,,
December,2023,ANR-Joliet Hub,,
December,2023,ANR-SE,,
December,2023,ANR-SE-T,2.7,-0.01
December,2023,ANR-SW,2.81,0.1
December,2023,APC-ACE,,
December,2023,APC-ANR,,
December,2023,APC-MGTC,,
December,2023,APC-NGPL,,
December,2023,APC-Nicor,,
December,2023,APC-VPC,,
December,2023,Arena WTX Pool,,
December,2023,Atmos Zone 3,,
December,2023,Banquete Hub,,
December,2023,Bay Gas Storage,,
December,2023,Bennington,,
December,2023,Beverly Salem,,
December,2023,Bluewater Hub,,
December,2023,Bobcat Inter,,
December,2023,Bobcat Stor,,
December,2023,Carthage,,
December,2023,CG-Mainline,2.42,-0.29
December,2023,CG-Onshore,2.57,-0.14
December,2023,Cheyenne,2.91,0.2
December,2023,Chicago,2.76,0.05
December,2023,CIG-Mainline,2.94,0.23
December,2023,CIG-Mainline Pool,,
December,2023,CIG-Mainline South,,
December,2023,Clarington,,
December,2023,Clarington-Tenn,,
December,2023,Consumers,2.47,-0.24
December,2023,Cove Point,,
December,2023,Dracut,,
December,2023,Eastern Gas-North,,
December,2023,Eastern Gas-South,2.01,-0.7
December,2023,Egan Inter,,
December,2023,Egan Stor,,
December,2023,EGT-Flex,,
December,2023,EGT-North,,
December,2023,EGT-Perryville Hub,2.72,0.01
December,2023,EGT-South,,
December,2023,EGT-West,,
December,2023,Enable East Pool,,
December,2023,Enable West Pool ,,
December,2023,ENT-STX Map,,
December,2023,EP-Anadarko,,
December,2023,EP-Keystone,,
December,2023,EP-Plains Pool,,
December,2023,EP-S.Mainline,,
December,2023,EP-SJ Blanco Pool,3.5,0.79
December,2023,EP-SJ Bondad Stn,,
December,2023,EP-Waha Pool,2.24,-0.47
December,2023,ETC-Cleburne,,
December,2023,ETC-Maypearl,,
December,2023,ETC-Tiger Gas (receipt),,
December,2023,FGT-CG,,
December,2023,FGT-Z1,,
December,2023,FGT-Z2,2.71,0.0
December,2023,FGT-Z3,2.89,0.18
December,2023,GCX Waha Hub,,
December,2023,Gillis Hub,,
December,2023,GLGT-St.Clair,,
December,2023,Golden Triangle,,
December,2023,GTN-Kingsgate,,
December,2023,GTN-Malin,,
December,2023,GTN-Stanfield,,
December,2023,Guardian Hub,,
December,2023,Gulf S. Pool 16,,
December,2023,Gulf South - Perryville,,
December,2023,Henry,2.71,0.0
December,2023,HPL-ETX Pool,,
December,2023,HSC-HPL Pool,2.51,-0.2
December,2023,HSC-Kinder Morgan,,
December,2023,Iroquois (into),4.9,2.19
December,2023,Iroquois-Z1,,
December,2023,Iroquois-Z2,5.56,2.85
December,2023,Iroquois-Z2 Hunts Pt,,
December,2023,Jefferson Island,,
December,2023,Katy-Enstor Pool,2.52,-0.19
December,2023,Katy-Lonestar Inter,,
December,2023,Katy-Lonestar Intra,,
December,2023,Katy-Oasis,,
December,2023,KRGT-Del Pool,6.16,3.45
December,2023,KRGT-Rec Pool,,
December,2023,Lebanon,2.42,-0.29
December,2023,Leidy,,
December,2023,Leidy-Transco,2.16,-0.55
December,2023,M&N US,,
December,2023,MEP-Lamar,,
December,2023,Michcon,2.44,-0.27
December,2023,Midship (receipt),,
December,2023,Millennium,,
December,2023,Millennium East Pool,2.19,-0.52
December,2023,Millennium-Ramapo,,
December,2023,Moss Bluff Inter,,
December,2023,Moss Bluff Stor,,
December,2023,MS Hub,,
December,2023,NBPL-Bakken (receipt),,
December,2023,NBPL-Harper,,
December,2023,NBPL-Nicor,2.75,0.04
December,2023,NBPL-Vector,,
December,2023,NBPL-Ventura,,
December,2023,NBPL-Will County,,
December,2023,NGPL-AM Pool,,
December,2023,NGPL-AM Stor,,
December,2023,NGPL-GC Mainline,,
December,2023,NGPL-IA/IL AM Pool,,
December,2023,NGPL-IA/IL AM Stor,,
December,2023,NGPL-IA/IL GC Pool,,
December,2023,NGPL-IA/IL GC Stor,,
December,2023,NGPL-LA Pool,,
December,2023,NGPL-LA Stor,,
December,2023,NGPL-MidAm,,
December,2023,NGPL-Midcont Pool,2.55,-0.16
December,2023,NGPL-Midcont Stor,,
December,2023,NGPL-Nicor,2.75,0.04
December,2023,NGPL-Nipsco,2.77,0.06
December,2023,NGPL-STX,2.44,-0.27
December,2023,NGPL-TXOK East,2.45,-0.26
December,2023,NGPL-TXOK East Stor,2.45,-0.26
December,2023,NGPL-TXOK West,2.45,-0.26
December,2023,NNG-Demarc,2.98,0.27
December,2023,NNG-Mid 13-16A,,
December,2023,NNG-Mid 1-7,,
December,2023,NNG-Mid 8-12,,
December,2023,NNG-Ventura,3.06,0.35
December,2023,Nortex-Tolar Hub,,
December,2023,NWP-Rocky Mtn,5.9,3.19
December,2023,NWP-Sumas,6.39,3.68
December,2023,NWP-Wyoming,5.9,3.19
December,2023,Oasis - Waha Pool,,
December,2023,OGT,,
December,2023,ONEOK Westex,2.62,-0.09
December,2023,Opal,,
December,2023,Panhandle,2.6,-0.11
December,2023,PG&E-Citygate,6.38,3.67
December,2023,PG&E-Daggett,,
December,2023,PG&E-KRS,,
December,2023,PG&E-Topock,,
December,2023,PGLC,2.75,0.04
December,2023,Pine Prairie,2.67,-0.04
December,2023,Pioneer,,
December,2023,PNGTS,,
December,2023,Questar-North,,
December,2023,Questar-South,,
December,2023,REX Cheyenne Comp Pool,,
December,2023,REX E-ANR,,
December,2023,REX E-MidW,,
December,2023,REX E-NGPL,,
December,2023,REX E-PEPL,,
December,2023,REX E-Trunk,,
December,2023,REX W-ANR,,
December,2023,REX W-NGPL,,
December,2023,REX W-NNG,,
December,2023,REX W-PEPL,,
December,2023,REX-Z3 (receipt) ,,
December,2023,REX-Z3 Del Pool,2.53,-0.18
December,2023,Rover (receipt),,
December,2023,Rover-ANR,2.46,-0.25
December,2023,Rover-PEPL,2.46,-0.25
December,2023,Ruby-Onyx Hill,,
December,2023,Ruby-Rec Pool,,
December,2023,Ryckman Creek Stor,,
December,2023,Salt Plains Inter,,
December,2023,Salt Plains Stor,,
December,2023,Socal-Blythe,,
December,2023,Socal-Border,5.27,2.56
December,2023,Socal-Citygate,6.54,3.83
December,2023,Socal-Ehrenberg,,
December,2023,Socal-Firm Stor,,
December,2023,Socal-IT Stor,,
December,2023,Socal-Kramer,,
December,2023,Socal-KRS,,
December,2023,Socal-Needles,,
December,2023,Socal-Storage,,
December,2023,Socal-Topock (EP),,
December,2023,Socal-Topock (TW),,
December,2023,Socal-WR,,
December,2023,Sonat-Z0 South,2.73,0.02
December,2023,Sonat-Z1 North,,
December,2023,Southern Pines Hub,,
December,2023,Southern Star,2.83,0.12
December,2023,Spectra - Hunt,,
December,2023,Stagecoach ,,
December,2023,Stingray,,
December,2023,TCO,2.02,-0.69
December,2023,TCO-A04 Pool,,
December,2023,TCO-A06 Pool,,
December,2023,TCO-A08 Pool,,
December,2023,TCO-Seg Pool,,
December,2023,TETCO-ELA,2.46,-0.25
December,2023,TETCO-ETX,,
December,2023,TETCO-M1 24,,
December,2023,TETCO-M1 30,,
December,2023,TETCO-M2,,
December,2023,TETCO-M2 (receipt),1.97,-0.74
December,2023,TETCO-M3,3.31,0.6
December,2023,TETCO-Manhattan,,
December,2023,TETCO-STX,2.56,-0.15
December,2023,TETCO-WLA,2.63,-0.08
December,2023,TGP-500L,2.6,-0.11
December,2023,TGP-800L,2.54,-0.17
December,2023,TGP-Mahwah,,
December,2023,TGP-Niagara,2.06,-0.65
December,2023,TGP-Z0 Border Pool,2.31,-0.4
December,2023,TGP-Z0 North,2.31,-0.4
December,2023,TGP-Z0 South,2.31,-0.4
December,2023,TGP-Z1 100L,,
December,2023,TGP-Z1 800L Pool,,
December,2023,TGP-Z1 Sta-87,,
December,2023,TGP-Z4 300L,2.07,-0.64
December,2023,TGP-Z4 Marcellus,2.07,-0.64
December,2023,TGP-Z4 Sta-219,,
December,2023,TGP-Z4 Sta-313,2.07,-0.64
December,2023,TGP-Z5 200L,2.26,-0.45
December,2023,TGP-Z6 200L,,
December,2023,TGP-Z6 200L North,,
December,2023,TGP-Z6 200L South,,
December,2023,TGP-Z6 300L,,
December,2023,TGT-Mainline,2.5,-0.21
December,2023,TGT-North LA,,
December,2023,TGT-SL,,
December,2023,Transco Zn3,2.79,0.08
December,2023,Transco-165,,
December,2023,Transco-30,2.53,-0.18
December,2023,Transco-45,2.7,-0.01
December,2023,Transco-65,,
December,2023,Transco-85,2.83,0.12
December,2023,Transco-River Road,,
December,2023,Transco-Z5,4.05,1.34
December,2023,Transco-Z5 North,,
December,2023,Transco-Z5 South,4.05,1.34
December,2023,Transco-Z6 (non-NY north ML),,
December,2023,Transco-Z6 (non-NY north),3.04,0.33
December,2023,Transco-Z6 (non-NY south),,
December,2023,Transco-Z6 (non-NY),3.04,0.33
December,2023,Transco-Z6 (NY),3.46,0.75
December,2023,Transco-Z6 Sta-210,,
December,2023,Tres Palacios (inj),,
December,2023,Tres Palacios (w/d),,
December,2023,Trunkline-ELA,,
December,2023,Trunkline-WLA,,
December,2023,Trunkline-Z1A,2.5,-0.21
December,2023,TW-Blanco,3.5,0.79
December,2023,TW-Central,,
December,2023,TW-Panhandle,2.2,-0.51
December,2023,TW-WTX,,
December,2023,Union-Dawn,2.51,-0.2
December,2023,Waha,2.26,-0.45
December,2023,White River Hub,,
December,2023,WIC,,
December,2023,0,,
December,2023,0,,
December,2023,0,,
December,2023,0,,
January,2024,AB Pool (inter),,
January,2024,AB Pool (intra),,
January,2024,AGT-CG,,
January,2024,AGT-CG (non-G),8.83,6.19
January,2024,Agua Dulce Hub,,
January,2024,ANR-Joliet Hub,,
January,2024,ANR-SE,,
January,2024,ANR-SE-T,2.59,-0.05
January,2024,ANR-SW,2.86,0.22
January,2024,APC-ACE,,
January,2024,APC-ANR,,
January,2024,APC-MGTC,,
January,2024,APC-NGPL,,
January,2024,APC-Nicor,,
January,2024,APC-VPC,,
January,2024,Arena WTX Pool,,
January,2024,Atmos Zone 3,,
January,2024,Banquete Hub,,
January,2024,Bay Gas Storage,,
January,2024,Bennington,,
January,2024,Beverly Salem,,
January,2024,Bluewater Hub,,
January,2024,Bobcat Inter,,
January,2024,Bobcat Stor,,
January,2024,Carthage,,
January,2024,CG-Mainline,2.42,-0.22
January,2024,CG-Onshore,2.53,-0.11
January,2024,Cheyenne,2.75,0.11
January,2024,Chicago,2.8,0.16
January,2024,CIG-Mainline,2.73,0.09
January,2024,CIG-Mainline Pool,,
January,2024,CIG-Mainline South,,
January,2024,Clarington,,
January,2024,Clarington-Tenn,,
January,2024,Consumers,2.39,-0.25
January,2024,Cove Point,,
January,2024,Dracut,,
January,2024,Eastern Gas-North,,
January,2024,Eastern Gas-South,1.99,-0.65
January,2024,Egan Inter,,
January,2024,Egan Stor,,
January,2024,EGT-Flex,,
January,2024,EGT-North,,
January,2024,EGT-Perryville Hub,2.72,0.08
January,2024,EGT-South,,
January,2024,EGT-West,,
January,2024,Enable East Pool,,
January,2024,Enable West Pool ,,
January,2024,ENT-STX Map,,
January,2024,EP-Anadarko,,
January,2024,EP-Keystone,,
January,2024,EP-Plains Pool,,
January,2024,EP-S.Mainline,,
January,2024,EP-SJ Blanco Pool,3.17,0.53
January,2024,EP-SJ Bondad Stn,,
January,2024,EP-Waha Pool,1.85,-0.79
January,2024,ETC-Cleburne,,
January,2024,ETC-Maypearl,,
January,2024,ETC-Tiger Gas (receipt),,
January,2024,FGT-CG,,
January,2024,FGT-Z1,,
January,2024,FGT-Z2,,
January,2024,FGT-Z3,2.99,0.35
January,2024,GCX Waha Hub,,
January,2024,Gillis Hub,,
January,2024,GLGT-St.Clair,,
January,2024,Golden Triangle,,
January,2024,GTN-Kingsgate,,
January,2024,GTN-Malin,,
January,2024,GTN-Stanfield,,
January,2024,Guardian Hub,,
January,2024,Gulf S. Pool 16,,
January,2024,Gulf South - Perryville,,
January,2024,Henry,2.64,0.0
January,2024,HPL-ETX Pool,,
January,2024,HSC-HPL Pool,2.49,-0.15
January,2024,HSC-Kinder Morgan,,
January,2024,Iroquois (into),5.68,3.04
January,2024,Iroquois-Z1,,
January,2024,Iroquois-Z2,7.05,4.41
January,2024,Iroquois-Z2 Hunts Pt,,
January,2024,Jefferson Island,,
January,2024,Katy-Enstor Pool,2.48,-0.16
January,2024,Katy-Lonestar Inter,,
January,2024,Katy-Lonestar Intra,,
January,2024,Katy-Oasis,,
January,2024,KRGT-Del Pool,3.94,1.3
January,2024,KRGT-Rec Pool,,
January,2024,Lebanon,2.42,-0.22
January,2024,Leidy,,
January,2024,Leidy-Transco,2.13,-0.51
January,2024,M&N US,,
January,2024,MEP-Lamar,,
January,2024,Michcon,2.31,-0.33
January,2024,Midship (receipt),,
January,2024,Millennium,,
January,2024,Millennium East Pool,2.06,-0.58
January,2024,Millennium-Ramapo,,
January,2024,Moss Bluff Inter,,
January,2024,Moss Bluff Stor,,
January,2024,MS Hub,,
January,2024,NBPL-Bakken (receipt),,
January,2024,NBPL-Harper,,
January,2024,NBPL-Nicor,2.8,0.16
January,2024,NBPL-Vector,,
January,2024,NBPL-Ventura,3.07,0.43
January,2024,NBPL-Will County,,
January,2024,NGPL-AM Pool,,
January,2024,NGPL-AM Stor,,
January,2024,NGPL-GC Mainline,,
January,2024,NGPL-IA/IL AM Pool,,
January,2024,NGPL-IA/IL AM Stor,,
January,2024,NGPL-IA/IL GC Pool,,
January,2024,NGPL-IA/IL GC Stor,,
January,2024,NGPL-LA Pool,,
January,2024,NGPL-LA Stor,,
January,2024,NGPL-MidAm,,
January,2024,NGPL-Midcont Pool,2.59,-0.05
January,2024,NGPL-Midcont Stor,,
January,2024,NGPL-Nicor,2.8,0.16
January,2024,NGPL-Nipsco,2.8,0.16
January,2024,NGPL-STX,2.4,-0.24
January,2024,NGPL-TXOK East,2.41,-0.23
January,2024,NGPL-TXOK East Stor,2.41,-0.23
January,2024,NGPL-TXOK West,2.41,-0.23
January,2024,NNG-Demarc,2.97,0.33
January,2024,NNG-Mid 13-16A,,
January,2024,NNG-Mid 1-7,,
January,2024,NNG-Mid 8-12,,
January,2024,NNG-Ventura,3.07,0.43
January,2024,Nortex-Tolar Hub,,
January,2024,NWP-Rocky Mtn,3.56,0.92
January,2024,NWP-Sumas,3.77,1.13
January,2024,NWP-Wyoming,3.56,0.92
January,2024,Oasis - Waha Pool,,
January,2024,OGT,,
January,2024,ONEOK Westex,2.85,0.21
January,2024,Opal,,
January,2024,Panhandle,2.66,0.02
January,2024,PG&E-Citygate,4.29,1.65
January,2024,PG&E-Daggett,,
January,2024,PG&E-KRS,,
January,2024,PG&E-Topock,,
January,2024,PGLC,2.8,0.16
January,2024,Pine Prairie,2.55,-0.09
January,2024,Pioneer,,
January,2024,PNGTS,,
January,2024,Questar-North,,
January,2024,Questar-South,,
January,2024,REX Cheyenne Comp Pool,,
January,2024,REX E-ANR,,
January,2024,REX E-MidW,,
January,2024,REX E-NGPL,,
January,2024,REX E-PEPL,,
January,2024,REX E-Trunk,,
January,2024,REX W-ANR,,
January,2024,REX W-NGPL,,
January,2024,REX W-NNG,,
January,2024,REX W-PEPL,,
January,2024,REX-Z3 (receipt) ,,
January,2024,REX-Z3 Del Pool,2.61,-0.03
January,2024,Rover (receipt),,
January,2024,Rover-ANR,2.51,-0.13
January,2024,Rover-PEPL,2.51,-0.13
January,2024,Ruby-Onyx Hill,,
January,2024,Ruby-Rec Pool,,
January,2024,Ryckman Creek Stor,,
January,2024,Salt Plains Inter,,
January,2024,Salt Plains Stor,,
January,2024,Socal-Blythe,,
January,2024,Socal-Border,3.75,1.11
January,2024,Socal-Citygate,4.16,1.52
January,2024,Socal-Ehrenberg,,
January,2024,Socal-Firm Stor,,
January,2024,Socal-IT Stor,,
January,2024,Socal-Kramer,,
January,2024,Socal-KRS,,
January,2024,Socal-Needles,,
January,2024,Socal-Storage,,
January,2024,Socal-Topock (EP),,
January,2024,Socal-Topock (TW),,
January,2024,Socal-WR,,
January,2024,Sonat-Z0 South,2.72,0.08
January,2024,Sonat-Z1 North,,
January,2024,Southern Pines Hub,,
January,2024,Southern Star,2.95,0.31
January,2024,Spectra - Hunt,,
January,2024,Stagecoach ,,
January,2024,Stingray,,
January,2024,TCO,2.11,-0.53
January,2024,TCO-A04 Pool,,
January,2024,TCO-A06 Pool,,
January,2024,TCO-A08 Pool,,
January,2024,TCO-Seg Pool,,
January,2024,TETCO-ELA,2.44,-0.2
January,2024,TETCO-ETX,,
January,2024,TETCO-M1 24,,
January,2024,TETCO-M1 30,,
January,2024,TETCO-M2,,
January,2024,TETCO-M2 (receipt),2.06,-0.58
January,2024,TETCO-M3,4.08,1.44
January,2024,TETCO-Manhattan,,
January,2024,TETCO-STX,2.5,-0.14
January,2024,TETCO-WLA,2.54,-0.1
January,2024,TGP-500L,2.56,-0.08
January,2024,TGP-800L,2.51,-0.13
January,2024,TGP-Mahwah,,
January,2024,TGP-Niagara,2.32,-0.32
January,2024,TGP-Z0 Border Pool,2.3,-0.34
January,2024,TGP-Z0 North,2.3,-0.34
January,2024,TGP-Z0 South,2.3,-0.34
January,2024,TGP-Z1 100L,,
January,2024,TGP-Z1 800L Pool,,
January,2024,TGP-Z1 Sta-87,,
January,2024,TGP-Z4 300L,2.15,-0.49
January,2024,TGP-Z4 Marcellus,2.15,-0.49
January,2024,TGP-Z4 Sta-219,,
January,2024,TGP-Z4 Sta-313,2.04,-0.6
January,2024,TGP-Z5 200L,2.16,-0.48
January,2024,TGP-Z6 200L,,
January,2024,TGP-Z6 200L North,,
January,2024,TGP-Z6 200L South,,
January,2024,TGP-Z6 300L,,
January,2024,TGT-Mainline,2.44,-0.2
January,2024,TGT-North LA,,
January,2024,TGT-SL,,
January,2024,Transco Zn3,2.86,0.22
January,2024,Transco-165,,
January,2024,Transco-30,2.41,-0.23
January,2024,Transco-45,2.63,-0.01
January,2024,Transco-65,2.93,0.29
January,2024,Transco-85,2.97,0.33
January,2024,Transco-River Road,,
January,2024,Transco-Z5,7.21,4.57
January,2024,Transco-Z5 North,,
January,2024,Transco-Z5 South,7.21,4.57
January,2024,Transco-Z6 (non-NY north ML),,
January,2024,Transco-Z6 (non-NY north),3.59,0.95
January,2024,Transco-Z6 (non-NY south),,
January,2024,Transco-Z6 (non-NY),3.59,0.95
January,2024,Transco-Z6 (NY),4.89,2.25
January,2024,Transco-Z6 Sta-210,,
January,2024,Tres Palacios (inj),,
January,2024,Tres Palacios (w/d),,
January,2024,Trunkline-ELA,,
January,2024,Trunkline-WLA,,
January,2024,Trunkline-Z1A,2.47,-0.17
January,2024,TW-Blanco,3.35,0.71
January,2024,TW-Central,,
January,2024,TW-Panhandle,1.74,-0.9
January,2024,TW-WTX,,
January,2024,Union-Dawn,2.34,-0.3
January,2024,Waha,1.86,-0.78
January,2024,White River Hub,,
January,2024,WIC,,
January,2024,0,,
January,2024,0,,
January,2024,0,,
January,2024,0,,
February,2024,AB Pool (inter),,
February,2024,AB Pool (intra),,
February,2024,AGT-CG,,
February,2024,AGT-CG (non-G),,
February,2024,Agua Dulce Hub,,
February,2024,ANR-Joliet Hub,,
February,2024,ANR-SE,,
February,2024,ANR-SE-T,,
February,2024,ANR-SW,,
February,2024,APC-ACE,,
February,2024,APC-ANR,,
February,2024,APC-MGTC,,
February,2024,APC-NGPL,,
February,2024,APC-Nicor,,
February,2024,APC-VPC,,
February,2024,Arena WTX Pool,,
February,2024,Atmos Zone 3,,
February,2024,Banquete Hub,,
February,2024,Bay Gas Storage,,
February,2024,Bennington,,
February,2024,Beverly Salem,,
February,2024,Bluewater Hub,,
February,2024,Bobcat Inter,,
February,2024,Bobcat Stor,,
February,2024,Carthage,,
February,2024,CG-Mainline,,
February,2024,CG-Onshore,,
February,2024,Cheyenne,,
February,2024,Chicago,,
February,2024,CIG-Mainline,,
February,2024,CIG-Mainline Pool,,
February,2024,CIG-Mainline South,,
February,2024,Clarington,,
February,2024,Clarington-Tenn,,
February,2024,Consumers,,
February,2024,Cove Point,,
February,2024,Dracut,,
February,2024,Eastern Gas-North,,
February,2024,Eastern Gas-South,,
February,2024,Egan Inter,,
February,2024,Egan Stor,,
February,2024,EGT-Flex,,
February,2024,EGT-North,,
February,2024,EGT-Perryville Hub,,
February,2024,EGT-South,,
February,2024,EGT-West,,
February,2024,Enable East Pool,,
February,2024,Enable West Pool ,,
February,2024,ENT-STX Map,,
February,2024,EP-Anadarko,,
February,2024,EP-Keystone,,
February,2024,EP-Plains Pool,,
February,2024,EP-S.Mainline,,
February,2024,EP-SJ Blanco Pool,,
February,2024,EP-SJ Bondad Stn,,
February,2024,EP-Waha Pool,,
February,2024,ETC-Cleburne,,
February,2024,ETC-Maypearl,,
February,2024,ETC-Tiger Gas (receipt),,
February,2024,FGT-CG,,
February,2024,FGT-Z1,,
February,2024,FGT-Z2,,
February,2024,FGT-Z3,,
February,2024,GCX Waha Hub,,
February,2024,Gillis Hub,,
February,2024,GLGT-St.Clair,,
February,2024,Golden Triangle,,
February,2024,GTN-Kingsgate,,
February,2024,GTN-Malin,,
February,2024,GTN-Stanfield,,
February,2024,Guardian Hub,,
February,2024,Gulf S. Pool 16,,
February,2024,Gulf South - Perryville,,
February,2024,Henry,,
February,2024,HPL-ETX Pool,,
February,2024,HSC-HPL Pool,,
February,2024,HSC-Kinder Morgan,,
February,2024,Iroquois (into),,
February,2024,Iroquois-Z1,,
February,2024,Iroquois-Z2,,
February,2024,Iroquois-Z2 Hunts Pt,,
February,2024,Jefferson Island,,
February,2024,Katy-Enstor Pool,,
February,2024,Katy-Lonestar Inter,,
February,2024,Katy-Lonestar Intra,,
February,2024,Katy-Oasis,,
February,2024,KRGT-Del Pool,,
February,2024,KRGT-Rec Pool,,
February,2024,Lebanon,,
February,2024,Leidy,,
February,2024,Leidy-Transco,,
February,2024,M&N US,,
February,2024,MEP-Lamar,,
February,2024,Michcon,,
February,2024,Midship (receipt),,
February,2024,Millennium,,
February,2024,Millennium East Pool,,
February,2024,Millennium-Ramapo,,
February,2024,Moss Bluff Inter,,
February,2024,Moss Bluff Stor,,
February,2024,MS Hub,,
February,2024,NBPL-Bakken (receipt),,
February,2024,NBPL-Harper,,
February,2024,NBPL-Nicor,,
February,2024,NBPL-Vector,,
February,2024,NBPL-Ventura,,
February,2024,NBPL-Will County,,
February,2024,NGPL-AM Pool,,
February,2024,NGPL-AM Stor,,
February,2024,NGPL-GC Mainline,,
February,2024,NGPL-IA/IL AM Pool,,
February,2024,NGPL-IA/IL AM Stor,,
February,2024,NGPL-IA/IL GC Pool,,
February,2024,NGPL-IA/IL GC Stor,,
February,2024,NGPL-LA Pool,,
February,2024,NGPL-LA Stor,,
February,2024,NGPL-MidAm,,
February,2024,NGPL-Midcont Pool,,
February,2024,NGPL-Midcont Stor,,
February,2024,NGPL-Nicor,,
February,2024,NGPL-Nipsco,,
February,2024,NGPL-STX,,
February,2024,NGPL-TXOK East,,
February,2024,NGPL-TXOK East Stor,,
February,2024,NGPL-TXOK West,,
February,2024,NNG-Demarc,,
February,2024,NNG-Mid 13-16A,,
February,2024,NNG-Mid 1-7,,
February,2024,NNG-Mid 8-12,,
February,2024,NNG-Ventura,,
February,2024,Nortex-Tolar Hub,,
February,2024,NWP-Rocky Mtn,,
February,2024,NWP-Sumas,,
February,2024,NWP-Wyoming,,
February,2024,Oasis - Waha Pool,,
February,2024,OGT,,
February,2024,ONEOK Westex,,
February,2024,Opal,,
February,2024,Panhandle,,
February,2024,PG&E-Citygate,,
February,2024,PG&E-Daggett,,
February,2024,PG&E-KRS,,
February,2024,PG&E-Topock,,
February,2024,PGLC,,
February,2024,Pine Prairie,,
February,2024,Pioneer,,
February,2024,PNGTS,,
February,2024,Questar-North,,
February,2024,Questar-South,,
February,2024,REX Cheyenne Comp Pool,,
February,2024,REX E-ANR,,
February,2024,REX E-MidW,,
February,2024,REX E-NGPL,,
February,2024,REX E-PEPL,,
February,2024,REX E-Trunk,,
February,2024,REX W-ANR,,
February,2024,REX W-NGPL,,
February,2024,REX W-NNG,,
February,2024,REX W-PEPL,,
February,2024,REX-Z3 (receipt) ,,
February,2024,REX-Z3 Del Pool,,
February,2024,Rover (receipt),,
February,2024,Rover-ANR,,
February,2024,Rover-PEPL,,
February,2024,Ruby-Onyx Hill,,
February,2024,Ruby-Rec Pool,,
February,2024,Ryckman Creek Stor,,
February,2024,Salt Plains Inter,,
February,2024,Salt Plains Stor,,
February,2024,Socal-Blythe,,
February,2024,Socal-Border,,
February,2024,Socal-Citygate,,
February,2024,Socal-Ehrenberg,,
February,2024,Socal-Firm Stor,,
February,2024,Socal-IT Stor,,
February,2024,Socal-Kramer,,
February,2024,Socal-KRS,,
February,2024,Socal-Needles,,
February,2024,Socal-Storage,,
February,2024,Socal-Topock (EP),,
February,2024,Socal-Topock (TW),,
February,2024,Socal-WR,,
February,2024,Sonat-Z0 South,,
February,2024,Sonat-Z1 North,,
February,2024,Southern Pines Hub,,
February,2024,Southern Star,,
February,2024,Spectra - Hunt,,
February,2024,Stagecoach ,,
February,2024,Stingray,,
February,2024,TCO,,
February,2024,TCO-A04 Pool,,
February,2024,TCO-A06 Pool,,
February,2024,TCO-A08 Pool,,
February,2024,TCO-Seg Pool,,
February,2024,TETCO-ELA,,
February,2024,TETCO-ETX,,
February,2024,TETCO-M1 24,,
February,2024,TETCO-M1 30,,
February,2024,TETCO-M2,,
February,2024,TETCO-M2 (receipt),,
February,2024,TETCO-M3,,
February,2024,TETCO-Manhattan,,
February,2024,TETCO-STX,,
February,2024,TETCO-WLA,,
February,2024,TGP-500L,,
February,2024,TGP-800L,,
February,2024,TGP-Mahwah,,
February,2024,TGP-Niagara,,
February,2024,TGP-Z0 Border Pool,,
February,2024,TGP-Z0 North,,
February,2024,TGP-Z0 South,,
February,2024,TGP-Z1 100L,,
February,2024,TGP-Z1 800L Pool,,
February,2024,TGP-Z1 Sta-87,,
February,2024,TGP-Z4 300L,,
February,2024,TGP-Z4 Marcellus,,
February,2024,TGP-Z4 Sta-219,,
February,2024,TGP-Z4 Sta-313,,
February,2024,TGP-Z5 200L,,
February,2024,TGP-Z6 200L,,
February,2024,TGP-Z6 200L North,,
February,2024,TGP-Z6 200L South,,
February,2024,TGP-Z6 300L,,
February,2024,TGT-Mainline,,
February,2024,TGT-North LA,,
February,2024,TGT-SL,,
February,2024,Transco Zn3,,
February,2024,Transco-165,,
February,2024,Transco-30,,
February,2024,Transco-45,,
February,2024,Transco-65,,
February,2024,Transco-85,,
February,2024,Transco-River Road,,
February,2024,Transco-Z5,,
February,2024,Transco-Z5 North,,
February,2024,Transco-Z5 South,,
February,2024,Transco-Z6 (non-NY north ML),,
February,2024,Transco-Z6 (non-NY north),,
February,2024,Transco-Z6 (non-NY south),,
February,2024,Transco-Z6 (non-NY),,
February,2024,Transco-Z6 (NY),,
February,2024,Transco-Z6 Sta-210,,
February,2024,Tres Palacios (inj),,
February,2024,Tres Palacios (w/d),,
February,2024,Trunkline-ELA,,
February,2024,Trunkline-WLA,,
February,2024,Trunkline-Z1A,,
February,2024,TW-Blanco,,
February,2024,TW-Central,,
February,2024,TW-Panhandle,,
February,2024,TW-WTX,,
February,2024,Union-Dawn,,
February,2024,Waha,,
February,2024,White River Hub,,
February,2024,WIC,,
February,2024,0,,
February,2024,0,,
February,2024,0,,
February,2024,0,,
March,2024,AB Pool (inter),,
March,2024,AB Pool (intra),,
March,2024,AGT-CG,,
March,2024,AGT-CG (non-G),1.97,0.36
March,2024,Agua Dulce Hub,,
March,2024,ANR-Joliet Hub,,
March,2024,ANR-SE,,
March,2024,ANR-SE-T,1.6,-0.01
March,2024,ANR-SW,1.41,-0.2
March,2024,APC-ACE,,
March,2024,APC-ANR,,
March,2024,APC-MGTC,,
March,2024,APC-NGPL,,
March,2024,APC-Nicor,,
March,2024,APC-VPC,,
March,2024,Arena WTX Pool,,
March,2024,Atmos Zone 3,,
March,2024,Banquete Hub,,
March,2024,Bay Gas Storage,,
March,2024,Bennington,,
March,2024,Beverly Salem,,
March,2024,Bluewater Hub,,
March,2024,Bobcat Inter,,
March,2024,Bobcat Stor,,
March,2024,Carthage,,
March,2024,CG-Mainline,1.45,-0.16
March,2024,CG-Onshore,1.54,-0.07
March,2024,Cheyenne,1.38,-0.23
March,2024,Chicago,1.5,-0.11
March,2024,CIG-Mainline,1.36,-0.25
March,2024,CIG-Mainline Pool,,
March,2024,CIG-Mainline South,,
March,2024,Clarington,,
March,2024,Clarington-Tenn,,
March,2024,Consumers,1.53,-0.08
March,2024,Cove Point,,
March,2024,Dracut,,
March,2024,Eastern Gas-North,,
March,2024,Eastern Gas-South,1.19,-0.42
March,2024,Egan Inter,,
March,2024,Egan Stor,,
March,2024,EGT-Flex,,
March,2024,EGT-North,,
March,2024,EGT-Perryville Hub,1.39,-0.22
March,2024,EGT-South,,
March,2024,EGT-West,,
March,2024,Enable East Pool,,
March,2024,Enable West Pool ,,
March,2024,ENT-STX Map,,
March,2024,EP-Anadarko,,
March,2024,EP-Keystone,,
March,2024,EP-Plains Pool,,
March,2024,EP-S.Mainline,,
March,2024,EP-SJ Blanco Pool,1.4,-0.21
March,2024,EP-SJ Bondad Stn,,
March,2024,EP-Waha Pool,0.58,-1.03
March,2024,ETC-Cleburne,,
March,2024,ETC-Maypearl,,
March,2024,ETC-Tiger Gas (receipt),,
March,2024,FGT-CG,,
March,2024,FGT-Z1,,
March,2024,FGT-Z2,1.62,0.01
March,2024,FGT-Z3,1.76,0.15
March,2024,GCX Waha Hub,,
March,2024,Gillis Hub,,
March,2024,GLGT-St.Clair,,
March,2024,Golden Triangle,,
March,2024,GTN-Kingsgate,,
March,2024,GTN-Malin,,
March,2024,GTN-Stanfield,,
March,2024,Guardian Hub,,
March,2024,Gulf S. Pool 16,,
March,2024,Gulf South - Perryville,,
March,2024,Henry,1.61,0.0
March,2024,HPL-ETX Pool,,
March,2024,HSC-HPL Pool,1.34,-0.27
March,2024,HSC-Kinder Morgan,,
March,2024,Iroquois (into),1.76,0.15
March,2024,Iroquois-Z1,,
March,2024,Iroquois-Z2,1.79,0.18
March,2024,Iroquois-Z2 Hunts Pt,,
March,2024,Jefferson Island,,
March,2024,Katy-Enstor Pool,1.35,-0.26
March,2024,Katy-Lonestar Inter,,
March,2024,Katy-Lonestar Intra,,
March,2024,Katy-Oasis,,
March,2024,KRGT-Del Pool,2.21,0.6
March,2024,KRGT-Rec Pool,,
March,2024,Lebanon,1.39,-0.22
March,2024,Leidy,,
March,2024,Leidy-Transco,1.23,-0.38
March,2024,M&N US,,
March,2024,MEP-Lamar,,
March,2024,Michcon,1.52,-0.09
March,2024,Midship (receipt),,
March,2024,Millennium,,
March,2024,Millennium East Pool,1.21,-0.4
March,2024,Millennium-Ramapo,,
March,2024,Moss Bluff Inter,,
March,2024,Moss Bluff Stor,,
March,2024,MS Hub,,
March,2024,NBPL-Bakken (receipt),,
March,2024,NBPL-Harper,,
March,2024,NBPL-Nicor,1.5,-0.11
March,2024,NBPL-Vector,,
March,2024,NBPL-Ventura,1.48,-0.13
March,2024,NBPL-Will County,,
March,2024,NGPL-AM Pool,,
March,2024,NGPL-AM Stor,,
March,2024,NGPL-GC Mainline,,
March,2024,NGPL-IA/IL AM Pool,,
March,2024,NGPL-IA/IL AM Stor,,
March,2024,NGPL-IA/IL GC Pool,,
March,2024,NGPL-IA/IL GC Stor,,
March,2024,NGPL-LA Pool,,
March,2024,NGPL-LA Stor,,
March,2024,NGPL-MidAm,,
March,2024,NGPL-Midcont Pool,1.38,-0.23
March,2024,NGPL-Midcont Stor,,
March,2024,NGPL-Nicor,1.5,-0.11
March,2024,NGPL-Nipsco,1.5,-0.11
March,2024,NGPL-STX,1.34,-0.27
March,2024,NGPL-TXOK East,1.37,-0.24
March,2024,NGPL-TXOK East Stor,1.37,-0.24
March,2024,NGPL-TXOK West,1.37,-0.24
March,2024,NNG-Demarc,1.45,-0.16
March,2024,NNG-Mid 13-16A,,
March,2024,NNG-Mid 1-7,,
March,2024,NNG-Mid 8-12,,
March,2024,NNG-Ventura,1.47,-0.14
March,2024,Nortex-Tolar Hub,,
March,2024,NWP-Rocky Mtn,1.78,0.17
March,2024,NWP-Sumas,1.64,0.03
March,2024,NWP-Wyoming,1.78,0.17
March,2024,Oasis - Waha Pool,,
March,2024,OGT,,
March,2024,ONEOK Westex,1.34,-0.27
March,2024,Opal,,
March,2024,Panhandle,1.36,-0.25
March,2024,PG&E-Citygate,3.01,1.4
March,2024,PG&E-Daggett,,
March,2024,PG&E-KRS,,
March,2024,PG&E-Topock,,
March,2024,PGLC,1.5,-0.11
March,2024,Pine Prairie,1.57,-0.04
March,2024,Pioneer,,
March,2024,PNGTS,,
March,2024,Questar-North,,
March,2024,Questar-South,,
March,2024,REX Cheyenne Comp Pool,,
March,2024,REX E-ANR,,
March,2024,REX E-MidW,,
March,2024,REX E-NGPL,,
March,2024,REX E-PEPL,,
March,2024,REX E-Trunk,,
March,2024,REX W-ANR,,
March,2024,REX W-NGPL,,
March,2024,REX W-NNG,,
March,2024,REX W-PEPL,,
March,2024,REX-Z3 (receipt) ,,
March,2024,REX-Z3 Del Pool,1.44,-0.17
March,2024,Rover (receipt),,
March,2024,Rover-ANR,1.46,-0.15
March,2024,Rover-PEPL,1.46,-0.15
March,2024,Ruby-Onyx Hill,,
March,2024,Ruby-Rec Pool,,
March,2024,Ryckman Creek Stor,,
March,2024,Salt Plains Inter,,
March,2024,Salt Plains Stor,,
March,2024,Socal-Blythe,,
March,2024,Socal-Border,1.97,0.36
March,2024,Socal-Citygate,3.1,1.49
March,2024,Socal-Ehrenberg,,
March,2024,Socal-Firm Stor,,
March,2024,Socal-IT Stor,,
March,2024,Socal-Kramer,,
March,2024,Socal-KRS,,
March,2024,Socal-Needles,,
March,2024,Socal-Storage,,
March,2024,Socal-Topock (EP),,
March,2024,Socal-Topock (TW),,
March,2024,Socal-WR,,
March,2024,Sonat-Z0 South,1.61,0.0
March,2024,Sonat-Z1 North,,
March,2024,Southern Pines Hub,,
March,2024,Southern Star,1.39,-0.22
March,2024,Spectra - Hunt,,
March,2024,Stagecoach ,,
March,2024,Stingray,,
March,2024,TCO,1.23,-0.38
March,2024,TCO-A04 Pool,,
March,2024,TCO-A06 Pool,,
March,2024,TCO-A08 Pool,,
March,2024,TCO-Seg Pool,,
March,2024,TETCO-ELA,1.47,-0.14
March,2024,TETCO-ETX,,
March,2024,TETCO-M1 24,,
March,2024,TETCO-M1 30,,
March,2024,TETCO-M2,,
March,2024,TETCO-M2 (receipt),1.23,-0.38
March,2024,TETCO-M3,1.34,-0.27
March,2024,TETCO-Manhattan,,
March,2024,TETCO-STX,1.52,-0.09
March,2024,TETCO-WLA,1.53,-0.08
March,2024,TGP-500L,1.54,-0.07
March,2024,TGP-800L,1.51,-0.1
March,2024,TGP-Mahwah,,
March,2024,TGP-Niagara,1.37,-0.24
March,2024,TGP-Z0 Border Pool,1.27,-0.34
March,2024,TGP-Z0 North,1.27,-0.34
March,2024,TGP-Z0 South,1.27,-0.34
March,2024,TGP-Z1 100L,1.43,-0.18
March,2024,TGP-Z1 800L Pool,,
March,2024,TGP-Z1 Sta-87,1.43,-0.18
March,2024,TGP-Z4 300L,1.21,-0.4
March,2024,TGP-Z4 Marcellus,1.21,-0.4
March,2024,TGP-Z4 Sta-219,,
March,2024,TGP-Z4 Sta-313,1.25,-0.36
March,2024,TGP-Z5 200L,1.32,-0.29
March,2024,TGP-Z6 200L,,
March,2024,TGP-Z6 200L North,,
March,2024,TGP-Z6 200L South,,
March,2024,TGP-Z6 300L,,
March,2024,TGT-Mainline,1.46,-0.15
March,2024,TGT-North LA,,
March,2024,TGT-SL,,
March,2024,Transco Zn3,1.59,-0.02
March,2024,Transco-165,,
March,2024,Transco-30,1.36,-0.25
March,2024,Transco-45,1.6,-0.01
March,2024,Transco-65,1.63,0.02
March,2024,Transco-85,1.64,0.03
March,2024,Transco-River Road,,
March,2024,Transco-Z5,1.82,0.21
March,2024,Transco-Z5 North,,
March,2024,Transco-Z5 South,1.82,0.21
March,2024,Transco-Z6 (non-NY north ML),,
March,2024,Transco-Z6 (non-NY north),1.3,-0.31
March,2024,Transco-Z6 (non-NY south),,
March,2024,Transco-Z6 (non-NY),1.3,-0.31
March,2024,Transco-Z6 (NY),1.44,-0.17
March,2024,Transco-Z6 Sta-210,,
March,2024,Tres Palacios (inj),,
March,2024,Tres Palacios (w/d),,
March,2024,Trunkline-ELA,,
March,2024,Trunkline-WLA,,
March,2024,Trunkline-Z1A,1.47,-0.14
March,2024,TW-Blanco,1.52,-0.09
March,2024,TW-Central,,
March,2024,TW-Panhandle,0.53,-1.08
March,2024,TW-WTX,,
March,2024,Union-Dawn,1.62,0.01
March,2024,Waha,0.59,-1.02
March,2024,White River Hub,1.4,-0.21
March,2024,WIC,,
March,2024,0,,
March,2024,0,,
March,2024,0,,
March,2024,0,,
April,2024,AB Pool (inter),,
April,2024,AB Pool (intra),,
April,2024,AGT-CG,,
April,2024,AGT-CG (non-G),1.55,-0.02
April,2024,Agua Dulce Hub,,
April,2024,ANR-Joliet Hub,,
April,2024,ANR-SE,,
April,2024,ANR-SE-T,1.54,-0.03
April,2024,ANR-SW,1.33,-0.24
April,2024,APC-ACE,,
April,2024,APC-ANR,,
April,2024,APC-MGTC,,
April,2024,APC-NGPL,,
April,2024,APC-Nicor,,
April,2024,APC-VPC,,
April,2024,Arena WTX Pool,,
April,2024,Atmos Zone 3,,
April,2024,Banquete Hub,,
April,2024,Bay Gas Storage,,
April,2024,Bennington,,
April,2024,Beverly Salem,,
April,2024,Bluewater Hub,,
April,2024,Bobcat Inter,,
April,2024,Bobcat Stor,,
April,2024,Carthage,,
April,2024,CG-Mainline,1.42,-0.15
April,2024,CG-Onshore,1.48,-0.09
April,2024,Cheyenne,1.31,-0.26
April,2024,Chicago,1.45,-0.12
April,2024,CIG-Mainline,1.27,-0.3
April,2024,CIG-Mainline Pool,,
April,2024,CIG-Mainline South,,
April,2024,Clarington,,
April,2024,Clarington-Tenn,,
April,2024,Consumers,1.57,0.0
April,2024,Cove Point,,
April,2024,Dracut,,
April,2024,Eastern Gas-North,,
April,2024,Eastern Gas-South,1.27,-0.3
April,2024,Egan Inter,,
April,2024,Egan Stor,,
April,2024,EGT-Flex,,
April,2024,EGT-North,,
April,2024,EGT-Perryville Hub,1.34,-0.23
April,2024,EGT-South,,
April,2024,EGT-West,,
April,2024,Enable East Pool,,
April,2024,Enable West Pool ,,
April,2024,ENT-STX Map,,
April,2024,EP-Anadarko,,
April,2024,EP-Keystone,,
April,2024,EP-Plains Pool,,
April,2024,EP-S.Mainline,,
April,2024,EP-SJ Blanco Pool,1.02,-0.55
April,2024,EP-SJ Bondad Stn,,
April,2024,EP-Waha Pool,-0.14,-1.71
April,2024,ETC-Cleburne,,
April,2024,ETC-Maypearl,,
April,2024,ETC-Tiger Gas (receipt),,
April,2024,FGT-CG,,
April,2024,FGT-Z1,1.38,-0.19
April,2024,FGT-Z2,1.56,-0.01
April,2024,FGT-Z3,1.68,0.11
April,2024,GCX Waha Hub,,
April,2024,Gillis Hub,,
April,2024,GLGT-St.Clair,,
April,2024,Golden Triangle,,
April,2024,GTN-Kingsgate,,
April,2024,GTN-Malin,,
April,2024,GTN-Stanfield,,
April,2024,Guardian Hub,,
April,2024,Gulf S. Pool 16,,
April,2024,Gulf South - Perryville,,
April,2024,Henry,1.57,0.0
April,2024,HPL-ETX Pool,,
April,2024,HSC-HPL Pool,1.33,-0.24
April,2024,HSC-Kinder Morgan,,
April,2024,Iroquois (into),1.49,-0.08
April,2024,Iroquois-Z1,,
April,2024,Iroquois-Z2,1.56,-0.01
April,2024,Iroquois-Z2 Hunts Pt,,
April,2024,Jefferson Island,,
April,2024,Katy-Enstor Pool,1.37,-0.2
April,2024,Katy-Lonestar Inter,,
April,2024,Katy-Lonestar Intra,,
April,2024,Katy-Oasis,,
April,2024,KRGT-Del Pool,1.6,0.03
April,2024,KRGT-Rec Pool,,
April,2024,Lebanon,1.36,-0.21
April,2024,Leidy,,
April,2024,Leidy-Transco,1.28,-0.29
April,2024,M&N US,,
April,2024,MEP-Lamar,,
April,2024,Michcon,1.52,-0.05
April,2024,Midship (receipt),,
April,2024,Millennium,,
April,2024,Millennium East Pool,1.28,-0.29
April,2024,Millennium-Ramapo,,
April,2024,Moss Bluff Inter,,
April,2024,Moss Bluff Stor,,
April,2024,MS Hub,,
April,2024,NBPL-Bakken (receipt),,
April,2024,NBPL-Harper,,
April,2024,NBPL-Nicor,1.45,-0.12
April,2024,NBPL-Vector,,
April,2024,NBPL-Ventura,1.38,-0.19
April,2024,NBPL-Will County,,
April,2024,NGPL-AM Pool,,
April,2024,NGPL-AM Stor,,
April,2024,NGPL-GC Mainline,,
April,2024,NGPL-IA/IL AM Pool,,
April,2024,NGPL-IA/IL AM Stor,,
April,2024,NGPL-IA/IL GC Pool,,
April,2024,NGPL-IA/IL GC Stor,,
April,2024,NGPL-LA Pool,,
April,2024,NGPL-LA Stor,,
April,2024,NGPL-MidAm,,
April,2024,NGPL-Midcont Pool,1.34,-0.23
April,2024,NGPL-Midcont Stor,,
April,2024,NGPL-Nicor,1.45,-0.12
April,2024,NGPL-Nipsco,1.46,-0.11
April,2024,NGPL-STX,1.26,-0.31
April,2024,NGPL-TXOK East,1.31,-0.26
April,2024,NGPL-TXOK East Stor,1.31,-0.26
April,2024,NGPL-TXOK West,1.31,-0.26
April,2024,NNG-Demarc,1.38,-0.19
April,2024,NNG-Mid 13-16A,,
April,2024,NNG-Mid 1-7,,
April,2024,NNG-Mid 8-12,,
April,2024,NNG-Ventura,1.38,-0.19
April,2024,Nortex-Tolar Hub,,
April,2024,NWP-Rocky Mtn,1.44,-0.13
April,2024,NWP-Sumas,1.3,-0.27
April,2024,NWP-Wyoming,1.44,-0.13
April,2024,Oasis - Waha Pool,,
April,2024,OGT,,
April,2024,ONEOK Westex,1.24,-0.33
April,2024,Opal,,
April,2024,Panhandle,1.29,-0.28
April,2024,PG&E-Citygate,2.46,0.89
April,2024,PG&E-Daggett,,
April,2024,PG&E-KRS,,
April,2024,PG&E-Topock,,
April,2024,PGLC,1.45,-0.12
April,2024,Pine Prairie,1.53,-0.04
April,2024,Pioneer,,
April,2024,PNGTS,,
April,2024,Questar-North,,
April,2024,Questar-South,,
April,2024,REX Cheyenne Comp Pool,,
April,2024,REX E-ANR,,
April,2024,REX E-MidW,,
April,2024,REX E-NGPL,,
April,2024,REX E-PEPL,,
April,2024,REX E-Trunk,,
April,2024,REX W-ANR,,
April,2024,REX W-NGPL,,
April,2024,REX W-NNG,,
April,2024,REX W-PEPL,,
April,2024,REX-Z3 (receipt) ,,
April,2024,REX-Z3 Del Pool,1.38,-0.19
April,2024,Rover (receipt),,
April,2024,Rover-ANR,1.39,-0.18
April,2024,Rover-PEPL,1.39,-0.18
April,2024,Ruby-Onyx Hill,,
April,2024,Ruby-Rec Pool,,
April,2024,Ryckman Creek Stor,,
April,2024,Salt Plains Inter,,
April,2024,Salt Plains Stor,,
April,2024,Socal-Blythe,,
April,2024,Socal-Border,1.35,-0.22
April,2024,Socal-Citygate,1.9,0.33
April,2024,Socal-Ehrenberg,,
April,2024,Socal-Firm Stor,,
April,2024,Socal-IT Stor,,
April,2024,Socal-Kramer,,
April,2024,Socal-KRS,,
April,2024,Socal-Needles,,
April,2024,Socal-Storage,,
April,2024,Socal-Topock (EP),,
April,2024,Socal-Topock (TW),,
April,2024,Socal-WR,,
April,2024,Sonat-Z0 South,1.58,0.01
April,2024,Sonat-Z1 North,,
April,2024,Southern Pines Hub,,
April,2024,Southern Star,1.28,-0.29
April,2024,Spectra - Hunt,,
April,2024,Stagecoach ,,
April,2024,Stingray,,
April,2024,TCO,1.32,-0.25
April,2024,TCO-A04 Pool,,
April,2024,TCO-A06 Pool,,
April,2024,TCO-A08 Pool,,
April,2024,TCO-Seg Pool,,
April,2024,TETCO-ELA,1.41,-0.16
April,2024,TETCO-ETX,,
April,2024,TETCO-M1 24,,
April,2024,TETCO-M1 30,,
April,2024,TETCO-M2,,
April,2024,TETCO-M2 (receipt),1.22,-0.35
April,2024,TETCO-M3,1.33,-0.24
April,2024,TETCO-Manhattan,,
April,2024,TETCO-STX,1.42,-0.15
April,2024,TETCO-WLA,1.5,-0.07
April,2024,TGP-500L,1.5,-0.07
April,2024,TGP-800L,1.47,-0.1
April,2024,TGP-Mahwah,,
April,2024,TGP-Niagara,,
April,2024,TGP-Z0 Border Pool,1.26,-0.31
April,2024,TGP-Z0 North,1.26,-0.31
April,2024,TGP-Z0 South,1.26,-0.31
April,2024,TGP-Z1 100L,1.37,-0.2
April,2024,TGP-Z1 800L Pool,,
April,2024,TGP-Z1 Sta-87,1.37,-0.2
April,2024,TGP-Z4 300L,1.18,-0.39
April,2024,TGP-Z4 Marcellus,1.18,-0.39
April,2024,TGP-Z4 Sta-219,,
April,2024,TGP-Z4 Sta-313,1.28,-0.29
April,2024,TGP-Z5 200L,1.29,-0.28
April,2024,TGP-Z6 200L,,
April,2024,TGP-Z6 200L North,,
April,2024,TGP-Z6 200L South,,
April,2024,TGP-Z6 300L,,
April,2024,TGT-Mainline,1.43,-0.14
April,2024,TGT-North LA,,
April,2024,TGT-SL,,
April,2024,Transco Zn3,1.54,-0.03
April,2024,Transco-165,,
April,2024,Transco-30,1.35,-0.22
April,2024,Transco-45,1.53,-0.04
April,2024,Transco-65,1.58,0.01
April,2024,Transco-85,1.58,0.01
April,2024,Transco-River Road,,
April,2024,Transco-Z5,1.7,0.13
April,2024,Transco-Z5 North,,
April,2024,Transco-Z5 South,1.7,0.13
April,2024,Transco-Z6 (non-NY north ML),,
April,2024,Transco-Z6 (non-NY north),1.3,-0.27
April,2024,Transco-Z6 (non-NY south),,
April,2024,Transco-Z6 (non-NY),1.3,-0.27
April,2024,Transco-Z6 (NY),1.33,-0.24
April,2024,Transco-Z6 Sta-210,,
April,2024,Tres Palacios (inj),,
April,2024,Tres Palacios (w/d),,
April,2024,Trunkline-ELA,,
April,2024,Trunkline-WLA,,
April,2024,Trunkline-Z1A,1.41,-0.16
April,2024,TW-Blanco,1.01,-0.56
April,2024,TW-Central,,
April,2024,TW-Panhandle,-0.22,-1.79
April,2024,TW-WTX,,
April,2024,Union-Dawn,1.59,0.02
April,2024,Waha,-0.14,-1.71
April,2024,White River Hub,1.28,-0.29
April,2024,WIC,,
April,2024,0,,
April,2024,0,,
April,2024,0,,
April,2024,0,,
May,2024,AB Pool (inter),,
May,2024,AB Pool (intra),,
May,2024,AGT-CG,,
May,2024,AGT-CG (non-G),1.43,-0.18
May,2024,Agua Dulce Hub,,
May,2024,ANR-Joliet Hub,,
May,2024,ANR-SE,,
May,2024,ANR-SE-T,1.58,-0.03
May,2024,ANR-SW,1.23,-0.38
May,2024,APC-ACE,,
May,2024,APC-ANR,,
May,2024,APC-MGTC,,
May,2024,APC-NGPL,,
May,2024,APC-Nicor,,
May,2024,APC-VPC,,
May,2024,Arena WTX Pool,,
May,2024,Atmos Zone 3,,
May,2024,Banquete Hub,,
May,2024,Bay Gas Storage,,
May,2024,Bennington,,
May,2024,Beverly Salem,,
May,2024,Bluewater Hub,,
May,2024,Bobcat Inter,,
May,2024,Bobcat Stor,,
May,2024,Carthage,,
May,2024,CG-Mainline,1.42,-0.19
May,2024,CG-Onshore,1.51,-0.1
May,2024,Cheyenne,1.14,-0.47
May,2024,Chicago,1.39,-0.22
May,2024,CIG-Mainline,1.12,-0.49
May,2024,CIG-Mainline Pool,,
May,2024,CIG-Mainline South,,
May,2024,Clarington,,
May,2024,Clarington-Tenn,,
May,2024,Consumers,1.5,-0.11
May,2024,Cove Point,,
May,2024,Dracut,,
May,2024,Eastern Gas-North,,
May,2024,Eastern Gas-South,1.26,-0.35
May,2024,Egan Inter,,
May,2024,Egan Stor,,
May,2024,EGT-Flex,,
May,2024,EGT-North,,
May,2024,EGT-Perryville Hub,1.29,-0.32
May,2024,EGT-South,,
May,2024,EGT-West,,
May,2024,Enable East Pool,,
May,2024,Enable West Pool ,,
May,2024,ENT-STX Map,,
May,2024,EP-Anadarko,,
May,2024,EP-Keystone,,
May,2024,EP-Plains Pool,,
May,2024,EP-S.Mainline,,
May,2024,EP-SJ Blanco Pool,1.07,-0.54
May,2024,EP-SJ Bondad Stn,,
May,2024,EP-Waha Pool,-0.46,-2.07
May,2024,ETC-Cleburne,,
May,2024,ETC-Maypearl,,
May,2024,ETC-Tiger Gas (receipt),,
May,2024,FGT-CG,,
May,2024,FGT-Z1,1.46,-0.15
May,2024,FGT-Z2,1.67,0.06
May,2024,FGT-Z3,1.82,0.21
May,2024,GCX Waha Hub,,
May,2024,Gillis Hub,,
May,2024,GLGT-St.Clair,,
May,2024,Golden Triangle,,
May,2024,GTN-Kingsgate,,
May,2024,GTN-Malin,,
May,2024,GTN-Stanfield,,
May,2024,Guardian Hub,,
May,2024,Gulf S. Pool 16,,
May,2024,Gulf South - Perryville,,
May,2024,Henry,1.61,0.0
May,2024,HPL-ETX Pool,,
May,2024,HSC-HPL Pool,1.35,-0.26
May,2024,HSC-Kinder Morgan,,
May,2024,Iroquois (into),1.35,-0.26
May,2024,Iroquois-Z1,,
May,2024,Iroquois-Z2,1.48,-0.13
May,2024,Iroquois-Z2 Hunts Pt,,
May,2024,Jefferson Island,,
May,2024,Katy-Enstor Pool,1.43,-0.18
May,2024,Katy-Lonestar Inter,,
May,2024,Katy-Lonestar Intra,,
May,2024,Katy-Oasis,,
May,2024,KRGT-Del Pool,1.38,-0.23
May,2024,KRGT-Rec Pool,,
May,2024,Lebanon,1.34,-0.27
May,2024,Leidy,,
May,2024,Leidy-Transco,1.29,-0.32
May,2024,M&N US,,
May,2024,MEP-Lamar,,
May,2024,Michcon,1.43,-0.18
May,2024,Midship (receipt),,
May,2024,Millennium,,
May,2024,Millennium East Pool,1.28,-0.33
May,2024,Millennium-Ramapo,,
May,2024,Moss Bluff Inter,,
May,2024,Moss Bluff Stor,,
May,2024,MS Hub,,
May,2024,NBPL-Bakken (receipt),,
May,2024,NBPL-Harper,,
May,2024,NBPL-Nicor,1.39,-0.22
May,2024,NBPL-Vector,,
May,2024,NBPL-Ventura,1.22,-0.39
May,2024,NBPL-Will County,,
May,2024,NGPL-AM Pool,,
May,2024,NGPL-AM Stor,,
May,2024,NGPL-GC Mainline,,
May,2024,NGPL-IA/IL AM Pool,,
May,2024,NGPL-IA/IL AM Stor,,
May,2024,NGPL-IA/IL GC Pool,,
May,2024,NGPL-IA/IL GC Stor,,
May,2024,NGPL-LA Pool,,
May,2024,NGPL-LA Stor,,
May,2024,NGPL-MidAm,,
May,2024,NGPL-Midcont Pool,1.22,-0.39
May,2024,NGPL-Midcont Stor,,
May,2024,NGPL-Nicor,1.39,-0.22
May,2024,NGPL-Nipsco,1.39,-0.22
May,2024,NGPL-STX,1.3,-0.31
May,2024,NGPL-TXOK East,1.32,-0.29
May,2024,NGPL-TXOK East Stor,1.32,-0.29
May,2024,NGPL-TXOK West,1.32,-0.29
May,2024,NNG-Demarc,1.2,-0.41
May,2024,NNG-Mid 13-16A,,
May,2024,NNG-Mid 1-7,,
May,2024,NNG-Mid 8-12,,
May,2024,NNG-Ventura,1.22,-0.39
May,2024,Nortex-Tolar Hub,,
May,2024,NWP-Rocky Mtn,1.29,-0.32
May,2024,NWP-Sumas,1.1,-0.51
May,2024,NWP-Wyoming,1.29,-0.32
May,2024,Oasis - Waha Pool,,
May,2024,OGT,,
May,2024,ONEOK Westex,1.24,-0.37
May,2024,Opal,,
May,2024,Panhandle,1.2,-0.41
May,2024,PG&E-Citygate,2.36,0.75
May,2024,PG&E-Daggett,,
May,2024,PG&E-KRS,,
May,2024,PG&E-Topock,,
May,2024,PGLC,1.4,-0.21
May,2024,Pine Prairie,1.55,-0.06
May,2024,Pioneer,,
May,2024,PNGTS,,
May,2024,Questar-North,,
May,2024,Questar-South,,
May,2024,REX Cheyenne Comp Pool,,
May,2024,REX E-ANR,,
May,2024,REX E-MidW,,
May,2024,REX E-NGPL,,
May,2024,REX E-PEPL,,
May,2024,REX E-Trunk,,
May,2024,REX W-ANR,,
May,2024,REX W-NGPL,,
May,2024,REX W-NNG,,
May,2024,REX W-PEPL,,
May,2024,REX-Z3 (receipt) ,,
May,2024,REX-Z3 Del Pool,1.32,-0.29
May,2024,Rover (receipt),,
May,2024,Rover-ANR,1.36,-0.25
May,2024,Rover-PEPL,1.36,-0.25
May,2024,Ruby-Onyx Hill,,
May,2024,Ruby-Rec Pool,,
May,2024,Ryckman Creek Stor,,
May,2024,Salt Plains Inter,,
May,2024,Salt Plains Stor,,
May,2024,Socal-Blythe,,
May,2024,Socal-Border,1.3,-0.31
May,2024,Socal-Citygate,1.95,0.34
May,2024,Socal-Ehrenberg,,
May,2024,Socal-Firm Stor,,
May,2024,Socal-IT Stor,,
May,2024,Socal-Kramer,,
May,2024,Socal-KRS,,
May,2024,Socal-Needles,,
May,2024,Socal-Storage,,
May,2024,Socal-Topock (EP),,
May,2024,Socal-Topock (TW),,
May,2024,Socal-WR,,
May,2024,Sonat-Z0 South,1.6,-0.01
May,2024,Sonat-Z1 North,,
May,2024,Southern Pines Hub,,
May,2024,Southern Star,1.21,-0.4
May,2024,Spectra - Hunt,,
May,2024,Stagecoach ,,
May,2024,Stingray,,
May,2024,TCO,1.35,-0.26
May,2024,TCO-A04 Pool,,
May,2024,TCO-A06 Pool,,
May,2024,TCO-A08 Pool,,
May,2024,TCO-Seg Pool,,
May,2024,TETCO-ELA,1.39,-0.22
May,2024,TETCO-ETX,,
May,2024,TETCO-M1 24,,
May,2024,TETCO-M1 30,,
May,2024,TETCO-M2,,
May,2024,TETCO-M2 (receipt),1.24,-0.37
May,2024,TETCO-M3,1.34,-0.27
May,2024,TETCO-Manhattan,,
May,2024,TETCO-STX,1.45,-0.16
May,2024,TETCO-WLA,1.52,-0.09
May,2024,TGP-500L,1.58,-0.03
May,2024,TGP-800L,1.44,-0.17
May,2024,TGP-Mahwah,,
May,2024,TGP-Niagara,,
May,2024,TGP-Z0 Border Pool,1.25,-0.36
May,2024,TGP-Z0 North,1.25,-0.36
May,2024,TGP-Z0 South,1.25,-0.36
May,2024,TGP-Z1 100L,1.36,-0.25
May,2024,TGP-Z1 800L Pool,,
May,2024,TGP-Z1 Sta-87,1.36,-0.25
May,2024,TGP-Z4 300L,1.22,-0.39
May,2024,TGP-Z4 Marcellus,1.22,-0.39
May,2024,TGP-Z4 Sta-219,,
May,2024,TGP-Z4 Sta-313,1.33,-0.28
May,2024,TGP-Z5 200L,1.32,-0.29
May,2024,TGP-Z6 200L,,
May,2024,TGP-Z6 200L North,,
May,2024,TGP-Z6 200L South,,
May,2024,TGP-Z6 300L,,
May,2024,TGT-Mainline,1.42,-0.19
May,2024,TGT-North LA,,
May,2024,TGT-SL,,
May,2024,Transco Zn3,1.6,-0.01
May,2024,Transco-165,,
May,2024,Transco-30,1.33,-0.28
May,2024,Transco-45,1.58,-0.03
May,2024,Transco-65,1.62,0.01
May,2024,Transco-85,1.63,0.02
May,2024,Transco-River Road,,
May,2024,Transco-Z5,1.77,0.16
May,2024,Transco-Z5 North,,
May,2024,Transco-Z5 South,1.77,0.16
May,2024,Transco-Z6 (non-NY north ML),,
May,2024,Transco-Z6 (non-NY north),1.3,-0.31
May,2024,Transco-Z6 (non-NY south),,
May,2024,Transco-Z6 (non-NY),1.3,-0.31
May,2024,Transco-Z6 (NY),1.37,-0.24
May,2024,Transco-Z6 Sta-210,,
May,2024,Tres Palacios (inj),,
May,2024,Tres Palacios (w/d),,
May,2024,Trunkline-ELA,,
May,2024,Trunkline-WLA,,
May,2024,Trunkline-Z1A,1.37,-0.24
May,2024,TW-Blanco,1.15,-0.46
May,2024,TW-Central,,
May,2024,TW-Panhandle,-0.53,-2.14
May,2024,TW-WTX,,
May,2024,Union-Dawn,1.43,-0.18
May,2024,Waha,-0.4,-2.01
May,2024,White River Hub,1.18,-0.43
May,2024,WIC,,
May,2024,0,,
May,2024,0,,
May,2024,0,,
May,2024,0,,
June,2024,AB Pool (inter),,
June,2024,AB Pool (intra),,
June,2024,AGT-CG,,
June,2024,AGT-CG (non-G),1.85,-0.65
June,2024,Agua Dulce Hub,,
June,2024,ANR-Joliet Hub,,
June,2024,ANR-SE,,
June,2024,ANR-SE-T,2.41,-0.09
June,2024,ANR-SW,1.63,-0.87
June,2024,APC-ACE,,
June,2024,APC-ANR,,
June,2024,APC-MGTC,,
June,2024,APC-NGPL,,
June,2024,APC-Nicor,,
June,2024,APC-VPC,,
June,2024,Arena WTX Pool,,
June,2024,Atmos Zone 3,,
June,2024,Banquete Hub,,
June,2024,Bay Gas Storage,,
June,2024,Bennington,,
June,2024,Beverly Salem,,
June,2024,Bluewater Hub,,
June,2024,Bobcat Inter,,
June,2024,Bobcat Stor,,
June,2024,Carthage,,
June,2024,CG-Mainline,2.15,-0.35
June,2024,CG-Onshore,2.33,-0.17
June,2024,Cheyenne,1.43,-1.07
June,2024,Chicago,1.97,-0.53
June,2024,CIG-Mainline,1.36,-1.14
June,2024,CIG-Mainline Pool,,
June,2024,CIG-Mainline South,,
June,2024,Clarington,,
June,2024,Clarington-Tenn,,
June,2024,Consumers,1.97,-0.53
June,2024,Cove Point,,
June,2024,Dracut,,
June,2024,Eastern Gas-North,,
June,2024,Eastern Gas-South,1.48,-1.02
June,2024,Egan Inter,,
June,2024,Egan Stor,,
June,2024,EGT-Flex,,
June,2024,EGT-North,,
June,2024,EGT-Perryville Hub,2.01,-0.49
June,2024,EGT-South,,
June,2024,EGT-West,,
June,2024,Enable East Pool,,
June,2024,Enable West Pool ,,
June,2024,ENT-STX Map,,
June,2024,EP-Anadarko,,
June,2024,EP-Keystone,,
June,2024,EP-Plains Pool,,
June,2024,EP-S.Mainline,,
June,2024,EP-SJ Blanco Pool,1.2,-1.3
June,2024,EP-SJ Bondad Stn,,
June,2024,EP-Waha Pool,0.32,-2.18
June,2024,ETC-Cleburne,,
June,2024,ETC-Maypearl,,
June,2024,ETC-Tiger Gas (receipt),,
June,2024,FGT-CG,,
June,2024,FGT-Z1,,
June,2024,FGT-Z2,2.58,0.08
June,2024,FGT-Z3,4.03,1.53
June,2024,GCX Waha Hub,,
June,2024,Gillis Hub,,
June,2024,GLGT-St.Clair,,
June,2024,Golden Triangle,,
June,2024,GTN-Kingsgate,,
June,2024,GTN-Malin,,
June,2024,GTN-Stanfield,,
June,2024,Guardian Hub,,
June,2024,Gulf S. Pool 16,,
June,2024,Gulf South - Perryville,,
June,2024,Henry,2.5,0.0
June,2024,HPL-ETX Pool,,
June,2024,HSC-HPL Pool,2.21,-0.29
June,2024,HSC-Kinder Morgan,,
June,2024,Iroquois (into),1.92,-0.58
June,2024,Iroquois-Z1,,
June,2024,Iroquois-Z2,1.95,-0.55
June,2024,Iroquois-Z2 Hunts Pt,,
June,2024,Jefferson Island,,
June,2024,Katy-Enstor Pool,2.22,-0.28
June,2024,Katy-Lonestar Inter,,
June,2024,Katy-Lonestar Intra,,
June,2024,Katy-Oasis,,
June,2024,KRGT-Del Pool,1.59,-0.91
June,2024,KRGT-Rec Pool,,
June,2024,Lebanon,1.91,-0.59
June,2024,Leidy,,
June,2024,Leidy-Transco,1.52,-0.98
June,2024,M&N US,,
June,2024,MEP-Lamar,,
June,2024,Michcon,1.92,-0.58
June,2024,Midship (receipt),,
June,2024,Millennium,,
June,2024,Millennium East Pool,1.53,-0.97
June,2024,Millennium-Ramapo,,
June,2024,Moss Bluff Inter,,
June,2024,Moss Bluff Stor,,
June,2024,MS Hub,,
June,2024,NBPL-Bakken (receipt),,
June,2024,NBPL-Harper,,
June,2024,NBPL-Nicor,1.97,-0.53
June,2024,NBPL-Vector,,
June,2024,NBPL-Ventura,1.75,-0.75
June,2024,NBPL-Will County,,
June,2024,NGPL-AM Pool,,
June,2024,NGPL-AM Stor,,
June,2024,NGPL-GC Mainline,,
June,2024,NGPL-IA/IL AM Pool,,
June,2024,NGPL-IA/IL AM Stor,,
June,2024,NGPL-IA/IL GC Pool,,
June,2024,NGPL-IA/IL GC Stor,,
June,2024,NGPL-LA Pool,,
June,2024,NGPL-LA Stor,,
June,2024,NGPL-MidAm,,
June,2024,NGPL-Midcont Pool,1.64,-0.86
June,2024,NGPL-Midcont Stor,,
June,2024,NGPL-Nicor,1.97,-0.53
June,2024,NGPL-Nipsco,1.97,-0.53
June,2024,NGPL-STX,2.07,-0.43
June,2024,NGPL-TXOK East,2.0,-0.5
June,2024,NGPL-TXOK East Stor,2.0,-0.5
June,2024,NGPL-TXOK West,2.0,-0.5
June,2024,NNG-Demarc,1.75,-0.75
June,2024,NNG-Mid 13-16A,,
June,2024,NNG-Mid 1-7,,
June,2024,NNG-Mid 8-12,,
June,2024,NNG-Ventura,1.79,-0.71
June,2024,Nortex-Tolar Hub,,
June,2024,NWP-Rocky Mtn,1.47,-1.03
June,2024,NWP-Sumas,1.13,-1.37
June,2024,NWP-Wyoming,1.47,-1.03
June,2024,Oasis - Waha Pool,,
June,2024,OGT,,
June,2024,ONEOK Westex,1.68,-0.82
June,2024,Opal,,
June,2024,Panhandle,1.64,-0.86
June,2024,PG&E-Citygate,2.14,-0.36
June,2024,PG&E-Daggett,,
June,2024,PG&E-KRS,,
June,2024,PG&E-Topock,,
June,2024,PGLC,1.97,-0.53
June,2024,Pine Prairie,2.39,-0.11
June,2024,Pioneer,,
June,2024,PNGTS,,
June,2024,Questar-North,,
June,2024,Questar-South,,
June,2024,REX Cheyenne Comp Pool,,
June,2024,REX E-ANR,,
June,2024,REX E-MidW,,
June,2024,REX E-NGPL,,
June,2024,REX E-PEPL,,
June,2024,REX E-Trunk,,
June,2024,REX W-ANR,,
June,2024,REX W-NGPL,,
June,2024,REX W-NNG,,
June,2024,REX W-PEPL,,
June,2024,REX-Z3 (receipt) ,,
June,2024,REX-Z3 Del Pool,1.91,-0.59
June,2024,Rover (receipt),,
June,2024,Rover-ANR,1.87,-0.63
June,2024,Rover-PEPL,1.87,-0.63
June,2024,Ruby-Onyx Hill,,
June,2024,Ruby-Rec Pool,,
June,2024,Ryckman Creek Stor,,
June,2024,Salt Plains Inter,,
June,2024,Salt Plains Stor,,
June,2024,Socal-Blythe,,
June,2024,Socal-Border,1.33,-1.17
June,2024,Socal-Citygate,1.72,-0.78
June,2024,Socal-Ehrenberg,,
June,2024,Socal-Firm Stor,,
June,2024,Socal-IT Stor,,
June,2024,Socal-Kramer,,
June,2024,Socal-KRS,,
June,2024,Socal-Needles,,
June,2024,Socal-Storage,,
June,2024,Socal-Topock (EP),,
June,2024,Socal-Topock (TW),,
June,2024,Socal-WR,,
June,2024,Sonat-Z0 South,3.18,0.68
June,2024,Sonat-Z1 North,,
June,2024,Southern Pines Hub,,
June,2024,Southern Star,1.66,-0.84
June,2024,Spectra - Hunt,,
June,2024,Stagecoach ,,
June,2024,Stingray,,
June,2024,TCO,1.71,-0.79
June,2024,TCO-A04 Pool,,
June,2024,TCO-A06 Pool,,
June,2024,TCO-A08 Pool,,
June,2024,TCO-Seg Pool,,
June,2024,TETCO-ELA,2.2,-0.3
June,2024,TETCO-ETX,,
June,2024,TETCO-M1 24,,
June,2024,TETCO-M1 30,,
June,2024,TETCO-M2,,
June,2024,TETCO-M2 (receipt),1.45,-1.05
June,2024,TETCO-M3,1.57,-0.93
June,2024,TETCO-Manhattan,,
June,2024,TETCO-STX,2.29,-0.21
June,2024,TETCO-WLA,2.34,-0.16
June,2024,TGP-500L,2.99,0.49
June,2024,TGP-800L,2.21,-0.29
June,2024,TGP-Mahwah,,
June,2024,TGP-Niagara,,
June,2024,TGP-Z0 Border Pool,2.08,-0.42
June,2024,TGP-Z0 North,2.08,-0.42
June,2024,TGP-Z0 South,2.08,-0.42
June,2024,TGP-Z1 100L,2.02,-0.48
June,2024,TGP-Z1 800L Pool,,
June,2024,TGP-Z1 Sta-87,2.02,-0.48
June,2024,TGP-Z4 300L,1.46,-1.04
June,2024,TGP-Z4 Marcellus,1.46,-1.04
June,2024,TGP-Z4 Sta-219,,
June,2024,TGP-Z4 Sta-313,,
June,2024,TGP-Z5 200L,1.65,-0.85
June,2024,TGP-Z6 200L,,
June,2024,TGP-Z6 200L North,,
June,2024,TGP-Z6 200L South,,
June,2024,TGP-Z6 300L,,
June,2024,TGT-Mainline,2.15,-0.35
June,2024,TGT-North LA,,
June,2024,TGT-SL,2.5,0.0
June,2024,Transco Zn3,3.34,0.84
June,2024,Transco-165,,
June,2024,Transco-30,2.27,-0.23
June,2024,Transco-45,2.41,-0.09
June,2024,Transco-65,3.43,0.93
June,2024,Transco-85,3.67,1.17
June,2024,Transco-River Road,,
June,2024,Transco-Z5,3.88,1.38
June,2024,Transco-Z5 North,,
June,2024,Transco-Z5 South,3.88,1.38
June,2024,Transco-Z6 (non-NY north ML),,
June,2024,Transco-Z6 (non-NY north),1.56,-0.94
June,2024,Transco-Z6 (non-NY south),,
June,2024,Transco-Z6 (non-NY),1.56,-0.94
June,2024,Transco-Z6 (NY),1.62,-0.88
June,2024,Transco-Z6 Sta-210,,
June,2024,Tres Palacios (inj),,
June,2024,Tres Palacios (w/d),,
June,2024,Trunkline-ELA,,
June,2024,Trunkline-WLA,,
June,2024,Trunkline-Z1A,1.91,-0.59
June,2024,TW-Blanco,1.38,-1.12
June,2024,TW-Central,,
June,2024,TW-Panhandle,0.35,-2.15
June,2024,TW-WTX,,
June,2024,Union-Dawn,1.88,-0.62
June,2024,Waha,0.31,-2.19
June,2024,White River Hub,1.41,-1.09
June,2024,WIC,,
June,2024,0,,
June,2024,0,,
June,2024,0,,
June,2024,0,,
July,2024,AB Pool (inter),,
July,2024,AB Pool (intra),,
July,2024,AGT-CG,,
July,2024,AGT-CG (non-G),2.68,0.06
July,2024,Agua Dulce Hub,,
July,2024,ANR-Joliet Hub,,
July,2024,ANR-SE,,
July,2024,ANR-SE-T,2.56,-0.06
July,2024,ANR-SW,2.05,-0.57
July,2024,APC-ACE,,
July,2024,APC-ANR,,
July,2024,APC-MGTC,,
July,2024,APC-NGPL,,
July,2024,APC-Nicor,,
July,2024,APC-VPC,,
July,2024,Arena WTX Pool,,
July,2024,Atmos Zone 3,,
July,2024,Banquete Hub,,
July,2024,Bay Gas Storage,,
July,2024,Bennington,,
July,2024,Beverly Salem,,
July,2024,Bluewater Hub,,
July,2024,Bobcat Inter,,
July,2024,Bobcat Stor,,
July,2024,Carthage,,
July,2024,CG-Mainline,2.32,-0.3
July,2024,CG-Onshore,2.44,-0.18
July,2024,Cheyenne,2.06,-0.56
July,2024,Chicago,2.19,-0.43
July,2024,CIG-Mainline,2.01,-0.61
July,2024,CIG-Mainline Pool,,
July,2024,CIG-Mainline South,,
July,2024,Clarington,,
July,2024,Clarington-Tenn,,
July,2024,Consumers,2.23,-0.39
July,2024,Cove Point,,
July,2024,Dracut,,
July,2024,Eastern Gas-North,,
July,2024,Eastern Gas-South,1.85,-0.77
July,2024,Egan Inter,,
July,2024,Egan Stor,,
July,2024,EGT-Flex,,
July,2024,EGT-North,,
July,2024,EGT-Perryville Hub,2.26,-0.36
July,2024,EGT-South,,
July,2024,EGT-West,,
July,2024,Enable East Pool,,
July,2024,Enable West Pool ,,
July,2024,ENT-STX Map,,
July,2024,EP-Anadarko,,
July,2024,EP-Keystone,,
July,2024,EP-Plains Pool,,
July,2024,EP-S.Mainline,,
July,2024,EP-SJ Blanco Pool,2.32,-0.3
July,2024,EP-SJ Bondad Stn,,
July,2024,EP-Waha Pool,0.56,-2.06
July,2024,ETC-Cleburne,,
July,2024,ETC-Maypearl,,
July,2024,ETC-Tiger Gas (receipt),,
July,2024,FGT-CG,,
July,2024,FGT-Z1,2.46,-0.16
July,2024,FGT-Z2,2.64,0.02
July,2024,FGT-Z3,3.39,0.77
July,2024,GCX Waha Hub,,
July,2024,Gillis Hub,,
July,2024,GLGT-St.Clair,,
July,2024,Golden Triangle,,
July,2024,GTN-Kingsgate,,
July,2024,GTN-Malin,,
July,2024,GTN-Stanfield,,
July,2024,Guardian Hub,,
July,2024,Gulf S. Pool 16,,
July,2024,Gulf South - Perryville,,
July,2024,Henry,2.62,0.0
July,2024,HPL-ETX Pool,,
July,2024,HSC-HPL Pool,2.33,-0.29
July,2024,HSC-Kinder Morgan,,
July,2024,Iroquois (into),2.25,-0.37
July,2024,Iroquois-Z1,,
July,2024,Iroquois-Z2,3.0,0.38
July,2024,Iroquois-Z2 Hunts Pt,,
July,2024,Jefferson Island,,
July,2024,Katy-Enstor Pool,2.39,-0.23
July,2024,Katy-Lonestar Inter,,
July,2024,Katy-Lonestar Intra,,
July,2024,Katy-Oasis,,
July,2024,KRGT-Del Pool,2.72,0.1
July,2024,KRGT-Rec Pool,,
July,2024,Lebanon,2.14,-0.48
July,2024,Leidy,,
July,2024,Leidy-Transco,1.88,-0.74
July,2024,M&N US,,
July,2024,MEP-Lamar,,
July,2024,Michcon,2.16,-0.46
July,2024,Midship (receipt),,
July,2024,Millennium,,
July,2024,Millennium East Pool,1.86,-0.76
July,2024,Millennium-Ramapo,,
July,2024,Moss Bluff Inter,,
July,2024,Moss Bluff Stor,,
July,2024,MS Hub,,
July,2024,NBPL-Bakken (receipt),,
July,2024,NBPL-Harper,,
July,2024,NBPL-Nicor,2.19,-0.43
July,2024,NBPL-Vector,,
July,2024,NBPL-Ventura,2.14,-0.48
July,2024,NBPL-Will County,,
July,2024,NGPL-AM Pool,,
July,2024,NGPL-AM Stor,,
July,2024,NGPL-GC Mainline,,
July,2024,NGPL-IA/IL AM Pool,,
July,2024,NGPL-IA/IL AM Stor,,
July,2024,NGPL-IA/IL GC Pool,,
July,2024,NGPL-IA/IL GC Stor,,
July,2024,NGPL-LA Pool,,
July,2024,NGPL-LA Stor,,
July,2024,NGPL-MidAm,,
July,2024,NGPL-Midcont Pool,2.03,-0.59
July,2024,NGPL-Midcont Stor,,
July,2024,NGPL-Nicor,2.19,-0.43
July,2024,NGPL-Nipsco,2.19,-0.43
July,2024,NGPL-STX,2.27,-0.35
July,2024,NGPL-TXOK East,2.24,-0.38
July,2024,NGPL-TXOK East Stor,2.24,-0.38
July,2024,NGPL-TXOK West,2.24,-0.38
July,2024,NNG-Demarc,2.13,-0.49
July,2024,NNG-Mid 13-16A,,
July,2024,NNG-Mid 1-7,,
July,2024,NNG-Mid 8-12,,
July,2024,NNG-Ventura,2.2,-0.42
July,2024,Nortex-Tolar Hub,,
July,2024,NWP-Rocky Mtn,2.4,-0.22
July,2024,NWP-Sumas,1.93,-0.69
July,2024,NWP-Wyoming,2.4,-0.22
July,2024,Oasis - Waha Pool,,
July,2024,OGT,,
July,2024,ONEOK Westex,2.01,-0.61
July,2024,Opal,,
July,2024,Panhandle,1.99,-0.63
July,2024,PG&E-Citygate,3.04,0.42
July,2024,PG&E-Daggett,,
July,2024,PG&E-KRS,,
July,2024,PG&E-Topock,,
July,2024,PGLC,2.19,-0.43
July,2024,Pine Prairie,2.52,-0.1
July,2024,Pioneer,,
July,2024,PNGTS,,
July,2024,Questar-North,,
July,2024,Questar-South,,
July,2024,REX Cheyenne Comp Pool,,
July,2024,REX E-ANR,,
July,2024,REX E-MidW,,
July,2024,REX E-NGPL,,
July,2024,REX E-PEPL,,
July,2024,REX E-Trunk,,
July,2024,REX W-ANR,,
July,2024,REX W-NGPL,,
July,2024,REX W-NNG,,
July,2024,REX W-PEPL,,
July,2024,REX-Z3 (receipt) ,,
July,2024,REX-Z3 Del Pool,2.14,-0.48
July,2024,Rover (receipt),,
July,2024,Rover-ANR,2.13,-0.49
July,2024,Rover-PEPL,2.13,-0.49
July,2024,Ruby-Onyx Hill,,
July,2024,Ruby-Rec Pool,,
July,2024,Ryckman Creek Stor,,
July,2024,Salt Plains Inter,,
July,2024,Salt Plains Stor,,
July,2024,Socal-Blythe,,
July,2024,Socal-Border,2.56,-0.06
July,2024,Socal-Citygate,3.05,0.43
July,2024,Socal-Ehrenberg,,
July,2024,Socal-Firm Stor,,
July,2024,Socal-IT Stor,,
July,2024,Socal-Kramer,,
July,2024,Socal-KRS,,
July,2024,Socal-Needles,,
July,2024,Socal-Storage,,
July,2024,Socal-Topock (EP),,
July,2024,Socal-Topock (TW),,
July,2024,Socal-WR,,
July,2024,Sonat-Z0 South,2.89,0.27
July,2024,Sonat-Z1 North,,
July,2024,Southern Pines Hub,,
July,2024,Southern Star,1.97,-0.65
July,2024,Spectra - Hunt,,
July,2024,Stagecoach ,,
July,2024,Stingray,,
July,2024,TCO,1.94,-0.68
July,2024,TCO-A04 Pool,,
July,2024,TCO-A06 Pool,,
July,2024,TCO-A08 Pool,,
July,2024,TCO-Seg Pool,,
July,2024,TETCO-ELA,2.36,-0.26
July,2024,TETCO-ETX,,
July,2024,TETCO-M1 24,,
July,2024,TETCO-M1 30,,
July,2024,TETCO-M2,,
July,2024,TETCO-M2 (receipt),1.83,-0.79
July,2024,TETCO-M3,1.97,-0.65
July,2024,TETCO-Manhattan,,
July,2024,TETCO-STX,2.43,-0.19
July,2024,TETCO-WLA,2.5,-0.12
July,2024,TGP-500L,2.81,0.19
July,2024,TGP-800L,2.37,-0.25
July,2024,TGP-Mahwah,,
July,2024,TGP-Niagara,1.91,-0.71
July,2024,TGP-Z0 Border Pool,2.27,-0.35
July,2024,TGP-Z0 North,2.27,-0.35
July,2024,TGP-Z0 South,2.27,-0.35
July,2024,TGP-Z1 100L,2.25,-0.37
July,2024,TGP-Z1 800L Pool,,
July,2024,TGP-Z1 Sta-87,2.25,-0.37
July,2024,TGP-Z4 300L,1.82,-0.8
July,2024,TGP-Z4 Marcellus,1.82,-0.8
July,2024,TGP-Z4 Sta-219,,
July,2024,TGP-Z4 Sta-313,1.88,-0.74
July,2024,TGP-Z5 200L,1.93,-0.69
July,2024,TGP-Z6 200L,,
July,2024,TGP-Z6 200L North,,
July,2024,TGP-Z6 200L South,,
July,2024,TGP-Z6 300L,,
July,2024,TGT-Mainline,2.34,-0.28
July,2024,TGT-North LA,,
July,2024,TGT-SL,,
July,2024,Transco Zn3,2.93,0.31
July,2024,Transco-165,2.19,-0.43
July,2024,Transco-30,2.39,-0.23
July,2024,Transco-45,2.55,-0.07
July,2024,Transco-65,2.99,0.37
July,2024,Transco-85,3.04,0.42
July,2024,Transco-River Road,,
July,2024,Transco-Z5,2.89,0.27
July,2024,Transco-Z5 North,,
July,2024,Transco-Z5 South,3.2,0.58
July,2024,Transco-Z6 (non-NY north ML),,
July,2024,Transco-Z6 (non-NY north),1.92,-0.7
July,2024,Transco-Z6 (non-NY south),,
July,2024,Transco-Z6 (non-NY),1.92,-0.7
July,2024,Transco-Z6 (NY),1.96,-0.66
July,2024,Transco-Z6 Sta-210,,
July,2024,Tres Palacios (inj),,
July,2024,Tres Palacios (w/d),,
July,2024,Trunkline-ELA,,
July,2024,Trunkline-WLA,,
July,2024,Trunkline-Z1A,2.17,-0.45
July,2024,TW-Blanco,2.35,-0.27
July,2024,TW-Central,,
July,2024,TW-Panhandle,0.59,-2.03
July,2024,TW-WTX,,
July,2024,Union-Dawn,2.16,-0.46
July,2024,Waha,0.56,-2.06
July,2024,White River Hub,2.27,-0.35
July,2024,WIC,,
July,2024,0,,
July,2024,0,,
July,2024,0,,
July,2024,0,,
August,2024,AB Pool (inter),,
August,2024,AB Pool (intra),,
August,2024,AGT-CG,,
August,2024,AGT-CG (non-G),1.53,-0.37
August,2024,Agua Dulce Hub,,
August,2024,ANR-Joliet Hub,,
August,2024,ANR-SE,,
August,2024,ANR-SE-T,1.81,-0.09
August,2024,ANR-SW,1.51,-0.39
August,2024,APC-ACE,,
August,2024,APC-ANR,,
August,2024,APC-MGTC,,
August,2024,APC-NGPL,,
August,2024,APC-Nicor,,
August,2024,APC-VPC,,
August,2024,Arena WTX Pool,,
August,2024,Atmos Zone 3,,
August,2024,Banquete Hub,,
August,2024,Bay Gas Storage,,
August,2024,Bennington,,
August,2024,Beverly Salem,,
August,2024,Bluewater Hub,,
August,2024,Bobcat Inter,,
August,2024,Bobcat Stor,,
August,2024,Carthage,,
August,2024,CG-Mainline,1.6,-0.3
August,2024,CG-Onshore,1.7,-0.2
August,2024,Cheyenne,1.6,-0.3
August,2024,Chicago,1.55,-0.35
August,2024,CIG-Mainline,1.56,-0.34
August,2024,CIG-Mainline Pool,,
August,2024,CIG-Mainline South,,
August,2024,Clarington,,
August,2024,Clarington-Tenn,,
August,2024,Consumers,1.51,-0.39
August,2024,Cove Point,,
August,2024,Dracut,,
August,2024,Eastern Gas-North,,
August,2024,Eastern Gas-South,1.19,-0.71
August,2024,Egan Inter,,
August,2024,Egan Stor,,
August,2024,EGT-Flex,,
August,2024,EGT-North,,
August,2024,EGT-Perryville Hub,1.62,-0.28
August,2024,EGT-South,,
August,2024,EGT-West,,
August,2024,Enable East Pool,,
August,2024,Enable West Pool ,,
August,2024,ENT-STX Map,,
August,2024,EP-Anadarko,,
August,2024,EP-Keystone,,
August,2024,EP-Plains Pool,,
August,2024,EP-S.Mainline,,
August,2024,EP-SJ Blanco Pool,2.03,0.13
August,2024,EP-SJ Bondad Stn,,
August,2024,EP-Waha Pool,0.15,-1.75
August,2024,ETC-Cleburne,,
August,2024,ETC-Maypearl,,
August,2024,ETC-Tiger Gas (receipt),,
August,2024,FGT-CG,,
August,2024,FGT-Z1,1.69,-0.21
August,2024,FGT-Z2,1.97,0.07
August,2024,FGT-Z3,2.41,0.51
August,2024,GCX Waha Hub,,
August,2024,Gillis Hub,,
August,2024,GLGT-St.Clair,,
August,2024,Golden Triangle,,
August,2024,GTN-Kingsgate,,
August,2024,GTN-Malin,,
August,2024,GTN-Stanfield,,
August,2024,Guardian Hub,,
August,2024,Gulf S. Pool 16,,
August,2024,Gulf South - Perryville,,
August,2024,Henry,1.9,0.0
August,2024,HPL-ETX Pool,,
August,2024,HSC-HPL Pool,1.57,-0.33
August,2024,HSC-Kinder Morgan,,
August,2024,Iroquois (into),1.53,-0.37
August,2024,Iroquois-Z1,,
August,2024,Iroquois-Z2,1.68,-0.22
August,2024,Iroquois-Z2 Hunts Pt,,
August,2024,Jefferson Island,,
August,2024,Katy-Enstor Pool,1.63,-0.27
August,2024,Katy-Lonestar Inter,,
August,2024,Katy-Lonestar Intra,,
August,2024,Katy-Oasis,,
August,2024,KRGT-Del Pool,2.98,1.08
August,2024,KRGT-Rec Pool,,
August,2024,Lebanon,1.53,-0.37
August,2024,Leidy,,
August,2024,Leidy-Transco,1.21,-0.69
August,2024,M&N US,,
August,2024,MEP-Lamar,,
August,2024,Michcon,1.49,-0.41
August,2024,Midship (receipt),,
August,2024,Millennium,,
August,2024,Millennium East Pool,1.26,-0.64
August,2024,Millennium-Ramapo,,
August,2024,Moss Bluff Inter,,
August,2024,Moss Bluff Stor,,
August,2024,MS Hub,,
August,2024,NBPL-Bakken (receipt),,
August,2024,NBPL-Harper,,
August,2024,NBPL-Nicor,1.55,-0.35
August,2024,NBPL-Vector,,
August,2024,NBPL-Ventura,,
August,2024,NBPL-Will County,,
August,2024,NGPL-AM Pool,,
August,2024,NGPL-AM Stor,,
August,2024,NGPL-GC Mainline,,
August,2024,NGPL-IA/IL AM Pool,,
August,2024,NGPL-IA/IL AM Stor,,
August,2024,NGPL-IA/IL GC Pool,,
August,2024,NGPL-IA/IL GC Stor,,
August,2024,NGPL-LA Pool,,
August,2024,NGPL-LA Stor,,
August,2024,NGPL-MidAm,,
August,2024,NGPL-Midcont Pool,1.49,-0.41
August,2024,NGPL-Midcont Stor,,
August,2024,NGPL-Nicor,1.55,-0.35
August,2024,NGPL-Nipsco,1.55,-0.35
August,2024,NGPL-STX,1.54,-0.36
August,2024,NGPL-TXOK East,1.57,-0.33
August,2024,NGPL-TXOK East Stor,1.57,-0.33
August,2024,NGPL-TXOK West,1.57,-0.33
August,2024,NNG-Demarc,1.65,-0.25
August,2024,NNG-Mid 13-16A,,
August,2024,NNG-Mid 1-7,,
August,2024,NNG-Mid 8-12,,
August,2024,NNG-Ventura,1.57,-0.33
August,2024,Nortex-Tolar Hub,,
August,2024,NWP-Rocky Mtn,1.93,0.03
August,2024,NWP-Sumas,1.8,-0.1
August,2024,NWP-Wyoming,1.93,0.03
August,2024,Oasis - Waha Pool,,
August,2024,OGT,,
August,2024,ONEOK Westex,1.42,-0.48
August,2024,Opal,,
August,2024,Panhandle,1.45,-0.45
August,2024,PG&E-Citygate,4.01,2.11
August,2024,PG&E-Daggett,,
August,2024,PG&E-KRS,,
August,2024,PG&E-Topock,,
August,2024,PGLC,1.55,-0.35
August,2024,Pine Prairie,1.82,-0.08
August,2024,Pioneer,,
August,2024,PNGTS,,
August,2024,Questar-North,,
August,2024,Questar-South,,
August,2024,REX Cheyenne Comp Pool,,
August,2024,REX E-ANR,,
August,2024,REX E-MidW,,
August,2024,REX E-NGPL,,
August,2024,REX E-PEPL,,
August,2024,REX E-Trunk,,
August,2024,REX W-ANR,,
August,2024,REX W-NGPL,,
August,2024,REX W-NNG,,
August,2024,REX W-PEPL,,
August,2024,REX-Z3 (receipt) ,,
August,2024,REX-Z3 Del Pool,1.51,-0.39
August,2024,Rover (receipt),,
August,2024,Rover-ANR,1.49,-0.41
August,2024,Rover-PEPL,1.49,-0.41
August,2024,Ruby-Onyx Hill,,
August,2024,Ruby-Rec Pool,,
August,2024,Ryckman Creek Stor,,
August,2024,Salt Plains Inter,,
August,2024,Salt Plains Stor,,
August,2024,Socal-Blythe,,
August,2024,Socal-Border,2.89,0.99
August,2024,Socal-Citygate,3.19,1.29
August,2024,Socal-Ehrenberg,,
August,2024,Socal-Firm Stor,,
August,2024,Socal-IT Stor,,
August,2024,Socal-Kramer,,
August,2024,Socal-KRS,,
August,2024,Socal-Needles,,
August,2024,Socal-Storage,,
August,2024,Socal-Topock (EP),,
August,2024,Socal-Topock (TW),,
August,2024,Socal-WR,,
August,2024,Sonat-Z0 South,2.01,0.11
August,2024,Sonat-Z1 North,,
August,2024,Southern Pines Hub,,
August,2024,Southern Star,1.46,-0.44
August,2024,Spectra - Hunt,,
August,2024,Stagecoach ,,
August,2024,Stingray,,
August,2024,TCO,1.28,-0.62
August,2024,TCO-A04 Pool,,
August,2024,TCO-A06 Pool,,
August,2024,TCO-A08 Pool,,
August,2024,TCO-Seg Pool,,
August,2024,TETCO-ELA,1.66,-0.24
August,2024,TETCO-ETX,,
August,2024,TETCO-M1 24,,
August,2024,TETCO-M1 30,1.66,-0.24
August,2024,TETCO-M2,,
August,2024,TETCO-M2 (receipt),1.15,-0.75
August,2024,TETCO-M3,1.39,-0.51
August,2024,TETCO-Manhattan,,
August,2024,TETCO-STX,1.65,-0.25
August,2024,TETCO-WLA,1.74,-0.16
August,2024,TGP-500L,1.96,0.06
August,2024,TGP-800L,1.68,-0.22
August,2024,TGP-Mahwah,,
August,2024,TGP-Niagara,,
August,2024,TGP-Z0 Border Pool,1.54,-0.36
August,2024,TGP-Z0 North,1.54,-0.36
August,2024,TGP-Z0 South,1.54,-0.36
August,2024,TGP-Z1 100L,1.54,-0.36
August,2024,TGP-Z1 800L Pool,,
August,2024,TGP-Z1 Sta-87,1.54,-0.36
August,2024,TGP-Z4 300L,1.2,-0.7
August,2024,TGP-Z4 Marcellus,1.2,-0.7
August,2024,TGP-Z4 Sta-219,,
August,2024,TGP-Z4 Sta-313,1.29,-0.61
August,2024,TGP-Z5 200L,1.31,-0.59
August,2024,TGP-Z6 200L,,
August,2024,TGP-Z6 200L North,,
August,2024,TGP-Z6 200L South,,
August,2024,TGP-Z6 300L,,
August,2024,TGT-Mainline,1.64,-0.26
August,2024,TGT-North LA,,
August,2024,TGT-SL,,
August,2024,Transco Zn3,2.1,0.2
August,2024,Transco-165,1.45,-0.45
August,2024,Transco-30,1.63,-0.27
August,2024,Transco-45,1.85,-0.05
August,2024,Transco-65,2.13,0.23
August,2024,Transco-85,2.17,0.27
August,2024,Transco-River Road,,
August,2024,Transco-Z5,2.01,0.11
August,2024,Transco-Z5 North,,
August,2024,Transco-Z5 South,2.34,0.44
August,2024,Transco-Z6 (non-NY north ML),,
August,2024,Transco-Z6 (non-NY north),1.34,-0.56
August,2024,Transco-Z6 (non-NY south),,
August,2024,Transco-Z6 (non-NY),1.34,-0.56
August,2024,Transco-Z6 (NY),1.35,-0.55
August,2024,Transco-Z6 Sta-210,,
August,2024,Tres Palacios (inj),,
August,2024,Tres Palacios (w/d),,
August,2024,Trunkline-ELA,,
August,2024,Trunkline-WLA,,
August,2024,Trunkline-Z1A,1.52,-0.38
August,2024,TW-Blanco,2.01,0.11
August,2024,TW-Central,,
August,2024,TW-Panhandle,0.15,-1.75
August,2024,TW-WTX,,
August,2024,Union-Dawn,1.47,-0.43
August,2024,Waha,0.22,-1.68
August,2024,White River Hub,1.93,0.03
August,2024,WIC,,
August,2024,0,,
August,2024,0,,
August,2024,0,,
August,2024,0,,
September,2024,AB Pool (inter),,
September,2024,AB Pool (intra),,
September,2024,AGT-CG,,
September,2024,AGT-CG (non-G),1.68,-0.26
September,2024,Agua Dulce Hub,,
September,2024,ANR-Joliet Hub,,
September,2024,ANR-SE,,
September,2024,ANR-SE-T,1.87,-0.07
September,2024,ANR-SW,1.47,-0.47
September,2024,APC-ACE,,
September,2024,APC-ANR,,
September,2024,APC-MGTC,,
September,2024,APC-NGPL,,
September,2024,APC-Nicor,,
September,2024,APC-VPC,,
September,2024,Arena WTX Pool,,
September,2024,Atmos Zone 3,,
September,2024,Banquete Hub,,
September,2024,Bay Gas Storage,,
September,2024,Bennington,,
September,2024,Beverly Salem,,
September,2024,Bluewater Hub,,
September,2024,Bobcat Inter,,
September,2024,Bobcat Stor,,
September,2024,Carthage,,
September,2024,CG-Mainline,1.67,-0.27
September,2024,CG-Onshore,1.81,-0.13
September,2024,Cheyenne,1.31,-0.63
September,2024,Chicago,1.53,-0.41
September,2024,CIG-Mainline,1.31,-0.63
September,2024,CIG-Mainline Pool,,
September,2024,CIG-Mainline South,,
September,2024,Clarington,,
September,2024,Clarington-Tenn,,
September,2024,Consumers,1.52,-0.42
September,2024,Cove Point,,
September,2024,Dracut,,
September,2024,Eastern Gas-North,,
September,2024,Eastern Gas-South,1.27,-0.67
September,2024,Egan Inter,,
September,2024,Egan Stor,,
September,2024,EGT-Flex,,
September,2024,EGT-North,,
September,2024,EGT-Perryville Hub,1.63,-0.31
September,2024,EGT-South,,
September,2024,EGT-West,,
September,2024,Enable East Pool,,
September,2024,Enable West Pool ,,
September,2024,ENT-STX Map,,
September,2024,EP-Anadarko,,
September,2024,EP-Keystone,,
September,2024,EP-Plains Pool,,
September,2024,EP-S.Mainline,,
September,2024,EP-SJ Blanco Pool,1.36,-0.58
September,2024,EP-SJ Bondad Stn,,
September,2024,EP-Waha Pool,-1.36,-3.3
September,2024,ETC-Cleburne,,
September,2024,ETC-Maypearl,,
September,2024,ETC-Tiger Gas (receipt),,
September,2024,FGT-CG,,
September,2024,FGT-Z1,1.77,-0.17
September,2024,FGT-Z2,1.93,-0.01
September,2024,FGT-Z3,2.28,0.34
September,2024,GCX Waha Hub,,
September,2024,Gillis Hub,,
September,2024,GLGT-St.Clair,,
September,2024,Golden Triangle,,
September,2024,GTN-Kingsgate,,
September,2024,GTN-Malin,,
September,2024,GTN-Stanfield,,
September,2024,Guardian Hub,,
September,2024,Gulf S. Pool 16,,
September,2024,Gulf South - Perryville,,
September,2024,Henry,1.94,0.0
September,2024,HPL-ETX Pool,,
September,2024,HSC-HPL Pool,1.64,-0.3
September,2024,HSC-Kinder Morgan,,
September,2024,Iroquois (into),1.51,-0.43
September,2024,Iroquois-Z1,,
September,2024,Iroquois-Z2,1.57,-0.37
September,2024,Iroquois-Z2 Hunts Pt,,
September,2024,Jefferson Island,,
September,2024,Katy-Enstor Pool,1.68,-0.26
September,2024,Katy-Lonestar Inter,,
September,2024,Katy-Lonestar Intra,,
September,2024,Katy-Oasis,,
September,2024,KRGT-Del Pool,1.62,-0.32
September,2024,KRGT-Rec Pool,,
September,2024,Lebanon,1.5,-0.44
September,2024,Leidy,,
September,2024,Leidy-Transco,1.3,-0.64
September,2024,M&N US,,
September,2024,MEP-Lamar,,
September,2024,Michcon,1.49,-0.45
September,2024,Midship (receipt),,
September,2024,Millennium,,
September,2024,Millennium East Pool,1.38,-0.56
September,2024,Millennium-Ramapo,,
September,2024,Moss Bluff Inter,,
September,2024,Moss Bluff Stor,,
September,2024,MS Hub,,
September,2024,NBPL-Bakken (receipt),,
September,2024,NBPL-Harper,,
September,2024,NBPL-Nicor,1.53,-0.41
September,2024,NBPL-Vector,,
September,2024,NBPL-Ventura,1.44,-0.5
September,2024,NBPL-Will County,,
September,2024,NGPL-AM Pool,,
September,2024,NGPL-AM Stor,,
September,2024,NGPL-GC Mainline,,
September,2024,NGPL-IA/IL AM Pool,,
September,2024,NGPL-IA/IL AM Stor,,
September,2024,NGPL-IA/IL GC Pool,,
September,2024,NGPL-IA/IL GC Stor,,
September,2024,NGPL-LA Pool,,
September,2024,NGPL-LA Stor,,
September,2024,NGPL-MidAm,,
September,2024,NGPL-Midcont Pool,1.44,-0.5
September,2024,NGPL-Midcont Stor,,
September,2024,NGPL-Nicor,1.53,-0.41
September,2024,NGPL-Nipsco,1.53,-0.41
September,2024,NGPL-STX,1.6,-0.34
September,2024,NGPL-TXOK East,1.56,-0.38
September,2024,NGPL-TXOK East Stor,1.56,-0.38
September,2024,NGPL-TXOK West,1.56,-0.38
September,2024,NNG-Demarc,1.48,-0.46
September,2024,NNG-Mid 13-16A,,
September,2024,NNG-Mid 1-7,,
September,2024,NNG-Mid 8-12,,
September,2024,NNG-Ventura,1.46,-0.48
September,2024,Nortex-Tolar Hub,,
September,2024,NWP-Rocky Mtn,1.42,-0.52
September,2024,NWP-Sumas,1.23,-0.71
September,2024,NWP-Wyoming,1.42,-0.52
September,2024,Oasis - Waha Pool,,
September,2024,OGT,,
September,2024,ONEOK Westex,1.44,-0.5
September,2024,Opal,,
September,2024,Panhandle,1.4,-0.54
September,2024,PG&E-Citygate,2.27,0.33
September,2024,PG&E-Daggett,,
September,2024,PG&E-KRS,,
September,2024,PG&E-Topock,,
September,2024,PGLC,1.55,-0.39
September,2024,Pine Prairie,1.87,-0.07
September,2024,Pioneer,,
September,2024,PNGTS,,
September,2024,Questar-North,,
September,2024,Questar-South,,
September,2024,REX Cheyenne Comp Pool,,
September,2024,REX E-ANR,,
September,2024,REX E-MidW,,
September,2024,REX E-NGPL,,
September,2024,REX E-PEPL,,
September,2024,REX E-Trunk,,
September,2024,REX W-ANR,,
September,2024,REX W-NGPL,,
September,2024,REX W-NNG,,
September,2024,REX W-PEPL,,
September,2024,REX-Z3 (receipt) ,,
September,2024,REX-Z3 Del Pool,1.47,-0.47
September,2024,Rover (receipt),,
September,2024,Rover-ANR,1.47,-0.47
September,2024,Rover-PEPL,,
September,2024,Ruby-Onyx Hill,,
September,2024,Ruby-Rec Pool,,
September,2024,Ryckman Creek Stor,,
September,2024,Salt Plains Inter,,
September,2024,Salt Plains Stor,,
September,2024,Socal-Blythe,,
September,2024,Socal-Border,1.53,-0.41
September,2024,Socal-Citygate,1.81,-0.13
September,2024,Socal-Ehrenberg,,
September,2024,Socal-Firm Stor,,
September,2024,Socal-IT Stor,,
September,2024,Socal-Kramer,,
September,2024,Socal-KRS,,
September,2024,Socal-Needles,,
September,2024,Socal-Storage,,
September,2024,Socal-Topock (EP),,
September,2024,Socal-Topock (TW),,
September,2024,Socal-WR,,
September,2024,Sonat-Z0 South,2.0,0.06
September,2024,Sonat-Z1 North,,
September,2024,Southern Pines Hub,,
September,2024,Southern Star,1.45,-0.49
September,2024,Spectra - Hunt,,
September,2024,Stagecoach ,,
September,2024,Stingray,,
September,2024,TCO,1.39,-0.55
September,2024,TCO-A04 Pool,,
September,2024,TCO-A06 Pool,,
September,2024,TCO-A08 Pool,,
September,2024,TCO-Seg Pool,,
September,2024,TETCO-ELA,1.69,-0.25
September,2024,TETCO-ETX,,
September,2024,TETCO-M1 24,,
September,2024,TETCO-M1 30,,
September,2024,TETCO-M2,,
September,2024,TETCO-M2 (receipt),1.26,-0.68
September,2024,TETCO-M3,1.4,-0.54
September,2024,TETCO-Manhattan,,
September,2024,TETCO-STX,1.67,-0.27
September,2024,TETCO-WLA,1.84,-0.1
September,2024,TGP-500L,1.95,0.01
September,2024,TGP-800L,1.75,-0.19
September,2024,TGP-Mahwah,,
September,2024,TGP-Niagara,,
September,2024,TGP-Z0 Border Pool,1.62,-0.32
September,2024,TGP-Z0 North,1.62,-0.32
September,2024,TGP-Z0 South,1.62,-0.32
September,2024,TGP-Z1 100L,1.59,-0.35
September,2024,TGP-Z1 800L Pool,,
September,2024,TGP-Z1 Sta-87,1.59,-0.35
September,2024,TGP-Z4 300L,1.3,-0.64
September,2024,TGP-Z4 Marcellus,1.3,-0.64
September,2024,TGP-Z4 Sta-219,,
September,2024,TGP-Z4 Sta-313,1.37,-0.57
September,2024,TGP-Z5 200L,1.39,-0.55
September,2024,TGP-Z6 200L,,
September,2024,TGP-Z6 200L North,,
September,2024,TGP-Z6 200L South,,
September,2024,TGP-Z6 300L,,
September,2024,TGT-Mainline,1.69,-0.25
September,2024,TGT-North LA,,
September,2024,TGT-SL,,
September,2024,Transco Zn3,2.03,0.09
September,2024,Transco-165,1.32,-0.62
September,2024,Transco-30,1.66,-0.28
September,2024,Transco-45,1.89,-0.05
September,2024,Transco-65,2.07,0.13
September,2024,Transco-85,2.13,0.19
September,2024,Transco-River Road,,
September,2024,Transco-Z5,1.74,-0.2
September,2024,Transco-Z5 North,,
September,2024,Transco-Z5 South,2.23,0.29
September,2024,Transco-Z6 (non-NY north ML),,
September,2024,Transco-Z6 (non-NY north),1.3,-0.64
September,2024,Transco-Z6 (non-NY south),,
September,2024,Transco-Z6 (non-NY),1.3,-0.64
September,2024,Transco-Z6 (NY),1.33,-0.61
September,2024,Transco-Z6 Sta-210,,
September,2024,Tres Palacios (inj),,
September,2024,Tres Palacios (w/d),,
September,2024,Trunkline-ELA,,
September,2024,Trunkline-WLA,,
September,2024,Trunkline-Z1A,1.51,-0.43
September,2024,TW-Blanco,1.42,-0.52
September,2024,TW-Central,,
September,2024,TW-Panhandle,-1.4,-3.34
September,2024,TW-WTX,,
September,2024,Union-Dawn,1.48,-0.46
September,2024,Waha,-1.03,-2.97
September,2024,White River Hub,1.39,-0.55
September,2024,WIC,,
September,2024,0,,
September,2024,0,,
September,2024,0,,
September,2024,0,,
October,2024,AB Pool (inter),,
October,2024,AB Pool (intra),,
October,2024,AGT-CG,,
October,2024,AGT-CG (non-G),1.94,-0.65
October,2024,Agua Dulce Hub,,
October,2024,ANR-Joliet Hub,,
October,2024,ANR-SE,,
October,2024,ANR-SE-T,2.58,-0.01
October,2024,ANR-SW,2.14,-0.45
October,2024,APC-ACE,,
October,2024,APC-ANR,,
October,2024,APC-MGTC,,
October,2024,APC-NGPL,,
October,2024,APC-Nicor,,
October,2024,APC-VPC,,
October,2024,Arena WTX Pool,,
October,2024,Atmos Zone 3,,
October,2024,Banquete Hub,,
October,2024,Bay Gas Storage,,
October,2024,Bennington,,
October,2024,Beverly Salem,,
October,2024,Bluewater Hub,,
October,2024,Bobcat Inter,,
October,2024,Bobcat Stor,,
October,2024,Carthage,,
October,2024,CG-Mainline,2.34,-0.25
October,2024,CG-Onshore,2.44,-0.15
October,2024,Cheyenne,1.98,-0.61
October,2024,Chicago,2.17,-0.42
October,2024,CIG-Mainline,1.97,-0.62
October,2024,CIG-Mainline Pool,,
October,2024,CIG-Mainline South,,
October,2024,Clarington,,
October,2024,Clarington-Tenn,,
October,2024,Consumers,2.13,-0.46
October,2024,Cove Point,,
October,2024,Dracut,,
October,2024,Eastern Gas-North,,
October,2024,Eastern Gas-South,1.58,-1.01
October,2024,Egan Inter,,
October,2024,Egan Stor,,
October,2024,EGT-Flex,,
October,2024,EGT-North,,
October,2024,EGT-Perryville Hub,2.18,-0.41
October,2024,EGT-South,,
October,2024,EGT-West,,
October,2024,Enable East Pool,,
October,2024,Enable West Pool ,,
October,2024,ENT-STX Map,,
October,2024,EP-Anadarko,,
October,2024,EP-Keystone,,
October,2024,EP-Plains Pool,,
October,2024,EP-S.Mainline,,
October,2024,EP-SJ Blanco Pool,2.0,-0.59
October,2024,EP-SJ Bondad Stn,,
October,2024,EP-Waha Pool,0.71,-1.88
October,2024,ETC-Cleburne,,
October,2024,ETC-Maypearl,,
October,2024,ETC-Tiger Gas (receipt),,
October,2024,FGT-CG,,
October,2024,FGT-Z1,2.5,-0.09
October,2024,FGT-Z2,2.57,-0.02
October,2024,FGT-Z3,2.94,0.35
October,2024,GCX Waha Hub,,
October,2024,Gillis Hub,,
October,2024,GLGT-St.Clair,,
October,2024,Golden Triangle,,
October,2024,GTN-Kingsgate,,
October,2024,GTN-Malin,,
October,2024,GTN-Stanfield,,
October,2024,Guardian Hub,,
October,2024,Gulf S. Pool 16,,
October,2024,Gulf South - Perryville,,
October,2024,Henry,2.59,0.0
October,2024,HPL-ETX Pool,,
October,2024,HSC-HPL Pool,2.27,-0.32
October,2024,HSC-Kinder Morgan,,
October,2024,Iroquois (into),2.04,-0.55
October,2024,Iroquois-Z1,,
October,2024,Iroquois-Z2,2.09,-0.5
October,2024,Iroquois-Z2 Hunts Pt,,
October,2024,Jefferson Island,,
October,2024,Katy-Enstor Pool,2.28,-0.31
October,2024,Katy-Lonestar Inter,,
October,2024,Katy-Lonestar Intra,,
October,2024,Katy-Oasis,,
October,2024,KRGT-Del Pool,2.33,-0.26
October,2024,KRGT-Rec Pool,,
October,2024,Lebanon,2.1,-0.49
October,2024,Leidy,,
October,2024,Leidy-Transco,1.54,-1.05
October,2024,M&N US,,
October,2024,MEP-Lamar,,
October,2024,Michcon,2.11,-0.48
October,2024,Midship (receipt),,
October,2024,Millennium,,
October,2024,Millennium East Pool,1.59,-1.0
October,2024,Millennium-Ramapo,,
October,2024,Moss Bluff Inter,,
October,2024,Moss Bluff Stor,,
October,2024,MS Hub,,
October,2024,NBPL-Bakken (receipt),,
October,2024,NBPL-Harper,,
October,2024,NBPL-Nicor,2.17,-0.42
October,2024,NBPL-Vector,,
October,2024,NBPL-Ventura,,
October,2024,NBPL-Will County,,
October,2024,NGPL-AM Pool,,
October,2024,NGPL-AM Stor,,
October,2024,NGPL-GC Mainline,,
October,2024,NGPL-IA/IL AM Pool,,
October,2024,NGPL-IA/IL AM Stor,,
October,2024,NGPL-IA/IL GC Pool,,
October,2024,NGPL-IA/IL GC Stor,,
October,2024,NGPL-LA Pool,,
October,2024,NGPL-LA Stor,,
October,2024,NGPL-MidAm,,
October,2024,NGPL-Midcont Pool,2.08,-0.51
October,2024,NGPL-Midcont Stor,,
October,2024,NGPL-Nicor,2.17,-0.42
October,2024,NGPL-Nipsco,2.17,-0.42
October,2024,NGPL-STX,2.23,-0.36
October,2024,NGPL-TXOK East,2.2,-0.39
October,2024,NGPL-TXOK East Stor,2.2,-0.39
October,2024,NGPL-TXOK West,2.2,-0.39
October,2024,NNG-Demarc,2.11,-0.48
October,2024,NNG-Mid 13-16A,,
October,2024,NNG-Mid 1-7,,
October,2024,NNG-Mid 8-12,,
October,2024,NNG-Ventura,2.13,-0.46
October,2024,Nortex-Tolar Hub,,
October,2024,NWP-Rocky Mtn,2.15,-0.44
October,2024,NWP-Sumas,2.14,-0.45
October,2024,NWP-Wyoming,2.15,-0.44
October,2024,Oasis - Waha Pool,,
October,2024,OGT,,
October,2024,ONEOK Westex,2.07,-0.52
October,2024,Opal,,
October,2024,Panhandle,2.03,-0.56
October,2024,PG&E-Citygate,3.29,0.7
October,2024,PG&E-Daggett,,
October,2024,PG&E-KRS,,
October,2024,PG&E-Topock,,
October,2024,PGLC,2.17,-0.42
October,2024,Pine Prairie,2.55,-0.04
October,2024,Pioneer,,
October,2024,PNGTS,,
October,2024,Questar-North,,
October,2024,Questar-South,,
October,2024,REX Cheyenne Comp Pool,,
October,2024,REX E-ANR,,
October,2024,REX E-MidW,,
October,2024,REX E-NGPL,,
October,2024,REX E-PEPL,,
October,2024,REX E-Trunk,,
October,2024,REX W-ANR,,
October,2024,REX W-NGPL,,
October,2024,REX W-NNG,,
October,2024,REX W-PEPL,,
October,2024,REX-Z3 (receipt) ,,
October,2024,REX-Z3 Del Pool,2.12,-0.47
October,2024,Rover (receipt),,
October,2024,Rover-ANR,,
October,2024,Rover-PEPL,,
October,2024,Ruby-Onyx Hill,,
October,2024,Ruby-Rec Pool,,
October,2024,Ryckman Creek Stor,,
October,2024,Salt Plains Inter,,
October,2024,Salt Plains Stor,,
October,2024,Socal-Blythe,,
October,2024,Socal-Border,2.17,-0.42
October,2024,Socal-Citygate,2.57,-0.02
October,2024,Socal-Ehrenberg,,
October,2024,Socal-Firm Stor,,
October,2024,Socal-IT Stor,,
October,2024,Socal-Kramer,,
October,2024,Socal-KRS,,
October,2024,Socal-Needles,,
October,2024,Socal-Storage,,
October,2024,Socal-Topock (EP),,
October,2024,Socal-Topock (TW),,
October,2024,Socal-WR,,
October,2024,Sonat-Z0 South,2.68,0.09
October,2024,Sonat-Z1 North,,
October,2024,Southern Pines Hub,,
October,2024,Southern Star,2.05,-0.54
October,2024,Spectra - Hunt,,
October,2024,Stagecoach ,,
October,2024,Stingray,,
October,2024,TCO,1.73,-0.86
October,2024,TCO-A04 Pool,,
October,2024,TCO-A06 Pool,,
October,2024,TCO-A08 Pool,,
October,2024,TCO-Seg Pool,,
October,2024,TETCO-ELA,2.34,-0.25
October,2024,TETCO-ETX,,
October,2024,TETCO-M1 24,,
October,2024,TETCO-M1 30,2.34,-0.25
October,2024,TETCO-M2,,
October,2024,TETCO-M2 (receipt),1.53,-1.06
October,2024,TETCO-M3,1.63,-0.96
October,2024,TETCO-Manhattan,,
October,2024,TETCO-STX,2.47,-0.12
October,2024,TETCO-WLA,2.52,-0.07
October,2024,TGP-500L,2.59,0.0
October,2024,TGP-800L,2.41,-0.18
October,2024,TGP-Mahwah,,
October,2024,TGP-Niagara,,
October,2024,TGP-Z0 Border Pool,2.27,-0.32
October,2024,TGP-Z0 North,2.27,-0.32
October,2024,TGP-Z0 South,2.27,-0.32
October,2024,TGP-Z1 100L,2.24,-0.35
October,2024,TGP-Z1 800L Pool,,
October,2024,TGP-Z1 Sta-87,2.24,-0.35
October,2024,TGP-Z4 300L,1.51,-1.08
October,2024,TGP-Z4 Marcellus,1.51,-1.08
October,2024,TGP-Z4 Sta-219,,
October,2024,TGP-Z4 Sta-313,1.47,-1.12
October,2024,TGP-Z5 200L,1.71,-0.88
October,2024,TGP-Z6 200L,,
October,2024,TGP-Z6 200L North,,
October,2024,TGP-Z6 200L South,,
October,2024,TGP-Z6 300L,,
October,2024,TGT-Mainline,2.38,-0.21
October,2024,TGT-North LA,,
October,2024,TGT-SL,2.59,0.0
October,2024,Transco Zn3,2.62,0.03
October,2024,Transco-165,1.62,-0.97
October,2024,Transco-30,2.29,-0.3
October,2024,Transco-45,2.56,-0.03
October,2024,Transco-65,2.66,0.07
October,2024,Transco-85,2.77,0.18
October,2024,Transco-River Road,,
October,2024,Transco-Z5,2.33,-0.26
October,2024,Transco-Z5 North,,
October,2024,Transco-Z5 South,2.83,0.24
October,2024,Transco-Z6 (non-NY north ML),,
October,2024,Transco-Z6 (non-NY north),1.56,-1.03
October,2024,Transco-Z6 (non-NY south),,
October,2024,Transco-Z6 (non-NY),1.56,-1.03
October,2024,Transco-Z6 (NY),1.59,-1.0
October,2024,Transco-Z6 Sta-210,,
October,2024,Tres Palacios (inj),,
October,2024,Tres Palacios (w/d),,
October,2024,Trunkline-ELA,,
October,2024,Trunkline-WLA,,
October,2024,Trunkline-Z1A,2.17,-0.42
October,2024,TW-Blanco,2.09,-0.5
October,2024,TW-Central,,
October,2024,TW-Panhandle,0.65,-1.94
October,2024,TW-WTX,,
October,2024,Union-Dawn,2.09,-0.5
October,2024,Waha,0.77,-1.82
October,2024,White River Hub,2.05,-0.54
October,2024,WIC,,
October,2024,0,,
October,2024,0,,
October,2024,0,,
October,2024,0,,
November,2024,AB Pool (inter),,
November,2024,AB Pool (intra),,
November,2024,AGT-CG,,
November,2024,AGT-CG (non-G),2.8,0.45
November,2024,Agua Dulce Hub,,
November,2024,ANR-Joliet Hub,,
November,2024,ANR-SE,,
November,2024,ANR-SE-T,2.32,-0.03
November,2024,ANR-SW,2.13,-0.22
November,2024,APC-ACE,,
November,2024,APC-ANR,,
November,2024,APC-MGTC,,
November,2024,APC-NGPL,,
November,2024,APC-Nicor,,
November,2024,APC-VPC,,
November,2024,Arena WTX Pool,,
November,2024,Atmos Zone 3,,
November,2024,Banquete Hub,,
November,2024,Bay Gas Storage,,
November,2024,Bennington,,
November,2024,Beverly Salem,,
November,2024,Bluewater Hub,,
November,2024,Bobcat Inter,,
November,2024,Bobcat Stor,,
November,2024,Carthage,,
November,2024,CG-Mainline,2.17,-0.18
November,2024,CG-Onshore,2.2,-0.15
November,2024,Cheyenne,2.16,-0.19
November,2024,Chicago,2.17,-0.18
November,2024,CIG-Mainline,2.13,-0.22
November,2024,CIG-Mainline Pool,,
November,2024,CIG-Mainline South,,
November,2024,Clarington,,
November,2024,Clarington-Tenn,,
November,2024,Consumers,2.11,-0.24
November,2024,Cove Point,,
November,2024,Dracut,,
November,2024,Eastern Gas-North,,
November,2024,Eastern Gas-South,1.72,-0.63
November,2024,Egan Inter,,
November,2024,Egan Stor,,
November,2024,EGT-Flex,,
November,2024,EGT-North,,
November,2024,EGT-Perryville Hub,2.17,-0.18
November,2024,EGT-South,,
November,2024,EGT-West,,
November,2024,Enable East Pool,,
November,2024,Enable West Pool ,,
November,2024,ENT-STX Map,,
November,2024,EP-Anadarko,,
November,2024,EP-Keystone,,
November,2024,EP-Plains Pool,,
November,2024,EP-S.Mainline,,
November,2024,EP-SJ Blanco Pool,2.51,0.16
November,2024,EP-SJ Bondad Stn,,
November,2024,EP-Waha Pool,-0.68,-3.03
November,2024,ETC-Cleburne,,
November,2024,ETC-Maypearl,,
November,2024,ETC-Tiger Gas (receipt),,
November,2024,FGT-CG,,
November,2024,FGT-Z1,2.33,-0.02
November,2024,FGT-Z2,,
November,2024,FGT-Z3,2.59,0.24
November,2024,GCX Waha Hub,,
November,2024,Gillis Hub,,
November,2024,GLGT-St.Clair,,
November,2024,Golden Triangle,,
November,2024,GTN-Kingsgate,,
November,2024,GTN-Malin,,
November,2024,GTN-Stanfield,,
November,2024,Guardian Hub,,
November,2024,Gulf S. Pool 16,,
November,2024,Gulf South - Perryville,,
November,2024,Henry,2.35,0.0
November,2024,HPL-ETX Pool,,
November,2024,HSC-HPL Pool,1.91,-0.44
November,2024,HSC-Kinder Morgan,,
November,2024,Iroquois (into),2.31,-0.04
November,2024,Iroquois-Z1,,
November,2024,Iroquois-Z2,2.56,0.21
November,2024,Iroquois-Z2 Hunts Pt,,
November,2024,Jefferson Island,,
November,2024,Katy-Enstor Pool,2.03,-0.32
November,2024,Katy-Lonestar Inter,,
November,2024,Katy-Lonestar Intra,,
November,2024,Katy-Oasis,,
November,2024,KRGT-Del Pool,3.24,0.89
November,2024,KRGT-Rec Pool,,
November,2024,Lebanon,2.05,-0.3
November,2024,Leidy,,
November,2024,Leidy-Transco,1.82,-0.53
November,2024,M&N US,,
November,2024,MEP-Lamar,,
November,2024,Michcon,2.1,-0.25
November,2024,Midship (receipt),,
November,2024,Millennium,,
November,2024,Millennium East Pool,1.84,-0.51
November,2024,Millennium-Ramapo,,
November,2024,Moss Bluff Inter,,
November,2024,Moss Bluff Stor,,
November,2024,MS Hub,,
November,2024,NBPL-Bakken (receipt),,
November,2024,NBPL-Harper,,
November,2024,NBPL-Nicor,2.16,-0.19
November,2024,NBPL-Vector,,
November,2024,NBPL-Ventura,2.2,-0.15
November,2024,NBPL-Will County,,
November,2024,NGPL-AM Pool,,
November,2024,NGPL-AM Stor,,
November,2024,NGPL-GC Mainline,,
November,2024,NGPL-IA/IL AM Pool,,
November,2024,NGPL-IA/IL AM Stor,,
November,2024,NGPL-IA/IL GC Pool,,
November,2024,NGPL-IA/IL GC Stor,,
November,2024,NGPL-LA Pool,,
November,2024,NGPL-LA Stor,,
November,2024,NGPL-MidAm,,
November,2024,NGPL-Midcont Pool,2.13,-0.22
November,2024,NGPL-Midcont Stor,,
November,2024,NGPL-Nicor,2.16,-0.19
November,2024,NGPL-Nipsco,2.18,-0.17
November,2024,NGPL-STX,1.81,-0.54
November,2024,NGPL-TXOK East,2.02,-0.33
November,2024,NGPL-TXOK East Stor,2.02,-0.33
November,2024,NGPL-TXOK West,2.02,-0.33
November,2024,NNG-Demarc,2.26,-0.09
November,2024,NNG-Mid 13-16A,,
November,2024,NNG-Mid 1-7,,
November,2024,NNG-Mid 8-12,,
November,2024,NNG-Ventura,2.22,-0.13
November,2024,Nortex-Tolar Hub,,
November,2024,NWP-Rocky Mtn,3.18,0.83
November,2024,NWP-Sumas,3.91,1.56
November,2024,NWP-Wyoming,3.24,0.89
November,2024,Oasis - Waha Pool,,
November,2024,OGT,,
November,2024,ONEOK Westex,2.06,-0.29
November,2024,Opal,,
November,2024,Panhandle,2.07,-0.28
November,2024,PG&E-Citygate,4.45,2.1
November,2024,PG&E-Daggett,,
November,2024,PG&E-KRS,,
November,2024,PG&E-Topock,,
November,2024,PGLC,2.17,-0.18
November,2024,Pine Prairie,2.3,-0.05
November,2024,Pioneer,,
November,2024,PNGTS,,
November,2024,Questar-North,,
November,2024,Questar-South,,
November,2024,REX Cheyenne Comp Pool,,
November,2024,REX E-ANR,,
November,2024,REX E-MidW,,
November,2024,REX E-NGPL,,
November,2024,REX E-PEPL,,
November,2024,REX E-Trunk,,
November,2024,REX W-ANR,,
November,2024,REX W-NGPL,,
November,2024,REX W-NNG,,
November,2024,REX W-PEPL,,
November,2024,REX-Z3 (receipt) ,,
November,2024,REX-Z3 Del Pool,2.09,-0.26
November,2024,Rover (receipt),,
November,2024,Rover-ANR,,
November,2024,Rover-PEPL,,
November,2024,Ruby-Onyx Hill,,
November,2024,Ruby-Rec Pool,,
November,2024,Ryckman Creek Stor,,
November,2024,Salt Plains Inter,,
November,2024,Salt Plains Stor,,
November,2024,Socal-Blythe,,
November,2024,Socal-Border,3.02,0.67
November,2024,Socal-Citygate,3.43,1.08
November,2024,Socal-Ehrenberg,,
November,2024,Socal-Firm Stor,,
November,2024,Socal-IT Stor,,
November,2024,Socal-Kramer,,
November,2024,Socal-KRS,,
November,2024,Socal-Needles,,
November,2024,Socal-Storage,,
November,2024,Socal-Topock (EP),,
November,2024,Socal-Topock (TW),,
November,2024,Socal-WR,,
November,2024,Sonat-Z0 South,2.39,0.04
November,2024,Sonat-Z1 North,,
November,2024,Southern Pines Hub,,
November,2024,Southern Star,2.09,-0.26
November,2024,Spectra - Hunt,,
November,2024,Stagecoach ,,
November,2024,Stingray,,
November,2024,TCO,1.78,-0.57
November,2024,TCO-A04 Pool,,
November,2024,TCO-A06 Pool,,
November,2024,TCO-A08 Pool,,
November,2024,TCO-Seg Pool,,
November,2024,TETCO-ELA,2.15,-0.2
November,2024,TETCO-ETX,,
November,2024,TETCO-M1 24,,
November,2024,TETCO-M1 30,,
November,2024,TETCO-M2,,
November,2024,TETCO-M2 (receipt),1.74,-0.61
November,2024,TETCO-M3,1.89,-0.46
November,2024,TETCO-Manhattan,,
November,2024,TETCO-STX,2.25,-0.1
November,2024,TETCO-WLA,2.25,-0.1
November,2024,TGP-500L,2.3,-0.05
November,2024,TGP-800L,2.2,-0.15
November,2024,TGP-Mahwah,,
November,2024,TGP-Niagara,1.9,-0.45
November,2024,TGP-Z0 Border Pool,1.93,-0.42
November,2024,TGP-Z0 North,1.93,-0.42
November,2024,TGP-Z0 South,1.93,-0.42
November,2024,TGP-Z1 100L,2.07,-0.28
November,2024,TGP-Z1 800L Pool,,
November,2024,TGP-Z1 Sta-87,2.07,-0.28
November,2024,TGP-Z4 300L,1.81,-0.54
November,2024,TGP-Z4 Marcellus,1.81,-0.54
November,2024,TGP-Z4 Sta-219,,
November,2024,TGP-Z4 Sta-313,1.95,-0.4
November,2024,TGP-Z5 200L,1.95,-0.4
November,2024,TGP-Z6 200L,,
November,2024,TGP-Z6 200L North,,
November,2024,TGP-Z6 200L South,,
November,2024,TGP-Z6 300L,,
November,2024,TGT-Mainline,2.17,-0.18
November,2024,TGT-North LA,,
November,2024,TGT-SL,,
November,2024,Transco Zn3,2.39,0.04
November,2024,Transco-165,1.82,-0.53
November,2024,Transco-30,1.97,-0.38
November,2024,Transco-45,1.97,-0.38
November,2024,Transco-65,2.4,0.05
November,2024,Transco-85,2.44,0.09
November,2024,Transco-River Road,,
November,2024,Transco-Z5,2.2,-0.15
November,2024,Transco-Z5 North,,
November,2024,Transco-Z5 South,2.59,0.24
November,2024,Transco-Z6 (non-NY north ML),,
November,2024,Transco-Z6 (non-NY north),1.84,-0.51
November,2024,Transco-Z6 (non-NY south),,
November,2024,Transco-Z6 (non-NY),1.84,-0.51
November,2024,Transco-Z6 (NY),1.95,-0.4
November,2024,Transco-Z6 Sta-210,,
November,2024,Tres Palacios (inj),,
November,2024,Tres Palacios (w/d),,
November,2024,Trunkline-ELA,,
November,2024,Trunkline-WLA,,
November,2024,Trunkline-Z1A,2.15,-0.2
November,2024,TW-Blanco,2.63,0.28
November,2024,TW-Central,,
November,2024,TW-Panhandle,-0.77,-3.12
November,2024,TW-WTX,,
November,2024,Union-Dawn,2.15,-0.2
November,2024,Waha,-0.67,-3.02
November,2024,White River Hub,2.43,0.08
November,2024,WIC,,
November,2024,0,,
November,2024,0,,
November,2024,0,,
November,2024,0,,
December,2024,AB Pool (inter),,
December,2024,AB Pool (intra),,
December,2024,AGT-CG,,
December,2024,AGT-CG (non-G),8.77,5.33
December,2024,Agua Dulce Hub,,
December,2024,ANR-Joliet Hub,,
December,2024,ANR-SE,,
December,2024,ANR-SE-T,3.45,0.01
December,2024,ANR-SW,3.98,0.54
December,2024,APC-ACE,,
December,2024,APC-ANR,,
December,2024,APC-MGTC,,
December,2024,APC-NGPL,,
December,2024,APC-Nicor,,
December,2024,APC-VPC,,
December,2024,Arena WTX Pool,,
December,2024,Atmos Zone 3,,
December,2024,Banquete Hub,,
December,2024,Bay Gas Storage,,
December,2024,Bennington,,
December,2024,Beverly Salem,,
December,2024,Bluewater Hub,,
December,2024,Bobcat Inter,,
December,2024,Bobcat Stor,,
December,2024,Carthage,,
December,2024,CG-Mainline,3.3,-0.14
December,2024,CG-Onshore,3.37,-0.07
December,2024,Cheyenne,3.44,0.0
December,2024,Chicago,3.78,0.34
December,2024,CIG-Mainline,3.39,-0.05
December,2024,CIG-Mainline Pool,,
December,2024,CIG-Mainline South,,
December,2024,Clarington,,
December,2024,Clarington-Tenn,,
December,2024,Consumers,3.12,-0.32
December,2024,Cove Point,,
December,2024,Dracut,,
December,2024,Eastern Gas-North,,
December,2024,Eastern Gas-South,3.02,-0.42
December,2024,Egan Inter,,
December,2024,Egan Stor,,
December,2024,EGT-Flex,,
December,2024,EGT-North,,
December,2024,EGT-Perryville Hub,3.51,0.07
December,2024,EGT-South,,
December,2024,EGT-West,,
December,2024,Enable East Pool,,
December,2024,Enable West Pool ,,
December,2024,ENT-STX Map,,
December,2024,EP-Anadarko,,
December,2024,EP-Keystone,,
December,2024,EP-Plains Pool,,
December,2024,EP-S.Mainline,,
December,2024,EP-SJ Blanco Pool,3.65,0.21
December,2024,EP-SJ Bondad Stn,,
December,2024,EP-Waha Pool,1.88,-1.56
December,2024,ETC-Cleburne,,
December,2024,ETC-Maypearl,,
December,2024,ETC-Tiger Gas (receipt),,
December,2024,FGT-CG,,
December,2024,FGT-Z1,3.45,0.01
December,2024,FGT-Z2,3.45,0.01
December,2024,FGT-Z3,3.81,0.37
December,2024,GCX Waha Hub,,
December,2024,Gillis Hub,,
December,2024,GLGT-St.Clair,,
December,2024,Golden Triangle,,
December,2024,GTN-Kingsgate,,
December,2024,GTN-Malin,,
December,2024,GTN-Stanfield,,
December,2024,Guardian Hub,,
December,2024,Gulf S. Pool 16,,
December,2024,Gulf South - Perryville,,
December,2024,Henry,3.44,0.0
December,2024,HPL-ETX Pool,,
December,2024,HSC-HPL Pool,3.27,-0.17
December,2024,HSC-Kinder Morgan,,
December,2024,Iroquois (into),5.18,1.74
December,2024,Iroquois-Z1,,
December,2024,Iroquois-Z2,8.11,4.67
December,2024,Iroquois-Z2 Hunts Pt,,
December,2024,Jefferson Island,,
December,2024,Katy-Enstor Pool,3.28,-0.16
December,2024,Katy-Lonestar Inter,,
December,2024,Katy-Lonestar Intra,,
December,2024,Katy-Oasis,,
December,2024,KRGT-Del Pool,4.12,0.68
December,2024,KRGT-Rec Pool,,
December,2024,Lebanon,3.31,-0.13
December,2024,Leidy,,
December,2024,Leidy-Transco,3.17,-0.27
December,2024,M&N US,,
December,2024,MEP-Lamar,,
December,2024,Michcon,3.06,-0.38
December,2024,Midship (receipt),,
December,2024,Millennium,,
December,2024,Millennium East Pool,3.24,-0.2
December,2024,Millennium-Ramapo,,
December,2024,Moss Bluff Inter,,
December,2024,Moss Bluff Stor,,
December,2024,MS Hub,,
December,2024,NBPL-Bakken (receipt),,
December,2024,NBPL-Harper,,
December,2024,NBPL-Nicor,3.79,0.35
December,2024,NBPL-Vector,,
December,2024,NBPL-Ventura,4.33,0.89
December,2024,NBPL-Will County,,
December,2024,NGPL-AM Pool,,
December,2024,NGPL-AM Stor,,
December,2024,NGPL-GC Mainline,,
December,2024,NGPL-IA/IL AM Pool,,
December,2024,NGPL-IA/IL AM Stor,,
December,2024,NGPL-IA/IL GC Pool,,
December,2024,NGPL-IA/IL GC Stor,,
December,2024,NGPL-LA Pool,,
December,2024,NGPL-LA Stor,,
December,2024,NGPL-MidAm,,
December,2024,NGPL-Midcont Pool,3.5,0.06
December,2024,NGPL-Midcont Stor,,
December,2024,NGPL-Nicor,3.79,0.35
December,2024,NGPL-Nipsco,3.77,0.33
December,2024,NGPL-STX,3.13,-0.31
December,2024,NGPL-TXOK East,3.2,-0.24
December,2024,NGPL-TXOK East Stor,3.2,-0.24
December,2024,NGPL-TXOK West,3.2,-0.24
December,2024,NNG-Demarc,4.28,0.84
December,2024,NNG-Mid 13-16A,,
December,2024,NNG-Mid 1-7,,
December,2024,NNG-Mid 8-12,,
December,2024,NNG-Ventura,4.38,0.94
December,2024,Nortex-Tolar Hub,,
December,2024,NWP-Rocky Mtn,3.95,0.51
December,2024,NWP-Sumas,4.83,1.39
December,2024,NWP-Wyoming,3.81,0.37
December,2024,Oasis - Waha Pool,,
December,2024,OGT,,
December,2024,ONEOK Westex,3.74,0.3
December,2024,Opal,,
December,2024,Panhandle,3.69,0.25
December,2024,PG&E-Citygate,4.73,1.29
December,2024,PG&E-Daggett,,
December,2024,PG&E-KRS,,
December,2024,PG&E-Topock,,
December,2024,PGLC,3.78,0.34
December,2024,Pine Prairie,3.43,-0.01
December,2024,Pioneer,,
December,2024,PNGTS,,
December,2024,Questar-North,,
December,2024,Questar-South,,
December,2024,REX Cheyenne Comp Pool,,
December,2024,REX E-ANR,,
December,2024,REX E-MidW,,
December,2024,REX E-NGPL,,
December,2024,REX E-PEPL,,
December,2024,REX E-Trunk,,
December,2024,REX W-ANR,,
December,2024,REX W-NGPL,,
December,2024,REX W-NNG,,
December,2024,REX W-PEPL,,
December,2024,REX-Z3 (receipt) ,,
December,2024,REX-Z3 Del Pool,3.54,0.1
December,2024,Rover (receipt),,
December,2024,Rover-ANR,,
December,2024,Rover-PEPL,,
December,2024,Ruby-Onyx Hill,,
December,2024,Ruby-Rec Pool,,
December,2024,Ryckman Creek Stor,,
December,2024,Salt Plains Inter,,
December,2024,Salt Plains Stor,,
December,2024,Socal-Blythe,,
December,2024,Socal-Border,4.04,0.6
December,2024,Socal-Citygate,4.71,1.27
December,2024,Socal-Ehrenberg,,
December,2024,Socal-Firm Stor,,
December,2024,Socal-IT Stor,,
December,2024,Socal-Kramer,,
December,2024,Socal-KRS,,
December,2024,Socal-Needles,,
December,2024,Socal-Storage,,
December,2024,Socal-Topock (EP),,
December,2024,Socal-Topock (TW),,
December,2024,Socal-WR,,
December,2024,Sonat-Z0 South,3.59,0.15
December,2024,Sonat-Z1 North,,
December,2024,Southern Pines Hub,,
December,2024,Southern Star,3.96,0.52
December,2024,Spectra - Hunt,,
December,2024,Stagecoach ,,
December,2024,Stingray,,
December,2024,TCO,3.11,-0.33
December,2024,TCO-A04 Pool,,
December,2024,TCO-A06 Pool,,
December,2024,TCO-A08 Pool,,
December,2024,TCO-Seg Pool,,
December,2024,TETCO-ELA,3.35,-0.09
December,2024,TETCO-ETX,,
December,2024,TETCO-M1 24,,
December,2024,TETCO-M1 30,,
December,2024,TETCO-M2,,
December,2024,TETCO-M2 (receipt),3.11,-0.33
December,2024,TETCO-M3,4.04,0.6
December,2024,TETCO-Manhattan,,
December,2024,TETCO-STX,3.27,-0.17
December,2024,TETCO-WLA,3.4,-0.04
December,2024,TGP-500L,3.55,0.11
December,2024,TGP-800L,3.34,-0.1
December,2024,TGP-Mahwah,,
December,2024,TGP-Niagara,3.25,-0.19
December,2024,TGP-Z0 Border Pool,3.16,-0.28
December,2024,TGP-Z0 North,3.16,-0.28
December,2024,TGP-Z0 South,3.16,-0.28
December,2024,TGP-Z1 100L,3.25,-0.19
December,2024,TGP-Z1 800L Pool,,
December,2024,TGP-Z1 Sta-87,3.25,-0.19
December,2024,TGP-Z4 300L,3.12,-0.32
December,2024,TGP-Z4 Marcellus,3.12,-0.32
December,2024,TGP-Z4 Sta-219,,
December,2024,TGP-Z4 Sta-313,3.16,-0.28
December,2024,TGP-Z5 200L,3.21,-0.23
December,2024,TGP-Z6 200L,,
December,2024,TGP-Z6 200L North,,
December,2024,TGP-Z6 200L South,,
December,2024,TGP-Z6 300L,,
December,2024,TGT-Mainline,3.4,-0.04
December,2024,TGT-North LA,,
December,2024,TGT-SL,,
December,2024,Transco Zn3,3.63,0.19
December,2024,Transco-165,3.67,0.23
December,2024,Transco-30,3.23,-0.21
December,2024,Transco-45,3.43,-0.01
December,2024,Transco-65,3.63,0.19
December,2024,Transco-85,3.72,0.28
December,2024,Transco-River Road,,
December,2024,Transco-Z5,4.1,0.66
December,2024,Transco-Z5 North,,
December,2024,Transco-Z5 South,4.51,1.07
December,2024,Transco-Z6 (non-NY north ML),,
December,2024,Transco-Z6 (non-NY north),3.65,0.21
December,2024,Transco-Z6 (non-NY south),,
December,2024,Transco-Z6 (non-NY),3.65,0.21
December,2024,Transco-Z6 (NY),4.61,1.17
December,2024,Transco-Z6 Sta-210,,
December,2024,Tres Palacios (inj),,
December,2024,Tres Palacios (w/d),,
December,2024,Trunkline-ELA,,
December,2024,Trunkline-WLA,,
December,2024,Trunkline-Z1A,3.39,-0.05
December,2024,TW-Blanco,3.78,0.34
December,2024,TW-Central,,
December,2024,TW-Panhandle,1.85,-1.59
December,2024,TW-WTX,,
December,2024,Union-Dawn,3.25,-0.19
December,2024,Waha,1.95,-1.49
December,2024,White River Hub,3.63,0.19
December,2024,WIC,,
December,2024,0,,
December,2024,0,,
December,2024,0,,
December,2024,0,,
January,2025,AB Pool (inter),,
January,2025,AB Pool (intra),,
January,2025,AGT-CG,,
January,2025,AGT-CG (non-G),15.57,12.07
January,2025,Agua Dulce Hub,,
January,2025,ANR-Joliet Hub,,
January,2025,ANR-SE,,
January,2025,ANR-SE-T,3.52,0.02
January,2025,ANR-SW,4.1,0.6
January,2025,APC-ACE,,
January,2025,APC-ANR,,
January,2025,APC-MGTC,,
January,2025,APC-NGPL,,
January,2025,APC-Nicor,,
January,2025,APC-VPC,,
January,2025,Arena WTX Pool,,
January,2025,Atmos Zone 3,,
January,2025,Banquete Hub,,
January,2025,Bay Gas Storage,,
January,2025,Bennington,,
January,2025,Beverly Salem,,
January,2025,Bluewater Hub,,
January,2025,Bobcat Inter,,
January,2025,Bobcat Stor,,
January,2025,Carthage,,
January,2025,CG-Mainline,3.44,-0.06
January,2025,CG-Onshore,3.45,-0.05
January,2025,Cheyenne,3.95,0.45
January,2025,Chicago,4.25,0.75
January,2025,CIG-Mainline,4.0,0.5
January,2025,CIG-Mainline Pool,,
January,2025,CIG-Mainline South,,
January,2025,Clarington,,
January,2025,Clarington-Tenn,,
January,2025,Consumers,3.23,-0.27
January,2025,Cove Point,,
January,2025,Dracut,,
January,2025,Eastern Gas-North,,
January,2025,Eastern Gas-South,3.04,-0.46
January,2025,Egan Inter,,
January,2025,Egan Stor,,
January,2025,EGT-Flex,,
January,2025,EGT-North,,
January,2025,EGT-Perryville Hub,3.89,0.39
January,2025,EGT-South,,
January,2025,EGT-West,,
January,2025,Enable East Pool,,
January,2025,Enable West Pool ,,
January,2025,ENT-STX Map,,
January,2025,EP-Anadarko,,
January,2025,EP-Keystone,,
January,2025,EP-Plains Pool,,
January,2025,EP-S.Mainline,,
January,2025,EP-SJ Blanco Pool,4.12,0.62
January,2025,EP-SJ Bondad Stn,,
January,2025,EP-Waha Pool,2.89,-0.61
January,2025,ETC-Cleburne,,
January,2025,ETC-Maypearl,,
January,2025,ETC-Tiger Gas (receipt),,
January,2025,FGT-CG,,
January,2025,FGT-Z1,3.56,0.06
January,2025,FGT-Z2,3.6,0.1
January,2025,FGT-Z3,3.79,0.29
January,2025,GCX Waha Hub,,
January,2025,Gillis Hub,,
January,2025,GLGT-St.Clair,,
January,2025,Golden Triangle,,
January,2025,GTN-Kingsgate,,
January,2025,GTN-Malin,,
January,2025,GTN-Stanfield,,
January,2025,Guardian Hub,,
January,2025,Gulf S. Pool 16,,
January,2025,Gulf South - Perryville,,
January,2025,Henry,3.5,0.0
January,2025,HPL-ETX Pool,,
January,2025,HSC-HPL Pool,3.55,0.05
January,2025,HSC-Kinder Morgan,,
January,2025,Iroquois (into),8.13,4.63
January,2025,Iroquois-Z1,,
January,2025,Iroquois-Z2,15.34,11.84
January,2025,Iroquois-Z2 Hunts Pt,,
January,2025,Jefferson Island,,
January,2025,Katy-Enstor Pool,3.43,-0.07
January,2025,Katy-Lonestar Inter,,
January,2025,Katy-Lonestar Intra,,
January,2025,Katy-Oasis,,
January,2025,KRGT-Del Pool,4.69,1.19
January,2025,KRGT-Rec Pool,,
January,2025,Lebanon,3.62,0.12
January,2025,Leidy,,
January,2025,Leidy-Transco,3.2,-0.3
January,2025,M&N US,,
January,2025,MEP-Lamar,,
January,2025,Michcon,2.89,-0.61
January,2025,Midship (receipt),,
January,2025,Millennium,,
January,2025,Millennium East Pool,3.22,-0.28
January,2025,Millennium-Ramapo,,
January,2025,Moss Bluff Inter,,
January,2025,Moss Bluff Stor,,
January,2025,MS Hub,,
January,2025,NBPL-Bakken (receipt),,
January,2025,NBPL-Harper,,
January,2025,NBPL-Nicor,4.23,0.73
January,2025,NBPL-Vector,,
January,2025,NBPL-Ventura,4.29,0.79
January,2025,NBPL-Will County,,
January,2025,NGPL-AM Pool,,
January,2025,NGPL-AM Stor,,
January,2025,NGPL-GC Mainline,,
January,2025,NGPL-IA/IL AM Pool,,
January,2025,NGPL-IA/IL AM Stor,,
January,2025,NGPL-IA/IL GC Pool,,
January,2025,NGPL-IA/IL GC Stor,,
January,2025,NGPL-LA Pool,,
January,2025,NGPL-LA Stor,,
January,2025,NGPL-MidAm,,
January,2025,NGPL-Midcont Pool,3.84,0.34
January,2025,NGPL-Midcont Stor,,
January,2025,NGPL-Nicor,4.23,0.73
January,2025,NGPL-Nipsco,4.26,0.76
January,2025,NGPL-STX,3.23,-0.27
January,2025,NGPL-TXOK East,3.34,-0.16
January,2025,NGPL-TXOK East Stor,3.34,-0.16
January,2025,NGPL-TXOK West,3.34,-0.16
January,2025,NNG-Demarc,4.52,1.02
January,2025,NNG-Mid 13-16A,,
January,2025,NNG-Mid 1-7,,
January,2025,NNG-Mid 8-12,,
January,2025,NNG-Ventura,4.72,1.22
January,2025,Nortex-Tolar Hub,,
January,2025,NWP-Rocky Mtn,4.42,0.92
January,2025,NWP-Sumas,4.3,0.8
January,2025,NWP-Wyoming,4.34,0.84
January,2025,Oasis - Waha Pool,,
January,2025,OGT,,
January,2025,ONEOK Westex,4.12,0.62
January,2025,Opal,,
January,2025,Panhandle,3.94,0.44
January,2025,PG&E-Citygate,4.5,1.0
January,2025,PG&E-Daggett,,
January,2025,PG&E-KRS,,
January,2025,PG&E-Topock,,
January,2025,PGLC,4.28,0.78
January,2025,Pine Prairie,3.51,0.01
January,2025,Pioneer,,
January,2025,PNGTS,,
January,2025,Questar-North,,
January,2025,Questar-South,,
January,2025,REX Cheyenne Comp Pool,,
January,2025,REX E-ANR,,
January,2025,REX E-MidW,,
January,2025,REX E-NGPL,,
January,2025,REX E-PEPL,,
January,2025,REX E-Trunk,,
January,2025,REX W-ANR,,
January,2025,REX W-NGPL,,
January,2025,REX W-NNG,,
January,2025,REX W-PEPL,,
January,2025,REX-Z3 (receipt) ,,
January,2025,REX-Z3 Del Pool,3.77,0.27
January,2025,Rover (receipt),,
January,2025,Rover-ANR,3.55,0.05
January,2025,Rover-PEPL,3.55,0.05
January,2025,Ruby-Onyx Hill,,
January,2025,Ruby-Rec Pool,,
January,2025,Ryckman Creek Stor,,
January,2025,Salt Plains Inter,,
January,2025,Salt Plains Stor,,
January,2025,Socal-Blythe,,
January,2025,Socal-Border,4.18,0.68
January,2025,Socal-Citygate,4.95,1.45
January,2025,Socal-Ehrenberg,,
January,2025,Socal-Firm Stor,,
January,2025,Socal-IT Stor,,
January,2025,Socal-Kramer,,
January,2025,Socal-KRS,,
January,2025,Socal-Needles,,
January,2025,Socal-Storage,,
January,2025,Socal-Topock (EP),,
January,2025,Socal-Topock (TW),,
January,2025,Socal-WR,,
January,2025,Sonat-Z0 South,3.58,0.08
January,2025,Sonat-Z1 North,,
January,2025,Southern Pines Hub,,
January,2025,Southern Star,4.12,0.62
January,2025,Spectra - Hunt,,
January,2025,Stagecoach ,,
January,2025,Stingray,,
January,2025,TCO,3.18,-0.32
January,2025,TCO-A04 Pool,,
January,2025,TCO-A06 Pool,,
January,2025,TCO-A08 Pool,,
January,2025,TCO-Seg Pool,,
January,2025,TETCO-ELA,3.4,-0.1
January,2025,TETCO-ETX,,
January,2025,TETCO-M1 24,,
January,2025,TETCO-M1 30,,
January,2025,TETCO-M2,,
January,2025,TETCO-M2 (receipt),3.13,-0.37
January,2025,TETCO-M3,5.88,2.38
January,2025,TETCO-Manhattan,,
January,2025,TETCO-STX,3.47,-0.03
January,2025,TETCO-WLA,3.44,-0.06
January,2025,TGP-500L,3.59,0.09
January,2025,TGP-800L,3.41,-0.09
January,2025,TGP-Mahwah,,
January,2025,TGP-Niagara,3.66,0.16
January,2025,TGP-Z0 Border Pool,3.33,-0.17
January,2025,TGP-Z0 North,3.33,-0.17
January,2025,TGP-Z0 South,3.33,-0.17
January,2025,TGP-Z1 100L,3.37,-0.13
January,2025,TGP-Z1 800L Pool,,
January,2025,TGP-Z1 Sta-87,3.37,-0.13
January,2025,TGP-Z4 300L,3.06,-0.44
January,2025,TGP-Z4 Marcellus,3.06,-0.44
January,2025,TGP-Z4 Sta-219,,
January,2025,TGP-Z4 Sta-313,3.02,-0.48
January,2025,TGP-Z5 200L,3.25,-0.25
January,2025,TGP-Z6 200L,,
January,2025,TGP-Z6 200L North,,
January,2025,TGP-Z6 200L South,,
January,2025,TGP-Z6 300L,,
January,2025,TGT-Mainline,3.53,0.03
January,2025,TGT-North LA,,
January,2025,TGT-SL,,
January,2025,Transco Zn3,3.61,0.11
January,2025,Transco-165,4.75,1.25
January,2025,Transco-30,3.33,-0.17
January,2025,Transco-45,3.53,0.03
January,2025,Transco-65,3.68,0.18
January,2025,Transco-85,3.82,0.32
January,2025,Transco-River Road,,
January,2025,Transco-Z5,5.15,1.65
January,2025,Transco-Z5 North,,
January,2025,Transco-Z5 South,6.27,2.77
January,2025,Transco-Z6 (non-NY north ML),,
January,2025,Transco-Z6 (non-NY north),4.76,1.26
January,2025,Transco-Z6 (non-NY south),,
January,2025,Transco-Z6 (non-NY),4.76,1.26
January,2025,Transco-Z6 (NY),9.06,5.56
January,2025,Transco-Z6 Sta-210,,
January,2025,Tres Palacios (inj),,
January,2025,Tres Palacios (w/d),,
January,2025,Trunkline-ELA,,
January,2025,Trunkline-WLA,,
January,2025,Trunkline-Z1A,3.53,0.03
January,2025,TW-Blanco,4.44,0.94
January,2025,TW-Central,,
January,2025,TW-Panhandle,2.78,-0.72
January,2025,TW-WTX,,
January,2025,Union-Dawn,3.27,-0.23
January,2025,Waha,2.89,-0.61
January,2025,White River Hub,4.07,0.57
January,2025,WIC,,
January,2025,0,,
January,2025,0,,
January,2025,0,,
January,2025,0,,
February,2025,AB Pool (inter),,
February,2025,AB Pool (intra),,
February,2025,AGT-CG,,
February,2025,AGT-CG (non-G),12.37,8.82
February,2025,Agua Dulce Hub,,
February,2025,ANR-Joliet Hub,,
February,2025,ANR-SE,,
February,2025,ANR-SE-T,3.53,-0.02
February,2025,ANR-SW,3.67,0.12
February,2025,APC-ACE,,
February,2025,APC-ANR,,
February,2025,APC-MGTC,,
February,2025,APC-NGPL,,
February,2025,APC-Nicor,,
February,2025,APC-VPC,,
February,2025,Arena WTX Pool,,
February,2025,Atmos Zone 3,,
February,2025,Banquete Hub,,
February,2025,Bay Gas Storage,,
February,2025,Bennington,,
February,2025,Beverly Salem,,
February,2025,Bluewater Hub,,
February,2025,Bobcat Inter,,
February,2025,Bobcat Stor,,
February,2025,Carthage,,
February,2025,CG-Mainline,3.4,-0.15
February,2025,CG-Onshore,3.47,-0.08
February,2025,Cheyenne,3.83,0.28
February,2025,Chicago,3.89,0.34
February,2025,CIG-Mainline,3.76,0.21
February,2025,CIG-Mainline Pool,,
February,2025,CIG-Mainline South,,
February,2025,Clarington,,
February,2025,Clarington-Tenn,,
February,2025,Consumers,3.52,-0.03
February,2025,Cove Point,,
February,2025,Dracut,,
February,2025,Eastern Gas-North,,
February,2025,Eastern Gas-South,3.1,-0.45
February,2025,Egan Inter,,
February,2025,Egan Stor,,
February,2025,EGT-Flex,,
February,2025,EGT-North,,
February,2025,EGT-Perryville Hub,3.59,0.04
February,2025,EGT-South,,
February,2025,EGT-West,,
February,2025,Enable East Pool,,
February,2025,Enable West Pool ,,
February,2025,ENT-STX Map,,
February,2025,EP-Anadarko,,
February,2025,EP-Keystone,,
February,2025,EP-Plains Pool,,
February,2025,EP-S.Mainline,,
February,2025,EP-SJ Blanco Pool,3.62,0.07
February,2025,EP-SJ Bondad Stn,,
February,2025,EP-Waha Pool,2.48,-1.07
February,2025,ETC-Cleburne,,
February,2025,ETC-Maypearl,,
February,2025,ETC-Tiger Gas (receipt),,
February,2025,FGT-CG,,
February,2025,FGT-Z1,3.48,-0.07
February,2025,FGT-Z2,3.59,0.04
February,2025,FGT-Z3,3.98,0.43
February,2025,GCX Waha Hub,,
February,2025,Gillis Hub,,
February,2025,GLGT-St.Clair,,
February,2025,Golden Triangle,,
February,2025,GTN-Kingsgate,,
February,2025,GTN-Malin,,
February,2025,GTN-Stanfield,,
February,2025,Guardian Hub,,
February,2025,Gulf S. Pool 16,,
February,2025,Gulf South - Perryville,,
February,2025,Henry,3.55,0.0
February,2025,HPL-ETX Pool,,
February,2025,HSC-HPL Pool,3.28,-0.27
February,2025,HSC-Kinder Morgan,,
February,2025,Iroquois (into),7.42,3.87
February,2025,Iroquois-Z1,,
February,2025,Iroquois-Z2,10.35,6.8
February,2025,Iroquois-Z2 Hunts Pt,,
February,2025,Jefferson Island,,
February,2025,Katy-Enstor Pool,3.23,-0.32
February,2025,Katy-Lonestar Inter,,
February,2025,Katy-Lonestar Intra,,
February,2025,Katy-Oasis,,
February,2025,KRGT-Del Pool,,
February,2025,KRGT-Rec Pool,,
February,2025,Lebanon,3.5,-0.05
February,2025,Leidy,,
February,2025,Leidy-Transco,3.25,-0.3
February,2025,M&N US,,
February,2025,MEP-Lamar,,
February,2025,Michcon,3.23,-0.32
February,2025,Midship (receipt),,
February,2025,Millennium,,
February,2025,Millennium East Pool,3.29,-0.26
February,2025,Millennium-Ramapo,,
February,2025,Moss Bluff Inter,,
February,2025,Moss Bluff Stor,,
February,2025,MS Hub,,
February,2025,NBPL-Bakken (receipt),,
February,2025,NBPL-Harper,,
February,2025,NBPL-Nicor,3.89,0.34
February,2025,NBPL-Vector,,
February,2025,NBPL-Ventura,,
February,2025,NBPL-Will County,,
February,2025,NGPL-AM Pool,,
February,2025,NGPL-AM Stor,,
February,2025,NGPL-GC Mainline,,
February,2025,NGPL-IA/IL AM Pool,,
February,2025,NGPL-IA/IL AM Stor,,
February,2025,NGPL-IA/IL GC Pool,,
February,2025,NGPL-IA/IL GC Stor,,
February,2025,NGPL-LA Pool,,
February,2025,NGPL-LA Stor,,
February,2025,NGPL-MidAm,,
February,2025,NGPL-Midcont Pool,3.46,-0.09
February,2025,NGPL-Midcont Stor,,
February,2025,NGPL-Nicor,3.89,0.34
February,2025,NGPL-Nipsco,3.89,0.34
February,2025,NGPL-STX,3.18,-0.37
February,2025,NGPL-TXOK East,3.17,-0.38
February,2025,NGPL-TXOK East Stor,3.17,-0.38
February,2025,NGPL-TXOK West,3.17,-0.38
February,2025,NNG-Demarc,4.1,0.55
February,2025,NNG-Mid 13-16A,,
February,2025,NNG-Mid 1-7,,
February,2025,NNG-Mid 8-12,,
February,2025,NNG-Ventura,4.27,0.72
February,2025,Nortex-Tolar Hub,,
February,2025,NWP-Rocky Mtn,3.85,0.3
February,2025,NWP-Sumas,3.65,0.1
February,2025,NWP-Wyoming,3.75,0.2
February,2025,Oasis - Waha Pool,,
February,2025,OGT,,
February,2025,ONEOK Westex,3.78,0.23
February,2025,Opal,,
February,2025,Panhandle,3.57,0.02
February,2025,PG&E-Citygate,3.81,0.26
February,2025,PG&E-Daggett,,
February,2025,PG&E-KRS,,
February,2025,PG&E-Topock,,
February,2025,PGLC,3.92,0.37
February,2025,Pine Prairie,3.53,-0.02
February,2025,Pioneer,,
February,2025,PNGTS,,
February,2025,Questar-North,,
February,2025,Questar-South,,
February,2025,REX Cheyenne Comp Pool,,
February,2025,REX E-ANR,,
February,2025,REX E-MidW,,
February,2025,REX E-NGPL,,
February,2025,REX E-PEPL,,
February,2025,REX E-Trunk,,
February,2025,REX W-ANR,,
February,2025,REX W-NGPL,,
February,2025,REX W-NNG,,
February,2025,REX W-PEPL,,
February,2025,REX-Z3 (receipt) ,,
February,2025,REX-Z3 Del Pool,3.58,0.03
February,2025,Rover (receipt),,
February,2025,Rover-ANR,3.48,-0.07
February,2025,Rover-PEPL,3.48,-0.07
February,2025,Ruby-Onyx Hill,,
February,2025,Ruby-Rec Pool,,
February,2025,Ryckman Creek Stor,,
February,2025,Salt Plains Inter,,
February,2025,Salt Plains Stor,,
February,2025,Socal-Blythe,,
February,2025,Socal-Border,3.74,0.19
February,2025,Socal-Citygate,4.44,0.89
February,2025,Socal-Ehrenberg,,
February,2025,Socal-Firm Stor,,
February,2025,Socal-IT Stor,,
February,2025,Socal-Kramer,,
February,2025,Socal-KRS,,
February,2025,Socal-Needles,,
February,2025,Socal-Storage,,
February,2025,Socal-Topock (EP),,
February,2025,Socal-Topock (TW),,
February,2025,Socal-WR,,
February,2025,Sonat-Z0 South,3.7,0.15
February,2025,Sonat-Z1 North,,
February,2025,Southern Pines Hub,,
February,2025,Southern Star,3.88,0.33
February,2025,Spectra - Hunt,,
February,2025,Stagecoach ,,
February,2025,Stingray,,
February,2025,TCO,3.3,-0.25
February,2025,TCO-A04 Pool,,
February,2025,TCO-A06 Pool,,
February,2025,TCO-A08 Pool,,
February,2025,TCO-Seg Pool,,
February,2025,TETCO-ELA,3.45,-0.1
February,2025,TETCO-ETX,,
February,2025,TETCO-M1 24,,
February,2025,TETCO-M1 30,,
February,2025,TETCO-M2,,
February,2025,TETCO-M2 (receipt),3.18,-0.37
February,2025,TETCO-M3,4.5,0.95
February,2025,TETCO-Manhattan,,
February,2025,TETCO-STX,3.42,-0.13
February,2025,TETCO-WLA,3.48,-0.07
February,2025,TGP-500L,3.73,0.18
February,2025,TGP-800L,3.46,-0.09
February,2025,TGP-Mahwah,,
February,2025,TGP-Niagara,3.37,-0.18
February,2025,TGP-Z0 Border Pool,3.16,-0.39
February,2025,TGP-Z0 North,3.16,-0.39
February,2025,TGP-Z0 South,3.16,-0.39
February,2025,TGP-Z1 100L,3.37,-0.18
February,2025,TGP-Z1 800L Pool,,
February,2025,TGP-Z1 Sta-87,3.37,-0.18
February,2025,TGP-Z4 300L,3.18,-0.37
February,2025,TGP-Z4 Marcellus,3.18,-0.37
February,2025,TGP-Z4 Sta-219,,
February,2025,TGP-Z4 Sta-313,3.22,-0.33
February,2025,TGP-Z5 200L,3.26,-0.29
February,2025,TGP-Z6 200L,,
February,2025,TGP-Z6 200L North,,
February,2025,TGP-Z6 200L South,,
February,2025,TGP-Z6 300L,,
February,2025,TGT-Mainline,3.45,-0.1
February,2025,TGT-North LA,,
February,2025,TGT-SL,,
February,2025,Transco Zn3,3.66,0.11
February,2025,Transco-165,3.98,0.43
February,2025,Transco-30,3.27,-0.28
February,2025,Transco-45,3.49,-0.06
February,2025,Transco-65,3.73,0.18
February,2025,Transco-85,3.91,0.36
February,2025,Transco-River Road,,
February,2025,Transco-Z5,4.33,0.78
February,2025,Transco-Z5 North,,
February,2025,Transco-Z5 South,4.71,1.16
February,2025,Transco-Z6 (non-NY north ML),,
February,2025,Transco-Z6 (non-NY north),3.98,0.43
February,2025,Transco-Z6 (non-NY south),,
February,2025,Transco-Z6 (non-NY),,
February,2025,Transco-Z6 (NY),4.71,1.16
February,2025,Transco-Z6 Sta-210,,
February,2025,Tres Palacios (inj),,
February,2025,Tres Palacios (w/d),,
February,2025,Trunkline-ELA,,
February,2025,Trunkline-WLA,,
February,2025,Trunkline-Z1A,3.45,-0.1
February,2025,TW-Blanco,3.79,0.24
February,2025,TW-Central,,
February,2025,TW-Panhandle,2.47,-1.08
February,2025,TW-WTX,,
February,2025,Union-Dawn,3.4,-0.15
February,2025,Waha,2.46,-1.09
February,2025,White River Hub,3.79,0.24
February,2025,WIC,,
February,2025,0,,
February,2025,0,,
February,2025,0,,
February,2025,0,,
March,2025,AB Pool (inter),,
March,2025,AB Pool (intra),,
March,2025,AGT-CG,,
March,2025,AGT-CG (non-G),6.69,2.78
March,2025,Agua Dulce Hub,,
March,2025,ANR-Joliet Hub,,
March,2025,ANR-SE,,
March,2025,ANR-SE-T,3.92,0.01
March,2025,ANR-SW,3.42,-0.49
March,2025,APC-ACE,,
March,2025,APC-ANR,,
March,2025,APC-MGTC,,
March,2025,APC-NGPL,,
March,2025,APC-Nicor,,
March,2025,APC-VPC,,
March,2025,Arena WTX Pool,,
March,2025,Atmos Zone 3,,
March,2025,Banquete Hub,,
March,2025,Bay Gas Storage,,
March,2025,Bennington,,
March,2025,Beverly Salem,,
March,2025,Bluewater Hub,,
March,2025,Bobcat Inter,,
March,2025,Bobcat Stor,,
March,2025,Carthage,,
March,2025,CG-Mainline,3.7,-0.21
March,2025,CG-Onshore,3.83,-0.08
March,2025,Cheyenne,3.36,-0.55
March,2025,Chicago,3.62,-0.29
March,2025,CIG-Mainline,3.35,-0.56
March,2025,CIG-Mainline Pool,,
March,2025,CIG-Mainline South,,
March,2025,Clarington,,
March,2025,Clarington-Tenn,,
March,2025,Consumers,3.79,-0.12
March,2025,Cove Point,,
March,2025,Dracut,,
March,2025,Eastern Gas-North,,
March,2025,Eastern Gas-South,3.5,-0.41
March,2025,Egan Inter,,
March,2025,Egan Stor,,
March,2025,EGT-Flex,,
March,2025,EGT-North,,
March,2025,EGT-Perryville Hub,3.44,-0.47
March,2025,EGT-South,,
March,2025,EGT-West,,
March,2025,Enable East Pool,,
March,2025,Enable West Pool ,,
March,2025,ENT-STX Map,,
March,2025,EP-Anadarko,,
March,2025,EP-Keystone,,
March,2025,EP-Plains Pool,,
March,2025,EP-S.Mainline,,
March,2025,EP-SJ Blanco Pool,3.17,-0.74
March,2025,EP-SJ Bondad Stn,,
March,2025,EP-Waha Pool,0.87,-3.04
March,2025,ETC-Cleburne,,
March,2025,ETC-Maypearl,,
March,2025,ETC-Tiger Gas (receipt),,
March,2025,FGT-CG,,
March,2025,FGT-Z1,3.75,-0.16
March,2025,FGT-Z2,3.93,0.02
March,2025,FGT-Z3,4.28,0.37
March,2025,GCX Waha Hub,,
March,2025,Gillis Hub,,
March,2025,GLGT-St.Clair,,
March,2025,Golden Triangle,,
March,2025,GTN-Kingsgate,,
March,2025,GTN-Malin,,
March,2025,GTN-Stanfield,,
March,2025,Guardian Hub,,
March,2025,Gulf S. Pool 16,,
March,2025,Gulf South - Perryville,,
March,2025,Henry,3.91,0.0
March,2025,HPL-ETX Pool,,
March,2025,HSC-HPL Pool,3.15,-0.76
March,2025,HSC-Kinder Morgan,,
March,2025,Iroquois (into),5.02,1.11
March,2025,Iroquois-Z1,,
March,2025,Iroquois-Z2,5.94,2.03
March,2025,Iroquois-Z2 Hunts Pt,,
March,2025,Jefferson Island,,
March,2025,Katy-Enstor Pool,3.29,-0.62
March,2025,Katy-Lonestar Inter,,
March,2025,Katy-Lonestar Intra,,
March,2025,Katy-Oasis,,
March,2025,KRGT-Del Pool,3.47,-0.44
March,2025,KRGT-Rec Pool,,
March,2025,Lebanon,3.6,-0.31
March,2025,Leidy,,
March,2025,Leidy-Transco,3.49,-0.42
March,2025,M&N US,,
March,2025,MEP-Lamar,,
March,2025,Michcon,3.71,-0.2
March,2025,Midship (receipt),,
March,2025,Millennium,,
March,2025,Millennium East Pool,3.6,-0.31
March,2025,Millennium-Ramapo,,
March,2025,Moss Bluff Inter,,
March,2025,Moss Bluff Stor,,
March,2025,MS Hub,,
March,2025,NBPL-Bakken (receipt),,
March,2025,NBPL-Harper,,
March,2025,NBPL-Nicor,3.62,-0.29
March,2025,NBPL-Vector,,
March,2025,NBPL-Ventura,3.52,-0.39
March,2025,NBPL-Will County,,
March,2025,NGPL-AM Pool,,
March,2025,NGPL-AM Stor,,
March,2025,NGPL-GC Mainline,,
March,2025,NGPL-IA/IL AM Pool,,
March,2025,NGPL-IA/IL AM Stor,,
March,2025,NGPL-IA/IL GC Pool,,
March,2025,NGPL-IA/IL GC Stor,,
March,2025,NGPL-LA Pool,,
March,2025,NGPL-LA Stor,,
March,2025,NGPL-MidAm,,
March,2025,NGPL-Midcont Pool,3.42,-0.49
March,2025,NGPL-Midcont Stor,,
March,2025,NGPL-Nicor,3.62,-0.29
March,2025,NGPL-Nipsco,3.62,-0.29
March,2025,NGPL-STX,3.24,-0.67
March,2025,NGPL-TXOK East,3.37,-0.54
March,2025,NGPL-TXOK East Stor,3.37,-0.54
March,2025,NGPL-TXOK West,3.37,-0.54
March,2025,NNG-Demarc,3.49,-0.42
March,2025,NNG-Mid 13-16A,,
March,2025,NNG-Mid 1-7,,
March,2025,NNG-Mid 8-12,,
March,2025,NNG-Ventura,3.54,-0.37
March,2025,Nortex-Tolar Hub,,
March,2025,NWP-Rocky Mtn,3.36,-0.55
March,2025,NWP-Sumas,1.89,-2.02
March,2025,NWP-Wyoming,,
March,2025,Oasis - Waha Pool,,
March,2025,OGT,,
March,2025,ONEOK Westex,3.34,-0.57
March,2025,Opal,,
March,2025,Panhandle,3.35,-0.56
March,2025,PG&E-Citygate,3.77,-0.14
March,2025,PG&E-Daggett,,
March,2025,PG&E-KRS,,
March,2025,PG&E-Topock,,
March,2025,PGLC,3.81,-0.1
March,2025,Pine Prairie,3.89,-0.02
March,2025,Pioneer,,
March,2025,PNGTS,,
March,2025,Questar-North,,
March,2025,Questar-South,,
March,2025,REX Cheyenne Comp Pool,,
March,2025,REX E-ANR,,
March,2025,REX E-MidW,,
March,2025,REX E-NGPL,,
March,2025,REX E-PEPL,,
March,2025,REX E-Trunk,,
March,2025,REX W-ANR,,
March,2025,REX W-NGPL,,
March,2025,REX W-NNG,,
March,2025,REX W-PEPL,,
March,2025,REX-Z3 (receipt) ,,
March,2025,REX-Z3 Del Pool,3.59,-0.32
March,2025,Rover (receipt),,
March,2025,Rover-ANR,3.62,-0.29
March,2025,Rover-PEPL,3.62,-0.29
March,2025,Ruby-Onyx Hill,,
March,2025,Ruby-Rec Pool,,
March,2025,Ryckman Creek Stor,,
March,2025,Salt Plains Inter,,
March,2025,Salt Plains Stor,,
March,2025,Socal-Blythe,,
March,2025,Socal-Border,3.26,-0.65
March,2025,Socal-Citygate,4.09,0.18
March,2025,Socal-Ehrenberg,,
March,2025,Socal-Firm Stor,,
March,2025,Socal-IT Stor,,
March,2025,Socal-Kramer,,
March,2025,Socal-KRS,,
March,2025,Socal-Needles,,
March,2025,Socal-Storage,,
March,2025,Socal-Topock (EP),,
March,2025,Socal-Topock (TW),,
March,2025,Socal-WR,,
March,2025,Sonat-Z0 South,4.03,0.12
March,2025,Sonat-Z1 North,,
March,2025,Southern Pines Hub,,
March,2025,Southern Star,3.42,-0.49
March,2025,Spectra - Hunt,,
March,2025,Stagecoach ,,
March,2025,Stingray,,
March,2025,TCO,3.51,-0.4
March,2025,TCO-A04 Pool,,
March,2025,TCO-A06 Pool,,
March,2025,TCO-A08 Pool,,
March,2025,TCO-Seg Pool,,
March,2025,TETCO-ELA,3.76,-0.15
March,2025,TETCO-ETX,,
March,2025,TETCO-M1 24,,
March,2025,TETCO-M1 30,,
March,2025,TETCO-M2,,
March,2025,TETCO-M2 (receipt),3.48,-0.43
March,2025,TETCO-M3,3.69,-0.22
March,2025,TETCO-Manhattan,,
March,2025,TETCO-STX,3.66,-0.25
March,2025,TETCO-WLA,3.89,-0.02
March,2025,TGP-500L,4.1,0.19
March,2025,TGP-800L,3.8,-0.11
March,2025,TGP-Mahwah,,
March,2025,TGP-Niagara,3.86,-0.05
March,2025,TGP-Z0 Border Pool,3.25,-0.66
March,2025,TGP-Z0 North,3.25,-0.66
March,2025,TGP-Z0 South,3.25,-0.66
March,2025,TGP-Z1 100L,3.61,-0.3
March,2025,TGP-Z1 800L Pool,,
March,2025,TGP-Z1 Sta-87,3.61,-0.3
March,2025,TGP-Z4 300L,3.48,-0.43
March,2025,TGP-Z4 Marcellus,3.48,-0.43
March,2025,TGP-Z4 Sta-219,,
March,2025,TGP-Z4 Sta-313,3.56,-0.35
March,2025,TGP-Z5 200L,3.59,-0.32
March,2025,TGP-Z6 200L,,
March,2025,TGP-Z6 200L North,,
March,2025,TGP-Z6 200L South,,
March,2025,TGP-Z6 300L,,
March,2025,TGT-Mainline,3.7,-0.21
March,2025,TGT-North LA,,
March,2025,TGT-SL,,
March,2025,Transco Zn3,3.94,0.03
March,2025,Transco-165,3.6,-0.31
March,2025,Transco-30,3.38,-0.53
March,2025,Transco-45,3.85,-0.06
March,2025,Transco-65,4.0,0.09
March,2025,Transco-85,4.11,0.2
March,2025,Transco-River Road,,
March,2025,Transco-Z5,3.92,0.01
March,2025,Transco-Z5 North,,
March,2025,Transco-Z5 South,4.23,0.32
March,2025,Transco-Z6 (non-NY north ML),,
March,2025,Transco-Z6 (non-NY north),3.62,-0.29
March,2025,Transco-Z6 (non-NY south),,
March,2025,Transco-Z6 (non-NY),3.62,-0.29
March,2025,Transco-Z6 (NY),3.97,0.06
March,2025,Transco-Z6 Sta-210,,
March,2025,Tres Palacios (inj),,
March,2025,Tres Palacios (w/d),,
March,2025,Trunkline-ELA,,
March,2025,Trunkline-WLA,,
March,2025,Trunkline-Z1A,3.69,-0.22
March,2025,TW-Blanco,3.25,-0.66
March,2025,TW-Central,,
March,2025,TW-Panhandle,0.9,-3.01
March,2025,TW-WTX,,
March,2025,Union-Dawn,3.86,-0.05
March,2025,Waha,0.87,-3.04
March,2025,White River Hub,3.37,-0.54
March,2025,WIC,,
March,2025,0,,
March,2025,0,,
March,2025,0,,
March,2025,0,,
April,2025,AB Pool (inter),,
April,2025,AB Pool (intra),,
April,2025,AGT-CG,,
April,2025,AGT-CG (non-G),3.62,-0.34
April,2025,Agua Dulce Hub,,
April,2025,ANR-Joliet Hub,,
April,2025,ANR-SE,,
April,2025,ANR-SE-T,3.95,-0.01
April,2025,ANR-SW,3.13,-0.83
April,2025,APC-ACE,,
April,2025,APC-ANR,,
April,2025,APC-MGTC,,
April,2025,APC-NGPL,,
April,2025,APC-Nicor,,
April,2025,APC-VPC,,
April,2025,Arena WTX Pool,,
April,2025,Atmos Zone 3,,
April,2025,Banquete Hub,,
April,2025,Bay Gas Storage,,
April,2025,Bennington,,
April,2025,Beverly Salem,,
April,2025,Bluewater Hub,,
April,2025,Bobcat Inter,,
April,2025,Bobcat Stor,,
April,2025,Carthage,,
April,2025,CG-Mainline,3.52,-0.44
April,2025,CG-Onshore,3.86,-0.1
April,2025,Cheyenne,2.13,-1.83
April,2025,Chicago,3.45,-0.51
April,2025,CIG-Mainline,2.11,-1.85
April,2025,CIG-Mainline Pool,,
April,2025,CIG-Mainline South,,
April,2025,Clarington,,
April,2025,Clarington-Tenn,,
April,2025,Consumers,3.59,-0.37
April,2025,Cove Point,,
April,2025,Dracut,,
April,2025,Eastern Gas-North,,
April,2025,Eastern Gas-South,3.16,-0.8
April,2025,Egan Inter,,
April,2025,Egan Stor,,
April,2025,EGT-Flex,,
April,2025,EGT-North,,
April,2025,EGT-Perryville Hub,3.3,-0.66
April,2025,EGT-South,,
April,2025,EGT-West,,
April,2025,Enable East Pool,,
April,2025,Enable West Pool ,,
April,2025,ENT-STX Map,,
April,2025,EP-Anadarko,,
April,2025,EP-Keystone,,
April,2025,EP-Plains Pool,,
April,2025,EP-S.Mainline,,
April,2025,EP-SJ Blanco Pool,2.02,-1.94
April,2025,EP-SJ Bondad Stn,,
April,2025,EP-Waha Pool,-0.98,-4.94
April,2025,ETC-Cleburne,,
April,2025,ETC-Maypearl,,
April,2025,ETC-Tiger Gas (receipt),,
April,2025,FGT-CG,,
April,2025,FGT-Z1,,
April,2025,FGT-Z2,3.97,0.01
April,2025,FGT-Z3,4.19,0.23
April,2025,GCX Waha Hub,,
April,2025,Gillis Hub,,
April,2025,GLGT-St.Clair,,
April,2025,Golden Triangle,,
April,2025,GTN-Kingsgate,,
April,2025,GTN-Malin,,
April,2025,GTN-Stanfield,,
April,2025,Guardian Hub,,
April,2025,Gulf S. Pool 16,,
April,2025,Gulf South - Perryville,,
April,2025,Henry,3.96,0.0
April,2025,HPL-ETX Pool,,
April,2025,HSC-HPL Pool,3.4,-0.56
April,2025,HSC-Kinder Morgan,,
April,2025,Iroquois (into),3.62,-0.34
April,2025,Iroquois-Z1,,
April,2025,Iroquois-Z2,3.67,-0.29
April,2025,Iroquois-Z2 Hunts Pt,,
April,2025,Jefferson Island,,
April,2025,Katy-Enstor Pool,3.44,-0.52
April,2025,Katy-Lonestar Inter,,
April,2025,Katy-Lonestar Intra,,
April,2025,Katy-Oasis,,
April,2025,KRGT-Del Pool,2.29,-1.67
April,2025,KRGT-Rec Pool,,
April,2025,Lebanon,3.39,-0.57
April,2025,Leidy,,
April,2025,Leidy-Transco,3.13,-0.83
April,2025,M&N US,,
April,2025,MEP-Lamar,,
April,2025,Michcon,3.53,-0.43
April,2025,Midship (receipt),,
April,2025,Millennium,,
April,2025,Millennium East Pool,3.19,-0.77
April,2025,Millennium-Ramapo,,
April,2025,Moss Bluff Inter,,
April,2025,Moss Bluff Stor,,
April,2025,MS Hub,,
April,2025,NBPL-Bakken (receipt),,
April,2025,NBPL-Harper,,
April,2025,NBPL-Nicor,3.45,-0.51
April,2025,NBPL-Vector,,
April,2025,NBPL-Ventura,3.23,-0.73
April,2025,NBPL-Will County,,
April,2025,NGPL-AM Pool,,
April,2025,NGPL-AM Stor,,
April,2025,NGPL-GC Mainline,,
April,2025,NGPL-IA/IL AM Pool,,
April,2025,NGPL-IA/IL AM Stor,,
April,2025,NGPL-IA/IL GC Pool,,
April,2025,NGPL-IA/IL GC Stor,,
April,2025,NGPL-LA Pool,,
April,2025,NGPL-LA Stor,,
April,2025,NGPL-MidAm,,
April,2025,NGPL-Midcont Pool,3.17,-0.79
April,2025,NGPL-Midcont Stor,,
April,2025,NGPL-Nicor,3.45,-0.51
April,2025,NGPL-Nipsco,3.44,-0.52
April,2025,NGPL-STX,3.33,-0.63
April,2025,NGPL-TXOK East,3.4,-0.56
April,2025,NGPL-TXOK East Stor,3.4,-0.56
April,2025,NGPL-TXOK West,3.4,-0.56
April,2025,NNG-Demarc,3.18,-0.78
April,2025,NNG-Mid 13-16A,,
April,2025,NNG-Mid 1-7,,
April,2025,NNG-Mid 8-12,,
April,2025,NNG-Ventura,3.19,-0.77
April,2025,Nortex-Tolar Hub,,
April,2025,NWP-Rocky Mtn,2.21,-1.75
April,2025,NWP-Sumas,1.47,-2.49
April,2025,NWP-Wyoming,,
April,2025,Oasis - Waha Pool,,
April,2025,OGT,,
April,2025,ONEOK Westex,3.21,-0.75
April,2025,Opal,,
April,2025,Panhandle,3.09,-0.87
April,2025,PG&E-Citygate,2.98,-0.98
April,2025,PG&E-Daggett,,
April,2025,PG&E-KRS,,
April,2025,PG&E-Topock,,
April,2025,PGLC,3.45,-0.51
April,2025,Pine Prairie,3.92,-0.04
April,2025,Pioneer,,
April,2025,PNGTS,,
April,2025,Questar-North,,
April,2025,Questar-South,,
April,2025,REX Cheyenne Comp Pool,,
April,2025,REX E-ANR,,
April,2025,REX E-MidW,,
April,2025,REX E-NGPL,,
April,2025,REX E-PEPL,,
April,2025,REX E-Trunk,,
April,2025,REX W-ANR,,
April,2025,REX W-NGPL,,
April,2025,REX W-NNG,,
April,2025,REX W-PEPL,,
April,2025,REX-Z3 (receipt) ,,
April,2025,REX-Z3 Del Pool,3.37,-0.59
April,2025,Rover (receipt),,
April,2025,Rover-ANR,3.38,-0.58
April,2025,Rover-PEPL,3.38,-0.58
April,2025,Ruby-Onyx Hill,,
April,2025,Ruby-Rec Pool,,
April,2025,Ryckman Creek Stor,,
April,2025,Salt Plains Inter,,
April,2025,Salt Plains Stor,,
April,2025,Socal-Blythe,,
April,2025,Socal-Border,2.15,-1.81
April,2025,Socal-Citygate,3.09,-0.87
April,2025,Socal-Ehrenberg,,
April,2025,Socal-Firm Stor,,
April,2025,Socal-IT Stor,,
April,2025,Socal-Kramer,,
April,2025,Socal-KRS,,
April,2025,Socal-Needles,,
April,2025,Socal-Storage,,
April,2025,Socal-Topock (EP),,
April,2025,Socal-Topock (TW),,
April,2025,Socal-WR,,
April,2025,Sonat-Z0 South,4.04,0.08
April,2025,Sonat-Z1 North,,
April,2025,Southern Pines Hub,,
April,2025,Southern Star,3.12,-0.84
April,2025,Spectra - Hunt,,
April,2025,Stagecoach ,,
April,2025,Stingray,,
April,2025,TCO,3.23,-0.73
April,2025,TCO-A04 Pool,,
April,2025,TCO-A06 Pool,,
April,2025,TCO-A08 Pool,,
April,2025,TCO-Seg Pool,,
April,2025,TETCO-ELA,3.65,-0.31
April,2025,TETCO-ETX,,
April,2025,TETCO-M1 24,,
April,2025,TETCO-M1 30,,
April,2025,TETCO-M2,,
April,2025,TETCO-M2 (receipt),3.1,-0.86
April,2025,TETCO-M3,3.22,-0.74
April,2025,TETCO-Manhattan,,
April,2025,TETCO-STX,3.6,-0.36
April,2025,TETCO-WLA,3.93,-0.03
April,2025,TGP-500L,4.05,0.09
April,2025,TGP-800L,3.69,-0.27
April,2025,TGP-Mahwah,,
April,2025,TGP-Niagara,3.4,-0.56
April,2025,TGP-Z0 Border Pool,3.33,-0.63
April,2025,TGP-Z0 North,3.33,-0.63
April,2025,TGP-Z0 South,3.33,-0.63
April,2025,TGP-Z1 100L,3.47,-0.49
April,2025,TGP-Z1 800L Pool,,
April,2025,TGP-Z1 Sta-87,3.47,-0.49
April,2025,TGP-Z4 300L,3.04,-0.92
April,2025,TGP-Z4 Marcellus,3.04,-0.92
April,2025,TGP-Z4 Sta-219,,
April,2025,TGP-Z4 Sta-313,3.24,-0.72
April,2025,TGP-Z5 200L,3.29,-0.67
April,2025,TGP-Z6 200L,,
April,2025,TGP-Z6 200L North,,
April,2025,TGP-Z6 200L South,,
April,2025,TGP-Z6 300L,,
April,2025,TGT-Mainline,3.54,-0.42
April,2025,TGT-North LA,,
April,2025,TGT-SL,,
April,2025,Transco Zn3,3.97,0.01
April,2025,Transco-165,3.18,-0.78
April,2025,Transco-30,3.42,-0.54
April,2025,Transco-45,3.91,-0.05
April,2025,Transco-65,4.01,0.05
April,2025,Transco-85,4.02,0.06
April,2025,Transco-River Road,,
April,2025,Transco-Z5,3.42,-0.54
April,2025,Transco-Z5 North,,
April,2025,Transco-Z5 South,4.07,0.11
April,2025,Transco-Z6 (non-NY north ML),,
April,2025,Transco-Z6 (non-NY north),3.17,-0.79
April,2025,Transco-Z6 (non-NY south),,
April,2025,Transco-Z6 (non-NY),3.17,-0.79
April,2025,Transco-Z6 (NY),3.23,-0.73
April,2025,Transco-Z6 Sta-210,,
April,2025,Tres Palacios (inj),,
April,2025,Tres Palacios (w/d),,
April,2025,Trunkline-ELA,,
April,2025,Trunkline-WLA,,
April,2025,Trunkline-Z1A,3.45,-0.51
April,2025,TW-Blanco,2.02,-1.94
April,2025,TW-Central,,
April,2025,TW-Panhandle,-0.94,-4.9
April,2025,TW-WTX,,
April,2025,Union-Dawn,3.55,-0.41
April,2025,Waha,-0.94,-4.9
April,2025,White River Hub,2.17,-1.79
April,2025,WIC,,
April,2025,0,,
April,2025,0,,
April,2025,0,,
April,2025,0,,
May,2025,AB Pool (inter),,
May,2025,AB Pool (intra),,
May,2025,AGT-CG,,
May,2025,AGT-CG (non-G),2.67,-0.5
May,2025,Agua Dulce Hub,,
May,2025,ANR-Joliet Hub,,
May,2025,ANR-SE,,
May,2025,ANR-SE-T,3.16,-0.01
May,2025,ANR-SW,2.55,-0.62
May,2025,APC-ACE,,
May,2025,APC-ANR,,
May,2025,APC-MGTC,,
May,2025,APC-NGPL,,
May,2025,APC-Nicor,,
May,2025,APC-VPC,,
May,2025,Arena WTX Pool,,
May,2025,Atmos Zone 3,,
May,2025,Banquete Hub,,
May,2025,Bay Gas Storage,,
May,2025,Bennington,,
May,2025,Beverly Salem,,
May,2025,Bluewater Hub,,
May,2025,Bobcat Inter,,
May,2025,Bobcat Stor,,
May,2025,Carthage,,
May,2025,CG-Mainline,2.82,-0.35
May,2025,CG-Onshore,3.11,-0.06
May,2025,Cheyenne,1.74,-1.43
May,2025,Chicago,2.73,-0.44
May,2025,CIG-Mainline,1.7,-1.47
May,2025,CIG-Mainline Pool,,
May,2025,CIG-Mainline South,,
May,2025,Clarington,,
May,2025,Clarington-Tenn,,
May,2025,Consumers,2.9,-0.27
May,2025,Cove Point,,
May,2025,Dracut,,
May,2025,Eastern Gas-North,,
May,2025,Eastern Gas-South,2.34,-0.83
May,2025,Egan Inter,,
May,2025,Egan Stor,,
May,2025,EGT-Flex,,
May,2025,EGT-North,,
May,2025,EGT-Perryville Hub,2.72,-0.45
May,2025,EGT-South,,
May,2025,EGT-West,,
May,2025,Enable East Pool,,
May,2025,Enable West Pool ,,
May,2025,ENT-STX Map,,
May,2025,EP-Anadarko,,
May,2025,EP-Keystone,,
May,2025,EP-Plains Pool,,
May,2025,EP-S.Mainline,,
May,2025,EP-SJ Blanco Pool,1.6,-1.57
May,2025,EP-SJ Bondad Stn,,
May,2025,EP-Waha Pool,0.68,-2.49
May,2025,ETC-Cleburne,,
May,2025,ETC-Maypearl,,
May,2025,ETC-Tiger Gas (receipt),,
May,2025,FGT-CG,,
May,2025,FGT-Z1,,
May,2025,FGT-Z2,3.23,0.06
May,2025,FGT-Z3,3.39,0.22
May,2025,GCX Waha Hub,,
May,2025,Gillis Hub,,
May,2025,GLGT-St.Clair,,
May,2025,Golden Triangle,,
May,2025,GTN-Kingsgate,,
May,2025,GTN-Malin,,
May,2025,GTN-Stanfield,,
May,2025,Guardian Hub,,
May,2025,Gulf S. Pool 16,,
May,2025,Gulf South - Perryville,,
May,2025,Henry,3.17,0.0
May,2025,HPL-ETX Pool,,
May,2025,HSC-HPL Pool,2.74,-0.43
May,2025,HSC-Kinder Morgan,,
May,2025,Iroquois (into),2.85,-0.32
May,2025,Iroquois-Z1,,
May,2025,Iroquois-Z2,2.84,-0.33
May,2025,Iroquois-Z2 Hunts Pt,,
May,2025,Jefferson Island,,
May,2025,Katy-Enstor Pool,2.79,-0.38
May,2025,Katy-Lonestar Inter,,
May,2025,Katy-Lonestar Intra,,
May,2025,Katy-Oasis,,
May,2025,KRGT-Del Pool,1.92,-1.25
May,2025,KRGT-Rec Pool,,
May,2025,Lebanon,2.67,-0.5
May,2025,Leidy,,
May,2025,Leidy-Transco,2.32,-0.85
May,2025,M&N US,,
May,2025,MEP-Lamar,,
May,2025,Michcon,2.88,-0.29
May,2025,Midship (receipt),,
May,2025,Millennium,,
May,2025,Millennium East Pool,2.32,-0.85
May,2025,Millennium-Ramapo,,
May,2025,Moss Bluff Inter,,
May,2025,Moss Bluff Stor,,
May,2025,MS Hub,,
May,2025,NBPL-Bakken (receipt),,
May,2025,NBPL-Harper,,
May,2025,NBPL-Nicor,2.72,-0.45
May,2025,NBPL-Vector,,
May,2025,NBPL-Ventura,,
May,2025,NBPL-Will County,,
May,2025,NGPL-AM Pool,,
May,2025,NGPL-AM Stor,,
May,2025,NGPL-GC Mainline,,
May,2025,NGPL-IA/IL AM Pool,,
May,2025,NGPL-IA/IL AM Stor,,
May,2025,NGPL-IA/IL GC Pool,,
May,2025,NGPL-IA/IL GC Stor,,
May,2025,NGPL-LA Pool,,
May,2025,NGPL-LA Stor,,
May,2025,NGPL-MidAm,,
May,2025,NGPL-Midcont Pool,2.55,-0.62
May,2025,NGPL-Midcont Stor,,
May,2025,NGPL-Nicor,2.72,-0.45
May,2025,NGPL-Nipsco,2.73,-0.44
May,2025,NGPL-STX,2.64,-0.53
May,2025,NGPL-TXOK East,2.7,-0.47
May,2025,NGPL-TXOK East Stor,2.7,-0.47
May,2025,NGPL-TXOK West,2.7,-0.47
May,2025,NNG-Demarc,2.52,-0.65
May,2025,NNG-Mid 13-16A,,
May,2025,NNG-Mid 1-7,,
May,2025,NNG-Mid 8-12,,
May,2025,NNG-Ventura,2.56,-0.61
May,2025,Nortex-Tolar Hub,,
May,2025,NWP-Rocky Mtn,1.8,-1.37
May,2025,NWP-Sumas,1.03,-2.14
May,2025,NWP-Wyoming,,
May,2025,Oasis - Waha Pool,,
May,2025,OGT,,
May,2025,ONEOK Westex,2.58,-0.59
May,2025,Opal,,
May,2025,Panhandle,2.49,-0.68
May,2025,PG&E-Citygate,2.48,-0.69
May,2025,PG&E-Daggett,,
May,2025,PG&E-KRS,,
May,2025,PG&E-Topock,,
May,2025,PGLC,2.73,-0.44
May,2025,Pine Prairie,3.11,-0.06
May,2025,Pioneer,,
May,2025,PNGTS,,
May,2025,Questar-North,,
May,2025,Questar-South,,
May,2025,REX Cheyenne Comp Pool,,
May,2025,REX E-ANR,,
May,2025,REX E-MidW,,
May,2025,REX E-NGPL,,
May,2025,REX E-PEPL,,
May,2025,REX E-Trunk,,
May,2025,REX W-ANR,,
May,2025,REX W-NGPL,,
May,2025,REX W-NNG,,
May,2025,REX W-PEPL,,
May,2025,REX-Z3 (receipt) ,,
May,2025,REX-Z3 Del Pool,2.67,-0.5
May,2025,Rover (receipt),,
May,2025,Rover-ANR,2.69,-0.48
May,2025,Rover-PEPL,2.69,-0.48
May,2025,Ruby-Onyx Hill,,
May,2025,Ruby-Rec Pool,,
May,2025,Ryckman Creek Stor,,
May,2025,Salt Plains Inter,,
May,2025,Salt Plains Stor,,
May,2025,Socal-Blythe,,
May,2025,Socal-Border,1.78,-1.39
May,2025,Socal-Citygate,2.71,-0.46
May,2025,Socal-Ehrenberg,,
May,2025,Socal-Firm Stor,,
May,2025,Socal-IT Stor,,
May,2025,Socal-Kramer,,
May,2025,Socal-KRS,,
May,2025,Socal-Needles,,
May,2025,Socal-Storage,,
May,2025,Socal-Topock (EP),,
May,2025,Socal-Topock (TW),,
May,2025,Socal-WR,,
May,2025,Sonat-Z0 South,3.22,0.05
May,2025,Sonat-Z1 North,,
May,2025,Southern Pines Hub,,
May,2025,Southern Star,2.54,-0.63
May,2025,Spectra - Hunt,,
May,2025,Stagecoach ,,
May,2025,Stingray,,
May,2025,TCO,2.54,-0.63
May,2025,TCO-A04 Pool,,
May,2025,TCO-A06 Pool,,
May,2025,TCO-A08 Pool,,
May,2025,TCO-Seg Pool,,
May,2025,TETCO-ELA,2.83,-0.34
May,2025,TETCO-ETX,,
May,2025,TETCO-M1 24,,
May,2025,TETCO-M1 30,,
May,2025,TETCO-M2,,
May,2025,TETCO-M2 (receipt),2.26,-0.91
May,2025,TETCO-M3,2.4,-0.77
May,2025,TETCO-Manhattan,,
May,2025,TETCO-STX,2.64,-0.53
May,2025,TETCO-WLA,3.09,-0.08
May,2025,TGP-500L,3.2,0.03
May,2025,TGP-800L,2.97,-0.2
May,2025,TGP-Mahwah,,
May,2025,TGP-Niagara,,
May,2025,TGP-Z0 Border Pool,2.65,-0.52
May,2025,TGP-Z0 North,2.65,-0.52
May,2025,TGP-Z0 South,2.65,-0.52
May,2025,TGP-Z1 100L,2.73,-0.44
May,2025,TGP-Z1 800L Pool,,
May,2025,TGP-Z1 Sta-87,2.73,-0.44
May,2025,TGP-Z4 300L,2.25,-0.92
May,2025,TGP-Z4 Marcellus,2.25,-0.92
May,2025,TGP-Z4 Sta-219,,
May,2025,TGP-Z4 Sta-313,2.41,-0.76
May,2025,TGP-Z5 200L,2.42,-0.75
May,2025,TGP-Z6 200L,,
May,2025,TGP-Z6 200L North,,
May,2025,TGP-Z6 200L South,,
May,2025,TGP-Z6 300L,,
May,2025,TGT-Mainline,2.83,-0.34
May,2025,TGT-North LA,,
May,2025,TGT-SL,,
May,2025,Transco Zn3,3.16,-0.01
May,2025,Transco-165,2.38,-0.79
May,2025,Transco-30,2.69,-0.48
May,2025,Transco-45,3.11,-0.06
May,2025,Transco-65,3.19,0.02
May,2025,Transco-85,3.21,0.04
May,2025,Transco-River Road,,
May,2025,Transco-Z5,2.84,-0.33
May,2025,Transco-Z5 North,,
May,2025,Transco-Z5 South,3.33,0.16
May,2025,Transco-Z6 (non-NY north ML),,
May,2025,Transco-Z6 (non-NY north),2.33,-0.84
May,2025,Transco-Z6 (non-NY south),,
May,2025,Transco-Z6 (non-NY),2.33,-0.84
May,2025,Transco-Z6 (NY),2.42,-0.75
May,2025,Transco-Z6 Sta-210,,
May,2025,Tres Palacios (inj),,
May,2025,Tres Palacios (w/d),,
May,2025,Trunkline-ELA,,
May,2025,Trunkline-WLA,,
May,2025,Trunkline-Z1A,2.75,-0.42
May,2025,TW-Blanco,1.59,-1.58
May,2025,TW-Central,,
May,2025,TW-Panhandle,0.7,-2.47
May,2025,TW-WTX,,
May,2025,Union-Dawn,2.89,-0.28
May,2025,Waha,0.62,-2.55
May,2025,White River Hub,1.7,-1.47
May,2025,WIC,,
May,2025,0,,
May,2025,0,,
May,2025,0,,
May,2025,0,,
June,2025,AB Pool (inter),,
June,2025,AB Pool (intra),,
June,2025,AGT-CG,,
June,2025,AGT-CG (non-G),3.31,0.11
June,2025,Agua Dulce Hub,,
June,2025,ANR-Joliet Hub,,
June,2025,ANR-SE,,
June,2025,ANR-SE-T,2.88,-0.32
June,2025,ANR-SW,2.62,-0.58
June,2025,APC-ACE,,
June,2025,APC-ANR,,
June,2025,APC-MGTC,,
June,2025,APC-NGPL,,
June,2025,APC-Nicor,,
June,2025,APC-VPC,,
June,2025,Arena WTX Pool,,
June,2025,Atmos Zone 3,,
June,2025,Banquete Hub,,
June,2025,Bay Gas Storage,,
June,2025,Bennington,,
June,2025,Beverly Salem,,
June,2025,Bluewater Hub,,
June,2025,Bobcat Inter,,
June,2025,Bobcat Stor,,
June,2025,Carthage,,
June,2025,CG-Mainline,2.88,-0.32
June,2025,CG-Onshore,3.11,-0.09
June,2025,Cheyenne,2.45,-0.75
June,2025,Chicago,2.81,-0.39
June,2025,CIG-Mainline,2.38,-0.82
June,2025,CIG-Mainline Pool,,
June,2025,CIG-Mainline South,,
June,2025,Clarington,,
June,2025,Clarington-Tenn,,
June,2025,Consumers,2.82,-0.38
June,2025,Cove Point,,
June,2025,Dracut,,
June,2025,Eastern Gas-North,,
June,2025,Eastern Gas-South,2.09,-1.11
June,2025,Egan Inter,,
June,2025,Egan Stor,,
June,2025,EGT-Flex,,
June,2025,EGT-North,,
June,2025,EGT-Perryville Hub,2.8,-0.4
June,2025,EGT-South,,
June,2025,EGT-West,,
June,2025,Enable East Pool,,
June,2025,Enable West Pool ,,
June,2025,ENT-STX Map,,
June,2025,EP-Anadarko,,
June,2025,EP-Keystone,,
June,2025,EP-Plains Pool,,
June,2025,EP-S.Mainline,,
June,2025,EP-SJ Blanco Pool,2.43,-0.77
June,2025,EP-SJ Bondad Stn,,
June,2025,EP-Waha Pool,1.22,-1.98
June,2025,ETC-Cleburne,,
June,2025,ETC-Maypearl,,
June,2025,ETC-Tiger Gas (receipt),,
June,2025,FGT-CG,,
June,2025,FGT-Z1,,
June,2025,FGT-Z2,3.27,0.07
June,2025,FGT-Z3,3.89,0.69
June,2025,GCX Waha Hub,,
June,2025,Gillis Hub,,
June,2025,GLGT-St.Clair,,
June,2025,Golden Triangle,,
June,2025,GTN-Kingsgate,,
June,2025,GTN-Malin,,
June,2025,GTN-Stanfield,,
June,2025,Guardian Hub,,
June,2025,Gulf S. Pool 16,,
June,2025,Gulf South - Perryville,,
June,2025,Henry,3.2,0.0
June,2025,HPL-ETX Pool,,
June,2025,HSC-HPL Pool,2.88,-0.32
June,2025,HSC-Kinder Morgan,,
June,2025,Iroquois (into),2.81,-0.39
June,2025,Iroquois-Z1,,
June,2025,Iroquois-Z2,3.2,0.0
June,2025,Iroquois-Z2 Hunts Pt,,
June,2025,Jefferson Island,,
June,2025,Katy-Enstor Pool,2.87,-0.33
June,2025,Katy-Lonestar Inter,,
June,2025,Katy-Lonestar Intra,,
June,2025,Katy-Oasis,,
June,2025,KRGT-Del Pool,2.65,-0.55
June,2025,KRGT-Rec Pool,,
June,2025,Lebanon,2.72,-0.48
June,2025,Leidy,,
June,2025,Leidy-Transco,2.02,-1.18
June,2025,M&N US,,
June,2025,MEP-Lamar,,
June,2025,Michcon,2.75,-0.45
June,2025,Midship (receipt),,
June,2025,Millennium,,
June,2025,Millennium East Pool,1.92,-1.28
June,2025,Millennium-Ramapo,,
June,2025,Moss Bluff Inter,,
June,2025,Moss Bluff Stor,,
June,2025,MS Hub,,
June,2025,NBPL-Bakken (receipt),,
June,2025,NBPL-Harper,,
June,2025,NBPL-Nicor,2.81,-0.39
June,2025,NBPL-Vector,,
June,2025,NBPL-Ventura,2.62,-0.58
June,2025,NBPL-Will County,,
June,2025,NGPL-AM Pool,,
June,2025,NGPL-AM Stor,,
June,2025,NGPL-GC Mainline,,
June,2025,NGPL-IA/IL AM Pool,,
June,2025,NGPL-IA/IL AM Stor,,
June,2025,NGPL-IA/IL GC Pool,,
June,2025,NGPL-IA/IL GC Stor,,
June,2025,NGPL-LA Pool,,
June,2025,NGPL-LA Stor,,
June,2025,NGPL-MidAm,,
June,2025,NGPL-Midcont Pool,2.68,-0.52
June,2025,NGPL-Midcont Stor,,
June,2025,NGPL-Nicor,2.81,-0.39
June,2025,NGPL-Nipsco,2.81,-0.39
June,2025,NGPL-STX,2.75,-0.45
June,2025,NGPL-TXOK East,2.79,-0.41
June,2025,NGPL-TXOK East Stor,2.79,-0.41
June,2025,NGPL-TXOK West,2.79,-0.41
June,2025,NNG-Demarc,2.56,-0.64
June,2025,NNG-Mid 13-16A,,
June,2025,NNG-Mid 1-7,,
June,2025,NNG-Mid 8-12,,
June,2025,NNG-Ventura,2.65,-0.55
June,2025,Nortex-Tolar Hub,,
June,2025,NWP-Rocky Mtn,2.52,-0.68
June,2025,NWP-Sumas,0.97,-2.23
June,2025,NWP-Wyoming,,
June,2025,Oasis - Waha Pool,,
June,2025,OGT,,
June,2025,ONEOK Westex,2.67,-0.53
June,2025,Opal,,
June,2025,Panhandle,2.6,-0.6
June,2025,PG&E-Citygate,3.14,-0.06
June,2025,PG&E-Daggett,,
June,2025,PG&E-KRS,,
June,2025,PG&E-Topock,,
June,2025,PGLC,2.81,-0.39
June,2025,Pine Prairie,3.11,-0.09
June,2025,Pioneer,,
June,2025,PNGTS,,
June,2025,Questar-North,,
June,2025,Questar-South,,
June,2025,REX Cheyenne Comp Pool,,
June,2025,REX E-ANR,,
June,2025,REX E-MidW,,
June,2025,REX E-NGPL,,
June,2025,REX E-PEPL,,
June,2025,REX E-Trunk,,
June,2025,REX W-ANR,,
June,2025,REX W-NGPL,,
June,2025,REX W-NNG,,
June,2025,REX W-PEPL,,
June,2025,REX-Z3 (receipt) ,,
June,2025,REX-Z3 Del Pool,2.73,-0.47
June,2025,Rover (receipt),,
June,2025,Rover-ANR,2.7,-0.5
June,2025,Rover-PEPL,2.7,-0.5
June,2025,Ruby-Onyx Hill,,
June,2025,Ruby-Rec Pool,,
June,2025,Ryckman Creek Stor,,
June,2025,Salt Plains Inter,,
June,2025,Salt Plains Stor,,
June,2025,Socal-Blythe,,
June,2025,Socal-Border,2.64,-0.56
June,2025,Socal-Citygate,2.52,-0.68
June,2025,Socal-Ehrenberg,,
June,2025,Socal-Firm Stor,,
June,2025,Socal-IT Stor,,
June,2025,Socal-Kramer,,
June,2025,Socal-KRS,,
June,2025,Socal-Needles,,
June,2025,Socal-Storage,,
June,2025,Socal-Topock (EP),,
June,2025,Socal-Topock (TW),,
June,2025,Socal-WR,,
June,2025,Sonat-Z0 South,3.74,0.54
June,2025,Sonat-Z1 North,,
June,2025,Southern Pines Hub,,
June,2025,Southern Star,2.62,-0.58
June,2025,Spectra - Hunt,,
June,2025,Stagecoach ,,
June,2025,Stingray,,
June,2025,TCO,2.45,-0.75
June,2025,TCO-A04 Pool,,
June,2025,TCO-A06 Pool,,
June,2025,TCO-A08 Pool,,
June,2025,TCO-Seg Pool,,
June,2025,TETCO-ELA,2.9,-0.3
June,2025,TETCO-ETX,,
June,2025,TETCO-M1 24,,
June,2025,TETCO-M1 30,,
June,2025,TETCO-M2,,
June,2025,TETCO-M2 (receipt),2.07,-1.13
June,2025,TETCO-M3,2.17,-1.03
June,2025,TETCO-Manhattan,,
June,2025,TETCO-STX,2.8,-0.4
June,2025,TETCO-WLA,3.08,-0.12
June,2025,TGP-500L,3.72,0.52
June,2025,TGP-800L,2.99,-0.21
June,2025,TGP-Mahwah,,
June,2025,TGP-Niagara,2.25,-0.95
June,2025,TGP-Z0 Border Pool,2.76,-0.44
June,2025,TGP-Z0 North,2.76,-0.44
June,2025,TGP-Z0 South,2.76,-0.44
June,2025,TGP-Z1 100L,2.8,-0.4
June,2025,TGP-Z1 800L Pool,,
June,2025,TGP-Z1 Sta-87,2.8,-0.4
June,2025,TGP-Z4 300L,1.95,-1.25
June,2025,TGP-Z4 Marcellus,1.95,-1.25
June,2025,TGP-Z4 Sta-219,,
June,2025,TGP-Z4 Sta-313,2.3,-0.9
June,2025,TGP-Z5 200L,2.3,-0.9
June,2025,TGP-Z6 200L,,
June,2025,TGP-Z6 200L North,,
June,2025,TGP-Z6 200L South,,
June,2025,TGP-Z6 300L,,
June,2025,TGT-Mainline,2.9,-0.3
June,2025,TGT-North LA,,
June,2025,TGT-SL,,
June,2025,Transco Zn3,3.51,0.31
June,2025,Transco-165,2.23,-0.97
June,2025,Transco-30,2.84,-0.36
June,2025,Transco-45,3.13,-0.07
June,2025,Transco-65,3.53,0.33
June,2025,Transco-85,3.69,0.49
June,2025,Transco-River Road,,
June,2025,Transco-Z5,3.21,0.01
June,2025,Transco-Z5 North,,
June,2025,Transco-Z5 South,3.77,0.57
June,2025,Transco-Z6 (non-NY north ML),,
June,2025,Transco-Z6 (non-NY north),2.13,-1.07
June,2025,Transco-Z6 (non-NY south),,
June,2025,Transco-Z6 (non-NY),2.13,-1.07
June,2025,Transco-Z6 (NY),2.19,-1.01
June,2025,Transco-Z6 Sta-210,,
June,2025,Tres Palacios (inj),,
June,2025,Tres Palacios (w/d),,
June,2025,Trunkline-ELA,,
June,2025,Trunkline-WLA,,
June,2025,Trunkline-Z1A,2.76,-0.44
June,2025,TW-Blanco,2.38,-0.82
June,2025,TW-Central,,
June,2025,TW-Panhandle,1.18,-2.02
June,2025,TW-WTX,,
June,2025,Union-Dawn,2.74,-0.46
June,2025,Waha,1.22,-1.98
June,2025,White River Hub,2.5,-0.7
June,2025,WIC,,
June,2025,0,,
June,2025,0,,
June,2025,0,,
June,2025,0,,
