Date,item,value,region
07/22/2025,CONUS - Balance,-77179.15950000001,Conus
07/23/2025,CONUS - Balance,-85454.43239999999,Conus
07/24/2025,CONUS - Balance,-87954.0177,Conus
07/25/2025,CONUS - Balance,-89806.9602,Conus
07/26/2025,CONUS - Balance,-81387.2346,Conus
07/27/2025,CONUS - Balance,-79755.776,Conus
07/28/2025,CONUS - Balance,-88502.7728,Conus
07/29/2025,CONUS - Balance,-89511.5409,Conus
07/30/2025,CONUS - Balance,-89030.505,Conus
07/31/2025,CONUS - Balance,-86721.3609,Conus
08/01/2025,CONUS - Balance,-85043.35429999999,Conus
08/02/2025,CONUS - Balance,-77236.8377,Conus
08/03/2025,CONUS - Balance,-77397.5997,Conus
08/04/2025,CONUS - Balance,-85074.45449999999,Conus
08/05/2025,CONUS - Balance,-85550.11120000001,Conus
08/06/2025,CONUS - Balance,-7841.9969,Conus
08/07/2025,CONUS - Balance,-7842.148999999999,Conus
08/08/2025,CONUS - Balance,-7842.3002,Conus
08/09/2025,CONUS - Balance,-7842.4514,Conus
08/10/2025,CONUS - Balance,-7842.603999999999,Conus
08/11/2025,CONUS - Balance,-7842.755700000001,Conus
08/12/2025,CONUS - Balance,-7842.907299999999,Conus
08/13/2025,CONUS - Balance,-7843.059,Conus
08/14/2025,CONUS - Balance,-7843.210999999999,Conus
08/15/2025,CONUS - Balance,-7843.3627,Conus
08/16/2025,CONUS - Balance,-7843.514,Conus
08/17/2025,CONUS - Balance,-7843.6661,Conus
08/18/2025,CONUS - Balance,-7843.8171999999995,Conus
08/19/2025,CONUS - Balance,-7843.969,Conus
08/20/2025,CONUS - Balance,-7844.1215,Conus
08/21/2025,CONUS - Balance,-7844.2732,Conus
08/22/2025,CONUS - Balance,-7844.4241999999995,Conus
08/23/2025,CONUS - Balance,-7844.576000000001,Conus
08/24/2025,CONUS - Balance,-7844.727800000001,Conus
08/25/2025,CONUS - Balance,-7844.8794,Conus
08/26/2025,CONUS - Balance,-7845.0313,Conus
08/27/2025,CONUS - Balance,-7845.183000000001,Conus
08/28/2025,CONUS - Balance,-7845.334699999999,Conus
08/29/2025,CONUS - Balance,-7845.4866,Conus
08/30/2025,CONUS - Balance,-7845.6381,Conus
08/31/2025,CONUS - Balance,-7845.79,Conus
09/01/2025,CONUS - Balance,-7834.623600000001,Conus
09/02/2025,CONUS - Balance,-7835.128699999999,Conus
09/03/2025,CONUS - Balance,-7835.634,Conus
09/04/2025,CONUS - Balance,-7836.1386999999995,Conus
09/05/2025,CONUS - Balance,-7836.6443,Conus
09/06/2025,CONUS - Balance,-7837.1494999999995,Conus
09/07/2025,CONUS - Balance,-7837.655,Conus
09/08/2025,CONUS - Balance,-7838.1595,Conus
09/09/2025,CONUS - Balance,-7838.6651,Conus
09/10/2025,CONUS - Balance,-7839.17,Conus
09/11/2025,CONUS - Balance,-7839.6752,Conus
09/12/2025,CONUS - Balance,-7840.1805,Conus
09/13/2025,CONUS - Balance,-7840.6855,Conus
09/14/2025,CONUS - Balance,-7841.1900000000005,Conus
09/15/2025,CONUS - Balance,-7841.6954000000005,Conus
09/16/2025,CONUS - Balance,-7842.2013,Conus
09/17/2025,CONUS - Balance,-7842.7056,Conus
09/18/2025,CONUS - Balance,-7843.210999999999,Conus
09/19/2025,CONUS - Balance,-7843.7161,Conus
09/20/2025,CONUS - Balance,-7844.2210000000005,Conus
09/21/2025,CONUS - Balance,-7844.7263,Conus
09/22/2025,CONUS - Balance,-7845.231900000001,Conus
09/23/2025,CONUS - Balance,-7845.7367,Conus
09/24/2025,CONUS - Balance,-7846.241899999999,Conus
09/25/2025,CONUS - Balance,-7846.747,Conus
09/26/2025,CONUS - Balance,-7847.252,Conus
09/27/2025,CONUS - Balance,-7847.7573,Conus
09/28/2025,CONUS - Balance,-7848.2628,Conus
09/29/2025,CONUS - Balance,-7848.7678,Conus
09/30/2025,CONUS - Balance,-7849.2729,Conus
10/01/2025,CONUS - Balance,-7845.1728,Conus
10/02/2025,CONUS - Balance,-7845.381600000001,Conus
10/03/2025,CONUS - Balance,-7845.5911,Conus
10/04/2025,CONUS - Balance,-7845.8002,Conus
10/05/2025,CONUS - Balance,-7846.0095,Conus
10/06/2025,CONUS - Balance,-7846.2189,Conus
10/07/2025,CONUS - Balance,-7846.4286999999995,Conus
10/08/2025,CONUS - Balance,-7846.6375,Conus
10/09/2025,CONUS - Balance,-7846.8475,Conus
10/10/2025,CONUS - Balance,-7847.0560000000005,Conus
10/11/2025,CONUS - Balance,-7847.266,Conus
10/12/2025,CONUS - Balance,-7847.4757,Conus
10/13/2025,CONUS - Balance,-7847.6849,Conus
10/14/2025,CONUS - Balance,-7847.8941,Conus
10/15/2025,CONUS - Balance,-7848.1032,Conus
10/16/2025,CONUS - Balance,-7848.3125,Conus
10/17/2025,CONUS - Balance,-7848.5218,Conus
10/18/2025,CONUS - Balance,-7848.7316,Conus
10/19/2025,CONUS - Balance,-7848.9404,Conus
10/20/2025,CONUS - Balance,-7849.1503,Conus
10/21/2025,CONUS - Balance,-7849.3598,Conus
10/22/2025,CONUS - Balance,-7849.569100000001,Conus
10/23/2025,CONUS - Balance,-7849.7781,Conus
10/24/2025,CONUS - Balance,-7849.9881,Conus
10/25/2025,CONUS - Balance,-7850.197,Conus
10/26/2025,CONUS - Balance,-7850.4061,Conus
10/27/2025,CONUS - Balance,-7850.6155,Conus
10/28/2025,CONUS - Balance,-7850.8254,Conus
10/29/2025,CONUS - Balance,-7851.034599999999,Conus
10/30/2025,CONUS - Balance,-7851.2436,Conus
10/31/2025,CONUS - Balance,-7851.4529,Conus
11/01/2025,CONUS - Balance,-7856.238,Conus
11/02/2025,CONUS - Balance,-7855.8228,Conus
11/03/2025,CONUS - Balance,-7855.4074,Conus
11/04/2025,CONUS - Balance,-7854.991899999999,Conus
11/05/2025,CONUS - Balance,-7854.5764,Conus
11/06/2025,CONUS - Balance,-7854.161099999999,Conus
11/07/2025,CONUS - Balance,-7853.7465,Conus
11/08/2025,CONUS - Balance,-7853.330099999999,Conus
11/09/2025,CONUS - Balance,-7852.9152,Conus
11/10/2025,CONUS - Balance,-7852.5002,Conus
11/11/2025,CONUS - Balance,-7852.085300000001,Conus
11/12/2025,CONUS - Balance,-7851.6702000000005,Conus
11/13/2025,CONUS - Balance,-7851.254199999999,Conus
11/14/2025,CONUS - Balance,-7850.839,Conus
11/15/2025,CONUS - Balance,-7850.424300000001,Conus
11/16/2025,CONUS - Balance,-7850.008400000001,Conus
11/17/2025,CONUS - Balance,-7849.593,Conus
11/18/2025,CONUS - Balance,-7849.178,Conus
11/19/2025,CONUS - Balance,-7848.7627,Conus
11/20/2025,CONUS - Balance,-7848.347400000001,Conus
11/21/2025,CONUS - Balance,-7847.9326,Conus
11/22/2025,CONUS - Balance,-7847.5167,Conus
11/23/2025,CONUS - Balance,-7847.1018,Conus
11/24/2025,CONUS - Balance,-7846.6864000000005,Conus
11/25/2025,CONUS - Balance,-7846.270700000001,Conus
11/26/2025,CONUS - Balance,-7845.8556,Conus
11/27/2025,CONUS - Balance,-7845.4401,Conus
11/28/2025,CONUS - Balance,-7845.0252,Conus
11/29/2025,CONUS - Balance,-7844.6101,Conus
11/30/2025,CONUS - Balance,-7844.1945,Conus
12/01/2025,CONUS - Balance,-7860.4573,Conus
12/02/2025,CONUS - Balance,-7859.4812,Conus
12/03/2025,CONUS - Balance,-7858.505700000001,Conus
12/04/2025,CONUS - Balance,-7857.53,Conus
12/05/2025,CONUS - Balance,-7856.554700000001,Conus
12/06/2025,CONUS - Balance,-7855.5797999999995,Conus
12/07/2025,CONUS - Balance,-7854.6042,Conus
12/08/2025,CONUS - Balance,-7853.6287999999995,Conus
12/09/2025,CONUS - Balance,-7852.6532,Conus
12/10/2025,CONUS - Balance,-7851.6777,Conus
12/11/2025,CONUS - Balance,-7850.7024,Conus
12/12/2025,CONUS - Balance,-7849.7273000000005,Conus
12/13/2025,CONUS - Balance,-7848.7515,Conus
12/14/2025,CONUS - Balance,-7847.7767,Conus
12/15/2025,CONUS - Balance,-7846.8004,Conus
12/16/2025,CONUS - Balance,-7845.8249,Conus
12/17/2025,CONUS - Balance,-7844.8501,Conus
12/18/2025,CONUS - Balance,-7843.8746,Conus
12/19/2025,CONUS - Balance,-7842.8994,Conus
12/20/2025,CONUS - Balance,-7841.9236,Conus
12/21/2025,CONUS - Balance,-7840.948,Conus
12/22/2025,CONUS - Balance,-7839.9727,Conus
12/23/2025,CONUS - Balance,-7838.9973,Conus
12/24/2025,CONUS - Balance,-7838.0218,Conus
12/25/2025,CONUS - Balance,-7837.0468,Conus
12/26/2025,CONUS - Balance,-7836.071400000001,Conus
12/27/2025,CONUS - Balance,-7835.0952,Conus
12/28/2025,CONUS - Balance,-7834.1203000000005,Conus
12/29/2025,CONUS - Balance,-7833.145,Conus
12/30/2025,CONUS - Balance,-7832.17,Conus
12/31/2025,CONUS - Balance,-7831.194100000001,Conus
07/22/2025,CONUS - Ind,22609.008,Lower 48
07/23/2025,CONUS - Ind,22624.213,Lower 48
07/24/2025,CONUS - Ind,22642.092,Lower 48
07/25/2025,CONUS - Ind,22614.062,Lower 48
07/26/2025,CONUS - Ind,20327.096,Lower 48
07/27/2025,CONUS - Ind,20332.84,Lower 48
07/28/2025,CONUS - Ind,22602.576,Lower 48
07/29/2025,CONUS - Ind,22618.031,Lower 48
07/30/2025,CONUS - Ind,22632.53,Lower 48
07/31/2025,CONUS - Ind,22711.533,Lower 48
08/01/2025,CONUS - Ind,22816.256,Lower 48
08/02/2025,CONUS - Ind,20517.902,Lower 48
08/03/2025,CONUS - Ind,20529.914,Lower 48
08/04/2025,CONUS - Ind,22789.537,Lower 48
08/05/2025,CONUS - Ind,22781.9,Lower 48
07/23/2025,CONUS - L&P,5611.7974,United States
07/24/2025,CONUS - L&P,5611.9062,United States
07/25/2025,CONUS - L&P,5612.015,United States
07/26/2025,CONUS - L&P,5612.124,United States
07/27/2025,CONUS - L&P,5612.233,United States
07/28/2025,CONUS - L&P,5612.342,United States
07/29/2025,CONUS - L&P,5612.4507,United States
07/30/2025,CONUS - L&P,5612.56,United States
07/31/2025,CONUS - L&P,5612.6685,United States
08/01/2025,CONUS - L&P,5600.885,United States
08/02/2025,CONUS - L&P,5600.9927,United States
08/03/2025,CONUS - L&P,5601.101,United States
08/04/2025,CONUS - L&P,5601.2095,United States
08/05/2025,CONUS - L&P,5601.3184,United States
08/06/2025,CONUS - L&P,5601.4263,United States
08/07/2025,CONUS - L&P,5601.535,United States
08/08/2025,CONUS - L&P,5601.643,United States
08/09/2025,CONUS - L&P,5601.751,United States
08/10/2025,CONUS - L&P,5601.86,United States
08/11/2025,CONUS - L&P,5601.9683,United States
08/12/2025,CONUS - L&P,5602.0767,United States
08/13/2025,CONUS - L&P,5602.185,United States
08/14/2025,CONUS - L&P,5602.2935,United States
08/15/2025,CONUS - L&P,5602.402,United States
08/16/2025,CONUS - L&P,5602.51,United States
08/17/2025,CONUS - L&P,5602.6187,United States
08/18/2025,CONUS - L&P,5602.7266,United States
08/19/2025,CONUS - L&P,5602.835,United States
08/20/2025,CONUS - L&P,5602.944,United States
08/21/2025,CONUS - L&P,5603.0522,United States
08/22/2025,CONUS - L&P,5603.16,United States
08/23/2025,CONUS - L&P,5603.2686,United States
08/24/2025,CONUS - L&P,5603.377,United States
08/25/2025,CONUS - L&P,5603.4854,United States
08/26/2025,CONUS - L&P,5603.5938,United States
08/27/2025,CONUS - L&P,5603.702,United States
08/28/2025,CONUS - L&P,5603.8105,United States
08/29/2025,CONUS - L&P,5603.919,United States
08/30/2025,CONUS - L&P,5604.0273,United States
08/31/2025,CONUS - L&P,5604.1357,United States
09/01/2025,CONUS - L&P,5596.1597,United States
09/02/2025,CONUS - L&P,5596.5205,United States
09/03/2025,CONUS - L&P,5596.8813,United States
09/04/2025,CONUS - L&P,5597.242,United States
09/05/2025,CONUS - L&P,5597.603,United States
09/06/2025,CONUS - L&P,5597.964,United States
09/07/2025,CONUS - L&P,5598.325,United States
09/08/2025,CONUS - L&P,5598.6855,United States
09/09/2025,CONUS - L&P,5599.0464,United States
09/10/2025,CONUS - L&P,5599.407,United States
09/11/2025,CONUS - L&P,5599.768,United States
09/12/2025,CONUS - L&P,5600.129,United States
09/13/2025,CONUS - L&P,5600.4897,United States
09/14/2025,CONUS - L&P,5600.85,United States
09/15/2025,CONUS - L&P,5601.211,United States
09/16/2025,CONUS - L&P,5601.5723,United States
09/17/2025,CONUS - L&P,5601.9326,United States
09/18/2025,CONUS - L&P,5602.2935,United States
09/19/2025,CONUS - L&P,5602.6543,United States
09/20/2025,CONUS - L&P,5603.015,United States
09/21/2025,CONUS - L&P,5603.376,United States
09/22/2025,CONUS - L&P,5603.737,United States
09/23/2025,CONUS - L&P,5604.0977,United States
09/24/2025,CONUS - L&P,5604.4585,United States
09/25/2025,CONUS - L&P,5604.8193,United States
09/26/2025,CONUS - L&P,5605.18,United States
09/27/2025,CONUS - L&P,5605.541,United States
09/28/2025,CONUS - L&P,5605.902,United States
09/29/2025,CONUS - L&P,5606.2627,United States
09/30/2025,CONUS - L&P,5606.6235,United States
10/01/2025,CONUS - L&P,5603.695,United States
10/02/2025,CONUS - L&P,5603.844,United States
10/03/2025,CONUS - L&P,5603.9937,United States
10/04/2025,CONUS - L&P,5604.143,United States
10/05/2025,CONUS - L&P,5604.2925,United States
10/06/2025,CONUS - L&P,5604.442,United States
10/07/2025,CONUS - L&P,5604.592,United States
10/08/2025,CONUS - L&P,5604.741,United States
10/09/2025,CONUS - L&P,5604.891,United States
10/10/2025,CONUS - L&P,5605.04,United States
10/11/2025,CONUS - L&P,5605.19,United States
10/12/2025,CONUS - L&P,5605.34,United States
10/13/2025,CONUS - L&P,5605.4893,United States
10/14/2025,CONUS - L&P,5605.6387,United States
10/15/2025,CONUS - L&P,5605.788,United States
10/16/2025,CONUS - L&P,5605.9375,United States
10/17/2025,CONUS - L&P,5606.087,United States
10/18/2025,CONUS - L&P,5606.237,United States
10/19/2025,CONUS - L&P,5606.386,United States
10/20/2025,CONUS - L&P,5606.536,United States
10/21/2025,CONUS - L&P,5606.6855,United States
10/22/2025,CONUS - L&P,5606.835,United States
10/23/2025,CONUS - L&P,5606.9844,United States
10/24/2025,CONUS - L&P,5607.1343,United States
10/25/2025,CONUS - L&P,5607.2837,United States
10/26/2025,CONUS - L&P,5607.433,United States
10/27/2025,CONUS - L&P,5607.5825,United States
10/28/2025,CONUS - L&P,5607.7324,United States
10/29/2025,CONUS - L&P,5607.882,United States
10/30/2025,CONUS - L&P,5608.0312,United States
10/31/2025,CONUS - L&P,5608.1807,United States
11/01/2025,CONUS - L&P,5611.5986,United States
11/02/2025,CONUS - L&P,5611.302,United States
11/03/2025,CONUS - L&P,5611.0054,United States
11/04/2025,CONUS - L&P,5610.7085,United States
11/05/2025,CONUS - L&P,5610.4116,United States
11/06/2025,CONUS - L&P,5610.115,United States
11/07/2025,CONUS - L&P,5609.819,United States
11/08/2025,CONUS - L&P,5609.5215,United States
11/09/2025,CONUS - L&P,5609.225,United States
11/10/2025,CONUS - L&P,5608.9287,United States
11/11/2025,CONUS - L&P,5608.6323,United States
11/12/2025,CONUS - L&P,5608.336,United States
11/13/2025,CONUS - L&P,5608.0386,United States
11/14/2025,CONUS - L&P,5607.742,United States
11/15/2025,CONUS - L&P,5607.446,United States
11/16/2025,CONUS - L&P,5607.149,United States
11/17/2025,CONUS - L&P,5606.852,United States
11/18/2025,CONUS - L&P,5606.5557,United States
11/19/2025,CONUS - L&P,5606.259,United States
11/20/2025,CONUS - L&P,5605.9624,United States
11/21/2025,CONUS - L&P,5605.666,United States
11/22/2025,CONUS - L&P,5605.369,United States
11/23/2025,CONUS - L&P,5605.0728,United States
11/24/2025,CONUS - L&P,5604.776,United States
11/25/2025,CONUS - L&P,5604.479,United States
11/26/2025,CONUS - L&P,5604.1826,United States
11/27/2025,CONUS - L&P,5603.8857,United States
11/28/2025,CONUS - L&P,5603.5894,United States
11/29/2025,CONUS - L&P,5603.293,United States
11/30/2025,CONUS - L&P,5602.996,United States
12/01/2025,CONUS - L&P,5614.6123,United States
12/02/2025,CONUS - L&P,5613.915,United States
12/03/2025,CONUS - L&P,5613.2183,United States
12/04/2025,CONUS - L&P,5612.5215,United States
12/05/2025,CONUS - L&P,5611.8247,United States
12/06/2025,CONUS - L&P,5611.1284,United States
12/07/2025,CONUS - L&P,5610.4316,United States
12/08/2025,CONUS - L&P,5609.735,United States
12/09/2025,CONUS - L&P,5609.038,United States
12/10/2025,CONUS - L&P,5608.3413,United States
12/11/2025,CONUS - L&P,5607.6445,United States
12/12/2025,CONUS - L&P,5606.948,United States
12/13/2025,CONUS - L&P,5606.251,United States
12/14/2025,CONUS - L&P,5605.5547,United States
12/15/2025,CONUS - L&P,5604.8574,United States
12/16/2025,CONUS - L&P,5604.1606,United States
12/17/2025,CONUS - L&P,5603.4644,United States
12/18/2025,CONUS - L&P,5602.7676,United States
12/19/2025,CONUS - L&P,5602.071,United States
12/20/2025,CONUS - L&P,5601.374,United States
12/21/2025,CONUS - L&P,5600.6772,United States
12/22/2025,CONUS - L&P,5599.9805,United States
12/23/2025,CONUS - L&P,5599.2837,United States
12/24/2025,CONUS - L&P,5598.587,United States
12/25/2025,CONUS - L&P,5597.8906,United States
12/26/2025,CONUS - L&P,5597.194,United States
12/27/2025,CONUS - L&P,5596.4966,United States
12/28/2025,CONUS - L&P,5595.8003,United States
12/29/2025,CONUS - L&P,5595.1035,United States
12/30/2025,CONUS - L&P,5594.407,United States
12/31/2025,CONUS - L&P,5593.71,United States
07/23/2025,CONUS - P'loss,2244.719,United States
07/24/2025,CONUS - P'loss,2244.7625,United States
07/25/2025,CONUS - P'loss,2244.8062,United States
07/26/2025,CONUS - P'loss,2244.8496,United States
07/27/2025,CONUS - P'loss,2244.893,United States
07/28/2025,CONUS - P'loss,2244.9368,United States
07/29/2025,CONUS - P'loss,2244.9802,United States
07/30/2025,CONUS - P'loss,2245.024,United States
07/31/2025,CONUS - P'loss,2245.0674,United States
08/01/2025,CONUS - P'loss,2240.3538,United States
08/02/2025,CONUS - P'loss,2240.397,United States
08/03/2025,CONUS - P'loss,2240.4404,United States
08/04/2025,CONUS - P'loss,2240.484,United States
08/05/2025,CONUS - P'loss,2240.5273,United States
08/06/2025,CONUS - P'loss,2240.5706,United States
08/07/2025,CONUS - P'loss,2240.614,United States
08/08/2025,CONUS - P'loss,2240.6572,United States
08/09/2025,CONUS - P'loss,2240.7004,United States
08/10/2025,CONUS - P'loss,2240.744,United States
08/11/2025,CONUS - P'loss,2240.7874,United States
08/12/2025,CONUS - P'loss,2240.8306,United States
08/13/2025,CONUS - P'loss,2240.874,United States
08/14/2025,CONUS - P'loss,2240.9175,United States
08/15/2025,CONUS - P'loss,2240.9607,United States
08/16/2025,CONUS - P'loss,2241.004,United States
08/17/2025,CONUS - P'loss,2241.0474,United States
08/18/2025,CONUS - P'loss,2241.0906,United States
08/19/2025,CONUS - P'loss,2241.134,United States
08/20/2025,CONUS - P'loss,2241.1775,United States
08/21/2025,CONUS - P'loss,2241.221,United States
08/22/2025,CONUS - P'loss,2241.2642,United States
08/23/2025,CONUS - P'loss,2241.3074,United States
08/24/2025,CONUS - P'loss,2241.3508,United States
08/25/2025,CONUS - P'loss,2241.394,United States
08/26/2025,CONUS - P'loss,2241.4375,United States
08/27/2025,CONUS - P'loss,2241.481,United States
08/28/2025,CONUS - P'loss,2241.5242,United States
08/29/2025,CONUS - P'loss,2241.5676,United States
08/30/2025,CONUS - P'loss,2241.6108,United States
08/31/2025,CONUS - P'loss,2241.6543,United States
09/01/2025,CONUS - P'loss,2238.4639,United States
09/02/2025,CONUS - P'loss,2238.6082,United States
09/03/2025,CONUS - P'loss,2238.7527,United States
09/04/2025,CONUS - P'loss,2238.8967,United States
09/05/2025,CONUS - P'loss,2239.0413,United States
09/06/2025,CONUS - P'loss,2239.1855,United States
09/07/2025,CONUS - P'loss,2239.33,United States
09/08/2025,CONUS - P'loss,2239.474,United States
09/09/2025,CONUS - P'loss,2239.6187,United States
09/10/2025,CONUS - P'loss,2239.763,United States
09/11/2025,CONUS - P'loss,2239.9072,United States
09/12/2025,CONUS - P'loss,2240.0515,United States
09/13/2025,CONUS - P'loss,2240.1958,United States
09/14/2025,CONUS - P'loss,2240.34,United States
09/15/2025,CONUS - P'loss,2240.4844,United States
09/16/2025,CONUS - P'loss,2240.629,United States
09/17/2025,CONUS - P'loss,2240.773,United States
09/18/2025,CONUS - P'loss,2240.9175,United States
09/19/2025,CONUS - P'loss,2241.0618,United States
09/20/2025,CONUS - P'loss,2241.206,United States
09/21/2025,CONUS - P'loss,2241.3503,United States
09/22/2025,CONUS - P'loss,2241.4949,United States
09/23/2025,CONUS - P'loss,2241.639,United States
09/24/2025,CONUS - P'loss,2241.7834,United States
09/25/2025,CONUS - P'loss,2241.9277,United States
09/26/2025,CONUS - P'loss,2242.072,United States
09/27/2025,CONUS - P'loss,2242.2163,United States
09/28/2025,CONUS - P'loss,2242.3608,United States
09/29/2025,CONUS - P'loss,2242.5051,United States
09/30/2025,CONUS - P'loss,2242.6494,United States
10/01/2025,CONUS - P'loss,2241.4778,United States
10/02/2025,CONUS - P'loss,2241.5376,United States
10/03/2025,CONUS - P'loss,2241.5974,United States
10/04/2025,CONUS - P'loss,2241.6572,United States
10/05/2025,CONUS - P'loss,2241.717,United States
10/06/2025,CONUS - P'loss,2241.7769,United States
10/07/2025,CONUS - P'loss,2241.8367,United States
10/08/2025,CONUS - P'loss,2241.8965,United States
10/09/2025,CONUS - P'loss,2241.9565,United States
10/10/2025,CONUS - P'loss,2242.016,United States
10/11/2025,CONUS - P'loss,2242.076,United States
10/12/2025,CONUS - P'loss,2242.1357,United States
10/13/2025,CONUS - P'loss,2242.1956,United States
10/14/2025,CONUS - P'loss,2242.2554,United States
10/15/2025,CONUS - P'loss,2242.3152,United States
10/16/2025,CONUS - P'loss,2242.375,United States
10/17/2025,CONUS - P'loss,2242.4348,United States
10/18/2025,CONUS - P'loss,2242.4946,United States
10/19/2025,CONUS - P'loss,2242.5544,United States
10/20/2025,CONUS - P'loss,2242.6143,United States
10/21/2025,CONUS - P'loss,2242.6743,United States
10/22/2025,CONUS - P'loss,2242.7341,United States
10/23/2025,CONUS - P'loss,2242.7937,United States
10/24/2025,CONUS - P'loss,2242.8538,United States
10/25/2025,CONUS - P'loss,2242.9133,United States
10/26/2025,CONUS - P'loss,2242.9731,United States
10/27/2025,CONUS - P'loss,2243.033,United States
10/28/2025,CONUS - P'loss,2243.093,United States
10/29/2025,CONUS - P'loss,2243.1526,United States
10/30/2025,CONUS - P'loss,2243.2124,United States
10/31/2025,CONUS - P'loss,2243.2722,United States
11/01/2025,CONUS - P'loss,2244.6394,United States
11/02/2025,CONUS - P'loss,2244.5208,United States
11/03/2025,CONUS - P'loss,2244.402,United States
11/04/2025,CONUS - P'loss,2244.2834,United States
11/05/2025,CONUS - P'loss,2244.1648,United States
11/06/2025,CONUS - P'loss,2244.0461,United States
11/07/2025,CONUS - P'loss,2243.9275,United States
11/08/2025,CONUS - P'loss,2243.8086,United States
11/09/2025,CONUS - P'loss,2243.6902,United States
11/10/2025,CONUS - P'loss,2243.5715,United States
11/11/2025,CONUS - P'loss,2243.453,United States
11/12/2025,CONUS - P'loss,2243.3342,United States
11/13/2025,CONUS - P'loss,2243.2156,United States
11/14/2025,CONUS - P'loss,2243.097,United States
11/15/2025,CONUS - P'loss,2242.9783,United States
11/16/2025,CONUS - P'loss,2242.8594,United States
11/17/2025,CONUS - P'loss,2242.741,United States
11/18/2025,CONUS - P'loss,2242.6223,United States
11/19/2025,CONUS - P'loss,2242.5037,United States
11/20/2025,CONUS - P'loss,2242.385,United States
11/21/2025,CONUS - P'loss,2242.2666,United States
11/22/2025,CONUS - P'loss,2242.1477,United States
11/23/2025,CONUS - P'loss,2242.029,United States
11/24/2025,CONUS - P'loss,2241.9104,United States
11/25/2025,CONUS - P'loss,2241.7917,United States
11/26/2025,CONUS - P'loss,2241.673,United States
11/27/2025,CONUS - P'loss,2241.5544,United States
11/28/2025,CONUS - P'loss,2241.4358,United States
11/29/2025,CONUS - P'loss,2241.3171,United States
11/30/2025,CONUS - P'loss,2241.1985,United States
12/01/2025,CONUS - P'loss,2245.845,United States
12/02/2025,CONUS - P'loss,2245.5662,United States
12/03/2025,CONUS - P'loss,2245.2874,United States
12/04/2025,CONUS - P'loss,2245.0085,United States
12/05/2025,CONUS - P'loss,2244.73,United States
12/06/2025,CONUS - P'loss,2244.4514,United States
12/07/2025,CONUS - P'loss,2244.1726,United States
12/08/2025,CONUS - P'loss,2243.8938,United States
12/09/2025,CONUS - P'loss,2243.6152,United States
12/10/2025,CONUS - P'loss,2243.3364,United States
12/11/2025,CONUS - P'loss,2243.0579,United States
12/12/2025,CONUS - P'loss,2242.7793,United States
12/13/2025,CONUS - P'loss,2242.5005,United States
12/14/2025,CONUS - P'loss,2242.222,United States
12/15/2025,CONUS - P'loss,2241.943,United States
12/16/2025,CONUS - P'loss,2241.6643,United States
12/17/2025,CONUS - P'loss,2241.3857,United States
12/18/2025,CONUS - P'loss,2241.107,United States
12/19/2025,CONUS - P'loss,2240.8284,United States
12/20/2025,CONUS - P'loss,2240.5496,United States
12/21/2025,CONUS - P'loss,2240.2708,United States
12/22/2025,CONUS - P'loss,2239.9922,United States
12/23/2025,CONUS - P'loss,2239.7136,United States
12/24/2025,CONUS - P'loss,2239.4348,United States
12/25/2025,CONUS - P'loss,2239.1562,United States
12/26/2025,CONUS - P'loss,2238.8774,United States
12/27/2025,CONUS - P'loss,2238.5986,United States
12/28/2025,CONUS - P'loss,2238.32,United States
12/29/2025,CONUS - P'loss,2238.0415,United States
12/30/2025,CONUS - P'loss,2237.763,United States
12/31/2025,CONUS - P'loss,2237.4841,United States
07/22/2025,CONUS - Power,45922.797,Lower 48
07/23/2025,CONUS - Power,46403.086,Lower 48
07/24/2025,CONUS - Power,48809.496,Lower 48
07/25/2025,CONUS - Power,50240.223,Lower 48
07/26/2025,CONUS - Power,44976.26,Lower 48
07/27/2025,CONUS - Power,43726.86,Lower 48
07/28/2025,CONUS - Power,49380.03,Lower 48
07/29/2025,CONUS - Power,50321.82,Lower 48
07/30/2025,CONUS - Power,49765.402,Lower 48
07/31/2025,CONUS - Power,47507.11,Lower 48
08/01/2025,CONUS - Power,45957.38,Lower 48
08/02/2025,CONUS - Power,41359.848,Lower 48
08/03/2025,CONUS - Power,41564.99,Lower 48
08/04/2025,CONUS - Power,46174.383,Lower 48
08/05/2025,CONUS - Power,46654.22,Lower 48
07/22/2025,CONUS - ResCom,8647.3545,Lower 48
07/23/2025,CONUS - ResCom,8570.617,Lower 48
07/24/2025,CONUS - ResCom,8645.761,Lower 48
07/25/2025,CONUS - ResCom,9095.854,Lower 48
07/26/2025,CONUS - ResCom,8226.905,Lower 48
07/27/2025,CONUS - ResCom,7838.95,Lower 48
07/28/2025,CONUS - ResCom,8662.888,Lower 48
07/29/2025,CONUS - ResCom,8714.259,Lower 48
07/30/2025,CONUS - ResCom,8774.989,Lower 48
07/31/2025,CONUS - ResCom,8644.982,Lower 48
08/01/2025,CONUS - ResCom,8428.4795,Lower 48
08/02/2025,CONUS - ResCom,7517.698,Lower 48
08/03/2025,CONUS - ResCom,7461.1543,Lower 48
08/04/2025,CONUS - ResCom,8268.841,Lower 48
08/05/2025,CONUS - ResCom,8272.1455,Lower 48
07/22/2025,Midwest - Balance,-12007.4316,Midwest
07/23/2025,Midwest - Balance,-12624.8188,Midwest
07/24/2025,Midwest - Balance,-13098.9458,Midwest
07/25/2025,Midwest - Balance,-12450.9038,Midwest
07/26/2025,Midwest - Balance,-11153.1991,Midwest
07/27/2025,Midwest - Balance,-11348.7421,Midwest
07/28/2025,Midwest - Balance,-12757.2998,Midwest
07/29/2025,Midwest - Balance,-12592.9732,Midwest
07/30/2025,Midwest - Balance,-11706.1453,Midwest
07/31/2025,Midwest - Balance,-11424.3276,Midwest
08/01/2025,Midwest - Balance,-11432.048200000001,Midwest
08/02/2025,Midwest - Balance,-10391.189999999999,Midwest
08/03/2025,Midwest - Balance,-10463.592499999999,Midwest
08/04/2025,Midwest - Balance,-11752.9398,Midwest
08/05/2025,Midwest - Balance,-11854.9669,Midwest
08/06/2025,Midwest - Balance,0.0,Midwest
08/07/2025,Midwest - Balance,0.0,Midwest
08/08/2025,Midwest - Balance,0.0,Midwest
08/09/2025,Midwest - Balance,0.0,Midwest
08/10/2025,Midwest - Balance,0.0,Midwest
08/11/2025,Midwest - Balance,0.0,Midwest
08/12/2025,Midwest - Balance,0.0,Midwest
08/13/2025,Midwest - Balance,0.0,Midwest
08/14/2025,Midwest - Balance,0.0,Midwest
08/15/2025,Midwest - Balance,0.0,Midwest
08/16/2025,Midwest - Balance,0.0,Midwest
08/17/2025,Midwest - Balance,0.0,Midwest
08/18/2025,Midwest - Balance,0.0,Midwest
08/19/2025,Midwest - Balance,0.0,Midwest
08/20/2025,Midwest - Balance,0.0,Midwest
08/21/2025,Midwest - Balance,0.0,Midwest
08/22/2025,Midwest - Balance,0.0,Midwest
08/23/2025,Midwest - Balance,0.0,Midwest
08/24/2025,Midwest - Balance,0.0,Midwest
08/25/2025,Midwest - Balance,0.0,Midwest
08/26/2025,Midwest - Balance,0.0,Midwest
08/27/2025,Midwest - Balance,0.0,Midwest
08/28/2025,Midwest - Balance,0.0,Midwest
08/29/2025,Midwest - Balance,0.0,Midwest
08/30/2025,Midwest - Balance,0.0,Midwest
08/31/2025,Midwest - Balance,0.0,Midwest
09/01/2025,Midwest - Balance,0.0,Midwest
09/02/2025,Midwest - Balance,0.0,Midwest
09/03/2025,Midwest - Balance,0.0,Midwest
09/04/2025,Midwest - Balance,0.0,Midwest
09/05/2025,Midwest - Balance,0.0,Midwest
09/06/2025,Midwest - Balance,0.0,Midwest
09/07/2025,Midwest - Balance,0.0,Midwest
09/08/2025,Midwest - Balance,0.0,Midwest
09/09/2025,Midwest - Balance,0.0,Midwest
09/10/2025,Midwest - Balance,0.0,Midwest
09/11/2025,Midwest - Balance,0.0,Midwest
09/12/2025,Midwest - Balance,0.0,Midwest
09/13/2025,Midwest - Balance,0.0,Midwest
09/14/2025,Midwest - Balance,0.0,Midwest
09/15/2025,Midwest - Balance,0.0,Midwest
09/16/2025,Midwest - Balance,0.0,Midwest
09/17/2025,Midwest - Balance,0.0,Midwest
09/18/2025,Midwest - Balance,0.0,Midwest
09/19/2025,Midwest - Balance,0.0,Midwest
09/20/2025,Midwest - Balance,0.0,Midwest
09/21/2025,Midwest - Balance,0.0,Midwest
09/22/2025,Midwest - Balance,0.0,Midwest
09/23/2025,Midwest - Balance,0.0,Midwest
09/24/2025,Midwest - Balance,0.0,Midwest
09/25/2025,Midwest - Balance,0.0,Midwest
09/26/2025,Midwest - Balance,0.0,Midwest
09/27/2025,Midwest - Balance,0.0,Midwest
09/28/2025,Midwest - Balance,0.0,Midwest
09/29/2025,Midwest - Balance,0.0,Midwest
09/30/2025,Midwest - Balance,0.0,Midwest
10/01/2025,Midwest - Balance,0.0,Midwest
10/02/2025,Midwest - Balance,0.0,Midwest
10/03/2025,Midwest - Balance,0.0,Midwest
10/04/2025,Midwest - Balance,0.0,Midwest
10/05/2025,Midwest - Balance,0.0,Midwest
10/06/2025,Midwest - Balance,0.0,Midwest
10/07/2025,Midwest - Balance,0.0,Midwest
10/08/2025,Midwest - Balance,0.0,Midwest
10/09/2025,Midwest - Balance,0.0,Midwest
10/10/2025,Midwest - Balance,0.0,Midwest
10/11/2025,Midwest - Balance,0.0,Midwest
10/12/2025,Midwest - Balance,0.0,Midwest
10/13/2025,Midwest - Balance,0.0,Midwest
10/14/2025,Midwest - Balance,0.0,Midwest
10/15/2025,Midwest - Balance,0.0,Midwest
10/16/2025,Midwest - Balance,0.0,Midwest
10/17/2025,Midwest - Balance,0.0,Midwest
10/18/2025,Midwest - Balance,0.0,Midwest
10/19/2025,Midwest - Balance,0.0,Midwest
10/20/2025,Midwest - Balance,0.0,Midwest
10/21/2025,Midwest - Balance,0.0,Midwest
10/22/2025,Midwest - Balance,0.0,Midwest
10/23/2025,Midwest - Balance,0.0,Midwest
10/24/2025,Midwest - Balance,0.0,Midwest
10/25/2025,Midwest - Balance,0.0,Midwest
10/26/2025,Midwest - Balance,0.0,Midwest
10/27/2025,Midwest - Balance,0.0,Midwest
10/28/2025,Midwest - Balance,0.0,Midwest
10/29/2025,Midwest - Balance,0.0,Midwest
10/30/2025,Midwest - Balance,0.0,Midwest
10/31/2025,Midwest - Balance,0.0,Midwest
11/01/2025,Midwest - Balance,0.0,Midwest
11/02/2025,Midwest - Balance,0.0,Midwest
11/03/2025,Midwest - Balance,0.0,Midwest
11/04/2025,Midwest - Balance,0.0,Midwest
11/05/2025,Midwest - Balance,0.0,Midwest
11/06/2025,Midwest - Balance,0.0,Midwest
11/07/2025,Midwest - Balance,0.0,Midwest
11/08/2025,Midwest - Balance,0.0,Midwest
11/09/2025,Midwest - Balance,0.0,Midwest
11/10/2025,Midwest - Balance,0.0,Midwest
11/11/2025,Midwest - Balance,0.0,Midwest
11/12/2025,Midwest - Balance,0.0,Midwest
11/13/2025,Midwest - Balance,0.0,Midwest
11/14/2025,Midwest - Balance,0.0,Midwest
11/15/2025,Midwest - Balance,0.0,Midwest
11/16/2025,Midwest - Balance,0.0,Midwest
11/17/2025,Midwest - Balance,0.0,Midwest
11/18/2025,Midwest - Balance,0.0,Midwest
11/19/2025,Midwest - Balance,0.0,Midwest
11/20/2025,Midwest - Balance,0.0,Midwest
11/21/2025,Midwest - Balance,0.0,Midwest
11/22/2025,Midwest - Balance,0.0,Midwest
11/23/2025,Midwest - Balance,0.0,Midwest
11/24/2025,Midwest - Balance,0.0,Midwest
11/25/2025,Midwest - Balance,0.0,Midwest
11/26/2025,Midwest - Balance,0.0,Midwest
11/27/2025,Midwest - Balance,0.0,Midwest
11/28/2025,Midwest - Balance,0.0,Midwest
11/29/2025,Midwest - Balance,0.0,Midwest
11/30/2025,Midwest - Balance,0.0,Midwest
12/01/2025,Midwest - Balance,0.0,Midwest
12/02/2025,Midwest - Balance,0.0,Midwest
12/03/2025,Midwest - Balance,0.0,Midwest
12/04/2025,Midwest - Balance,0.0,Midwest
12/05/2025,Midwest - Balance,0.0,Midwest
12/06/2025,Midwest - Balance,0.0,Midwest
12/07/2025,Midwest - Balance,0.0,Midwest
12/08/2025,Midwest - Balance,0.0,Midwest
12/09/2025,Midwest - Balance,0.0,Midwest
12/10/2025,Midwest - Balance,0.0,Midwest
12/11/2025,Midwest - Balance,0.0,Midwest
12/12/2025,Midwest - Balance,0.0,Midwest
12/13/2025,Midwest - Balance,0.0,Midwest
12/14/2025,Midwest - Balance,0.0,Midwest
12/15/2025,Midwest - Balance,0.0,Midwest
12/16/2025,Midwest - Balance,0.0,Midwest
12/17/2025,Midwest - Balance,0.0,Midwest
12/18/2025,Midwest - Balance,0.0,Midwest
12/19/2025,Midwest - Balance,0.0,Midwest
12/20/2025,Midwest - Balance,0.0,Midwest
12/21/2025,Midwest - Balance,0.0,Midwest
12/22/2025,Midwest - Balance,0.0,Midwest
12/23/2025,Midwest - Balance,0.0,Midwest
12/24/2025,Midwest - Balance,0.0,Midwest
12/25/2025,Midwest - Balance,0.0,Midwest
12/26/2025,Midwest - Balance,0.0,Midwest
12/27/2025,Midwest - Balance,0.0,Midwest
12/28/2025,Midwest - Balance,0.0,Midwest
12/29/2025,Midwest - Balance,0.0,Midwest
12/30/2025,Midwest - Balance,0.0,Midwest
12/31/2025,Midwest - Balance,0.0,Midwest
07/22/2025,Midwest - Ind,4013.048,Midwest
07/23/2025,Midwest - Ind,4013.048,Midwest
07/24/2025,Midwest - Ind,4013.048,Midwest
07/25/2025,Midwest - Ind,4013.048,Midwest
07/26/2025,Midwest - Ind,3611.7432,Midwest
07/27/2025,Midwest - Ind,3611.7432,Midwest
07/28/2025,Midwest - Ind,4013.048,Midwest
07/29/2025,Midwest - Ind,4013.048,Midwest
07/30/2025,Midwest - Ind,4024.0317,Midwest
07/31/2025,Midwest - Ind,4099.108,Midwest
08/01/2025,Midwest - Ind,4191.0127,Midwest
08/02/2025,Midwest - Ind,3741.9832,Midwest
08/03/2025,Midwest - Ind,3721.9946,Midwest
08/04/2025,Midwest - Ind,4102.473,Midwest
08/05/2025,Midwest - Ind,4092.1228,Midwest
07/22/2025,Midwest - Power,6093.9404,Midwest
07/23/2025,Midwest - Power,6711.3276,Midwest
07/24/2025,Midwest - Power,7185.4546,Midwest
07/25/2025,Midwest - Power,6537.4126,Midwest
07/26/2025,Midwest - Power,5831.057,Midwest
07/27/2025,Midwest - Power,6026.6,Midwest
07/28/2025,Midwest - Power,6843.8086,Midwest
07/29/2025,Midwest - Power,6679.482,Midwest
07/30/2025,Midwest - Power,5781.6704,Midwest
07/31/2025,Midwest - Power,5424.7764,Midwest
08/01/2025,Midwest - Power,5376.4497,Midwest
08/02/2025,Midwest - Power,4971.0796,Midwest
08/03/2025,Midwest - Power,5063.4707,Midwest
08/04/2025,Midwest - Power,5785.881,Midwest
08/05/2025,Midwest - Power,5898.2583,Midwest
07/22/2025,Midwest - ResCom,1900.4432,Midwest
07/23/2025,Midwest - ResCom,1900.4432,Midwest
07/24/2025,Midwest - ResCom,1900.4432,Midwest
07/25/2025,Midwest - ResCom,1900.4432,Midwest
07/26/2025,Midwest - ResCom,1710.3989,Midwest
07/27/2025,Midwest - ResCom,1710.3989,Midwest
07/28/2025,Midwest - ResCom,1900.4432,Midwest
07/29/2025,Midwest - ResCom,1900.4432,Midwest
07/30/2025,Midwest - ResCom,1900.4432,Midwest
07/31/2025,Midwest - ResCom,1900.4432,Midwest
08/01/2025,Midwest - ResCom,1864.5858,Midwest
08/02/2025,Midwest - ResCom,1678.1272,Midwest
08/03/2025,Midwest - ResCom,1678.1272,Midwest
08/04/2025,Midwest - ResCom,1864.5858,Midwest
08/05/2025,Midwest - ResCom,1864.5858,Midwest
07/22/2025,Northeast - Balance,-16196.065200000001,Northeast
07/23/2025,Northeast - Balance,-16665.8728,Northeast
07/24/2025,Northeast - Balance,-18198.590799999998,Northeast
07/25/2025,Northeast - Balance,-20278.833,Northeast
07/26/2025,Northeast - Balance,-18142.4367,Northeast
07/27/2025,Northeast - Balance,-16305.459,Northeast
07/28/2025,Northeast - Balance,-17988.072099999998,Northeast
07/29/2025,Northeast - Balance,-18529.3265,Northeast
07/30/2025,Northeast - Balance,-18649.4222,Northeast
07/31/2025,Northeast - Balance,-16956.0188,Northeast
08/01/2025,Northeast - Balance,-16055.1305,Northeast
08/02/2025,Northeast - Balance,-14539.8308,Northeast
08/03/2025,Northeast - Balance,-14645.4536,Northeast
08/04/2025,Northeast - Balance,-16477.9461,Northeast
08/05/2025,Northeast - Balance,-16763.2961,Northeast
08/06/2025,Northeast - Balance,0.0,Northeast
08/07/2025,Northeast - Balance,0.0,Northeast
08/08/2025,Northeast - Balance,0.0,Northeast
08/09/2025,Northeast - Balance,0.0,Northeast
08/10/2025,Northeast - Balance,0.0,Northeast
08/11/2025,Northeast - Balance,0.0,Northeast
08/12/2025,Northeast - Balance,0.0,Northeast
08/13/2025,Northeast - Balance,0.0,Northeast
08/14/2025,Northeast - Balance,0.0,Northeast
08/15/2025,Northeast - Balance,0.0,Northeast
08/16/2025,Northeast - Balance,0.0,Northeast
08/17/2025,Northeast - Balance,0.0,Northeast
08/18/2025,Northeast - Balance,0.0,Northeast
08/19/2025,Northeast - Balance,0.0,Northeast
08/20/2025,Northeast - Balance,0.0,Northeast
08/21/2025,Northeast - Balance,0.0,Northeast
08/22/2025,Northeast - Balance,0.0,Northeast
08/23/2025,Northeast - Balance,0.0,Northeast
08/24/2025,Northeast - Balance,0.0,Northeast
08/25/2025,Northeast - Balance,0.0,Northeast
08/26/2025,Northeast - Balance,0.0,Northeast
08/27/2025,Northeast - Balance,0.0,Northeast
08/28/2025,Northeast - Balance,0.0,Northeast
08/29/2025,Northeast - Balance,0.0,Northeast
08/30/2025,Northeast - Balance,0.0,Northeast
08/31/2025,Northeast - Balance,0.0,Northeast
09/01/2025,Northeast - Balance,0.0,Northeast
09/02/2025,Northeast - Balance,0.0,Northeast
09/03/2025,Northeast - Balance,0.0,Northeast
09/04/2025,Northeast - Balance,0.0,Northeast
09/05/2025,Northeast - Balance,0.0,Northeast
09/06/2025,Northeast - Balance,0.0,Northeast
09/07/2025,Northeast - Balance,0.0,Northeast
09/08/2025,Northeast - Balance,0.0,Northeast
09/09/2025,Northeast - Balance,0.0,Northeast
09/10/2025,Northeast - Balance,0.0,Northeast
09/11/2025,Northeast - Balance,0.0,Northeast
09/12/2025,Northeast - Balance,0.0,Northeast
09/13/2025,Northeast - Balance,0.0,Northeast
09/14/2025,Northeast - Balance,0.0,Northeast
09/15/2025,Northeast - Balance,0.0,Northeast
09/16/2025,Northeast - Balance,0.0,Northeast
09/17/2025,Northeast - Balance,0.0,Northeast
09/18/2025,Northeast - Balance,0.0,Northeast
09/19/2025,Northeast - Balance,0.0,Northeast
09/20/2025,Northeast - Balance,0.0,Northeast
09/21/2025,Northeast - Balance,0.0,Northeast
09/22/2025,Northeast - Balance,0.0,Northeast
09/23/2025,Northeast - Balance,0.0,Northeast
09/24/2025,Northeast - Balance,0.0,Northeast
09/25/2025,Northeast - Balance,0.0,Northeast
09/26/2025,Northeast - Balance,0.0,Northeast
09/27/2025,Northeast - Balance,0.0,Northeast
09/28/2025,Northeast - Balance,0.0,Northeast
09/29/2025,Northeast - Balance,0.0,Northeast
09/30/2025,Northeast - Balance,0.0,Northeast
10/01/2025,Northeast - Balance,0.0,Northeast
10/02/2025,Northeast - Balance,0.0,Northeast
10/03/2025,Northeast - Balance,0.0,Northeast
10/04/2025,Northeast - Balance,0.0,Northeast
10/05/2025,Northeast - Balance,0.0,Northeast
10/06/2025,Northeast - Balance,0.0,Northeast
10/07/2025,Northeast - Balance,0.0,Northeast
10/08/2025,Northeast - Balance,0.0,Northeast
10/09/2025,Northeast - Balance,0.0,Northeast
10/10/2025,Northeast - Balance,0.0,Northeast
10/11/2025,Northeast - Balance,0.0,Northeast
10/12/2025,Northeast - Balance,0.0,Northeast
10/13/2025,Northeast - Balance,0.0,Northeast
10/14/2025,Northeast - Balance,0.0,Northeast
10/15/2025,Northeast - Balance,0.0,Northeast
10/16/2025,Northeast - Balance,0.0,Northeast
10/17/2025,Northeast - Balance,0.0,Northeast
10/18/2025,Northeast - Balance,0.0,Northeast
10/19/2025,Northeast - Balance,0.0,Northeast
10/20/2025,Northeast - Balance,0.0,Northeast
10/21/2025,Northeast - Balance,0.0,Northeast
10/22/2025,Northeast - Balance,0.0,Northeast
10/23/2025,Northeast - Balance,0.0,Northeast
10/24/2025,Northeast - Balance,0.0,Northeast
10/25/2025,Northeast - Balance,0.0,Northeast
10/26/2025,Northeast - Balance,0.0,Northeast
10/27/2025,Northeast - Balance,0.0,Northeast
10/28/2025,Northeast - Balance,0.0,Northeast
10/29/2025,Northeast - Balance,0.0,Northeast
10/30/2025,Northeast - Balance,0.0,Northeast
10/31/2025,Northeast - Balance,0.0,Northeast
11/01/2025,Northeast - Balance,0.0,Northeast
11/02/2025,Northeast - Balance,0.0,Northeast
11/03/2025,Northeast - Balance,0.0,Northeast
11/04/2025,Northeast - Balance,0.0,Northeast
11/05/2025,Northeast - Balance,0.0,Northeast
11/06/2025,Northeast - Balance,0.0,Northeast
11/07/2025,Northeast - Balance,0.0,Northeast
11/08/2025,Northeast - Balance,0.0,Northeast
11/09/2025,Northeast - Balance,0.0,Northeast
11/10/2025,Northeast - Balance,0.0,Northeast
11/11/2025,Northeast - Balance,0.0,Northeast
11/12/2025,Northeast - Balance,0.0,Northeast
11/13/2025,Northeast - Balance,0.0,Northeast
11/14/2025,Northeast - Balance,0.0,Northeast
11/15/2025,Northeast - Balance,0.0,Northeast
11/16/2025,Northeast - Balance,0.0,Northeast
11/17/2025,Northeast - Balance,0.0,Northeast
11/18/2025,Northeast - Balance,0.0,Northeast
11/19/2025,Northeast - Balance,0.0,Northeast
11/20/2025,Northeast - Balance,0.0,Northeast
11/21/2025,Northeast - Balance,0.0,Northeast
11/22/2025,Northeast - Balance,0.0,Northeast
11/23/2025,Northeast - Balance,0.0,Northeast
11/24/2025,Northeast - Balance,0.0,Northeast
11/25/2025,Northeast - Balance,0.0,Northeast
11/26/2025,Northeast - Balance,0.0,Northeast
11/27/2025,Northeast - Balance,0.0,Northeast
11/28/2025,Northeast - Balance,0.0,Northeast
11/29/2025,Northeast - Balance,0.0,Northeast
11/30/2025,Northeast - Balance,0.0,Northeast
12/01/2025,Northeast - Balance,0.0,Northeast
12/02/2025,Northeast - Balance,0.0,Northeast
12/03/2025,Northeast - Balance,0.0,Northeast
12/04/2025,Northeast - Balance,0.0,Northeast
12/05/2025,Northeast - Balance,0.0,Northeast
12/06/2025,Northeast - Balance,0.0,Northeast
12/07/2025,Northeast - Balance,0.0,Northeast
12/08/2025,Northeast - Balance,0.0,Northeast
12/09/2025,Northeast - Balance,0.0,Northeast
12/10/2025,Northeast - Balance,0.0,Northeast
12/11/2025,Northeast - Balance,0.0,Northeast
12/12/2025,Northeast - Balance,0.0,Northeast
12/13/2025,Northeast - Balance,0.0,Northeast
12/14/2025,Northeast - Balance,0.0,Northeast
12/15/2025,Northeast - Balance,0.0,Northeast
12/16/2025,Northeast - Balance,0.0,Northeast
12/17/2025,Northeast - Balance,0.0,Northeast
12/18/2025,Northeast - Balance,0.0,Northeast
12/19/2025,Northeast - Balance,0.0,Northeast
12/20/2025,Northeast - Balance,0.0,Northeast
12/21/2025,Northeast - Balance,0.0,Northeast
12/22/2025,Northeast - Balance,0.0,Northeast
12/23/2025,Northeast - Balance,0.0,Northeast
12/24/2025,Northeast - Balance,0.0,Northeast
12/25/2025,Northeast - Balance,0.0,Northeast
12/26/2025,Northeast - Balance,0.0,Northeast
12/27/2025,Northeast - Balance,0.0,Northeast
12/28/2025,Northeast - Balance,0.0,Northeast
12/29/2025,Northeast - Balance,0.0,Northeast
12/30/2025,Northeast - Balance,0.0,Northeast
12/31/2025,Northeast - Balance,0.0,Northeast
07/22/2025,Northeast - Ind,2680.1472,Northeast
07/23/2025,Northeast - Ind,2669.0288,Northeast
07/24/2025,Northeast - Ind,2669.0288,Northeast
07/25/2025,Northeast - Ind,2669.0288,Northeast
07/26/2025,Northeast - Ind,2402.1257,Northeast
07/27/2025,Northeast - Ind,2402.1257,Northeast
07/28/2025,Northeast - Ind,2669.0288,Northeast
07/29/2025,Northeast - Ind,2669.0288,Northeast
07/30/2025,Northeast - Ind,2669.0288,Northeast
07/31/2025,Northeast - Ind,2669.0288,Northeast
08/01/2025,Northeast - Ind,2684.2332,Northeast
08/02/2025,Northeast - Ind,2411.7666,Northeast
08/03/2025,Northeast - Ind,2407.1624,Northeast
08/04/2025,Northeast - Ind,2669.0288,Northeast
08/05/2025,Northeast - Ind,2669.0288,Northeast
07/22/2025,Northeast - Power,10872.449,Northeast
07/23/2025,Northeast - Power,11353.375,Northeast
07/24/2025,Northeast - Power,12823.001,Northeast
07/25/2025,Northeast - Power,14528.906,Northeast
07/26/2025,Northeast - Power,12990.986,Northeast
07/27/2025,Northeast - Power,11476.876,Northeast
07/28/2025,Northeast - Power,12638.774,Northeast
07/29/2025,Northeast - Power,13107.14,Northeast
07/30/2025,Northeast - Power,13208.858,Northeast
07/31/2025,Northeast - Power,11643.521,Northeast
08/01/2025,Northeast - Power,10777.305,Northeast
08/02/2025,Northeast - Power,9793.831,Northeast
08/03/2025,Northeast - Power,9904.058,Northeast
08/04/2025,Northeast - Power,11215.325,Northeast
08/05/2025,Northeast - Power,11500.675,Northeast
07/22/2025,Northeast - ResCom,2643.469,Northeast
07/23/2025,Northeast - ResCom,2643.469,Northeast
07/24/2025,Northeast - ResCom,2706.561,Northeast
07/25/2025,Northeast - ResCom,3080.8982,Northeast
07/26/2025,Northeast - ResCom,2749.325,Northeast
07/27/2025,Northeast - ResCom,2426.4573,Northeast
07/28/2025,Northeast - ResCom,2680.2693,Northeast
07/29/2025,Northeast - ResCom,2753.1577,Northeast
07/30/2025,Northeast - ResCom,2771.5354,Northeast
07/31/2025,Northeast - ResCom,2643.469,Northeast
08/01/2025,Northeast - ResCom,2593.5923,Northeast
08/02/2025,Northeast - ResCom,2334.2332,Northeast
08/03/2025,Northeast - ResCom,2334.2332,Northeast
08/04/2025,Northeast - ResCom,2593.5923,Northeast
08/05/2025,Northeast - ResCom,2593.5923,Northeast
07/22/2025,Rockies - Balance,-5073.81345,Rockies
07/23/2025,Rockies - Balance,-5020.5154,Rockies
07/24/2025,Rockies - Balance,-4952.26706,Rockies
07/25/2025,Rockies - Balance,-5038.0208600000005,Rockies
07/26/2025,Rockies - Balance,-4622.303,Rockies
07/27/2025,Rockies - Balance,-4690.5127999999995,Rockies
07/28/2025,Rockies - Balance,-5299.2914,Rockies
07/29/2025,Rockies - Balance,-5325.8134,Rockies
07/30/2025,Rockies - Balance,-5281.670099999999,Rockies
07/31/2025,Rockies - Balance,-5203.07294,Rockies
08/01/2025,Rockies - Balance,-5173.1807,Rockies
08/02/2025,Rockies - Balance,-4688.9438,Rockies
08/03/2025,Rockies - Balance,-4699.25,Rockies
08/04/2025,Rockies - Balance,-5219.6651999999995,Rockies
08/05/2025,Rockies - Balance,-5219.6651999999995,Rockies
08/06/2025,Rockies - Balance,0.0,Rockies
08/07/2025,Rockies - Balance,0.0,Rockies
08/08/2025,Rockies - Balance,0.0,Rockies
08/09/2025,Rockies - Balance,0.0,Rockies
08/10/2025,Rockies - Balance,0.0,Rockies
08/11/2025,Rockies - Balance,0.0,Rockies
08/12/2025,Rockies - Balance,0.0,Rockies
08/13/2025,Rockies - Balance,0.0,Rockies
08/14/2025,Rockies - Balance,0.0,Rockies
08/15/2025,Rockies - Balance,0.0,Rockies
08/16/2025,Rockies - Balance,0.0,Rockies
08/17/2025,Rockies - Balance,0.0,Rockies
08/18/2025,Rockies - Balance,0.0,Rockies
08/19/2025,Rockies - Balance,0.0,Rockies
08/20/2025,Rockies - Balance,0.0,Rockies
08/21/2025,Rockies - Balance,0.0,Rockies
08/22/2025,Rockies - Balance,0.0,Rockies
08/23/2025,Rockies - Balance,0.0,Rockies
08/24/2025,Rockies - Balance,0.0,Rockies
08/25/2025,Rockies - Balance,0.0,Rockies
08/26/2025,Rockies - Balance,0.0,Rockies
08/27/2025,Rockies - Balance,0.0,Rockies
08/28/2025,Rockies - Balance,0.0,Rockies
08/29/2025,Rockies - Balance,0.0,Rockies
08/30/2025,Rockies - Balance,0.0,Rockies
08/31/2025,Rockies - Balance,0.0,Rockies
09/01/2025,Rockies - Balance,0.0,Rockies
09/02/2025,Rockies - Balance,0.0,Rockies
09/03/2025,Rockies - Balance,0.0,Rockies
09/04/2025,Rockies - Balance,0.0,Rockies
09/05/2025,Rockies - Balance,0.0,Rockies
09/06/2025,Rockies - Balance,0.0,Rockies
09/07/2025,Rockies - Balance,0.0,Rockies
09/08/2025,Rockies - Balance,0.0,Rockies
09/09/2025,Rockies - Balance,0.0,Rockies
09/10/2025,Rockies - Balance,0.0,Rockies
09/11/2025,Rockies - Balance,0.0,Rockies
09/12/2025,Rockies - Balance,0.0,Rockies
09/13/2025,Rockies - Balance,0.0,Rockies
09/14/2025,Rockies - Balance,0.0,Rockies
09/15/2025,Rockies - Balance,0.0,Rockies
09/16/2025,Rockies - Balance,0.0,Rockies
09/17/2025,Rockies - Balance,0.0,Rockies
09/18/2025,Rockies - Balance,0.0,Rockies
09/19/2025,Rockies - Balance,0.0,Rockies
09/20/2025,Rockies - Balance,0.0,Rockies
09/21/2025,Rockies - Balance,0.0,Rockies
09/22/2025,Rockies - Balance,0.0,Rockies
09/23/2025,Rockies - Balance,0.0,Rockies
09/24/2025,Rockies - Balance,0.0,Rockies
09/25/2025,Rockies - Balance,0.0,Rockies
09/26/2025,Rockies - Balance,0.0,Rockies
09/27/2025,Rockies - Balance,0.0,Rockies
09/28/2025,Rockies - Balance,0.0,Rockies
09/29/2025,Rockies - Balance,0.0,Rockies
09/30/2025,Rockies - Balance,0.0,Rockies
10/01/2025,Rockies - Balance,0.0,Rockies
10/02/2025,Rockies - Balance,0.0,Rockies
10/03/2025,Rockies - Balance,0.0,Rockies
10/04/2025,Rockies - Balance,0.0,Rockies
10/05/2025,Rockies - Balance,0.0,Rockies
10/06/2025,Rockies - Balance,0.0,Rockies
10/07/2025,Rockies - Balance,0.0,Rockies
10/08/2025,Rockies - Balance,0.0,Rockies
10/09/2025,Rockies - Balance,0.0,Rockies
10/10/2025,Rockies - Balance,0.0,Rockies
10/11/2025,Rockies - Balance,0.0,Rockies
10/12/2025,Rockies - Balance,0.0,Rockies
10/13/2025,Rockies - Balance,0.0,Rockies
10/14/2025,Rockies - Balance,0.0,Rockies
10/15/2025,Rockies - Balance,0.0,Rockies
10/16/2025,Rockies - Balance,0.0,Rockies
10/17/2025,Rockies - Balance,0.0,Rockies
10/18/2025,Rockies - Balance,0.0,Rockies
10/19/2025,Rockies - Balance,0.0,Rockies
10/20/2025,Rockies - Balance,0.0,Rockies
10/21/2025,Rockies - Balance,0.0,Rockies
10/22/2025,Rockies - Balance,0.0,Rockies
10/23/2025,Rockies - Balance,0.0,Rockies
10/24/2025,Rockies - Balance,0.0,Rockies
10/25/2025,Rockies - Balance,0.0,Rockies
10/26/2025,Rockies - Balance,0.0,Rockies
10/27/2025,Rockies - Balance,0.0,Rockies
10/28/2025,Rockies - Balance,0.0,Rockies
10/29/2025,Rockies - Balance,0.0,Rockies
10/30/2025,Rockies - Balance,0.0,Rockies
10/31/2025,Rockies - Balance,0.0,Rockies
11/01/2025,Rockies - Balance,0.0,Rockies
11/02/2025,Rockies - Balance,0.0,Rockies
11/03/2025,Rockies - Balance,0.0,Rockies
11/04/2025,Rockies - Balance,0.0,Rockies
11/05/2025,Rockies - Balance,0.0,Rockies
11/06/2025,Rockies - Balance,0.0,Rockies
11/07/2025,Rockies - Balance,0.0,Rockies
11/08/2025,Rockies - Balance,0.0,Rockies
11/09/2025,Rockies - Balance,0.0,Rockies
11/10/2025,Rockies - Balance,0.0,Rockies
11/11/2025,Rockies - Balance,0.0,Rockies
11/12/2025,Rockies - Balance,0.0,Rockies
11/13/2025,Rockies - Balance,0.0,Rockies
11/14/2025,Rockies - Balance,0.0,Rockies
11/15/2025,Rockies - Balance,0.0,Rockies
11/16/2025,Rockies - Balance,0.0,Rockies
11/17/2025,Rockies - Balance,0.0,Rockies
11/18/2025,Rockies - Balance,0.0,Rockies
11/19/2025,Rockies - Balance,0.0,Rockies
11/20/2025,Rockies - Balance,0.0,Rockies
11/21/2025,Rockies - Balance,0.0,Rockies
11/22/2025,Rockies - Balance,0.0,Rockies
11/23/2025,Rockies - Balance,0.0,Rockies
11/24/2025,Rockies - Balance,0.0,Rockies
11/25/2025,Rockies - Balance,0.0,Rockies
11/26/2025,Rockies - Balance,0.0,Rockies
11/27/2025,Rockies - Balance,0.0,Rockies
11/28/2025,Rockies - Balance,0.0,Rockies
11/29/2025,Rockies - Balance,0.0,Rockies
11/30/2025,Rockies - Balance,0.0,Rockies
12/01/2025,Rockies - Balance,0.0,Rockies
12/02/2025,Rockies - Balance,0.0,Rockies
12/03/2025,Rockies - Balance,0.0,Rockies
12/04/2025,Rockies - Balance,0.0,Rockies
12/05/2025,Rockies - Balance,0.0,Rockies
12/06/2025,Rockies - Balance,0.0,Rockies
12/07/2025,Rockies - Balance,0.0,Rockies
12/08/2025,Rockies - Balance,0.0,Rockies
12/09/2025,Rockies - Balance,0.0,Rockies
12/10/2025,Rockies - Balance,0.0,Rockies
12/11/2025,Rockies - Balance,0.0,Rockies
12/12/2025,Rockies - Balance,0.0,Rockies
12/13/2025,Rockies - Balance,0.0,Rockies
12/14/2025,Rockies - Balance,0.0,Rockies
12/15/2025,Rockies - Balance,0.0,Rockies
12/16/2025,Rockies - Balance,0.0,Rockies
12/17/2025,Rockies - Balance,0.0,Rockies
12/18/2025,Rockies - Balance,0.0,Rockies
12/19/2025,Rockies - Balance,0.0,Rockies
12/20/2025,Rockies - Balance,0.0,Rockies
12/21/2025,Rockies - Balance,0.0,Rockies
12/22/2025,Rockies - Balance,0.0,Rockies
12/23/2025,Rockies - Balance,0.0,Rockies
12/24/2025,Rockies - Balance,0.0,Rockies
12/25/2025,Rockies - Balance,0.0,Rockies
12/26/2025,Rockies - Balance,0.0,Rockies
12/27/2025,Rockies - Balance,0.0,Rockies
12/28/2025,Rockies - Balance,0.0,Rockies
12/29/2025,Rockies - Balance,0.0,Rockies
12/30/2025,Rockies - Balance,0.0,Rockies
12/31/2025,Rockies - Balance,0.0,Rockies
07/22/2025,Rockies - Ind,1167.0248,Rockies
07/23/2025,Rockies - Ind,1182.3026,Rockies
07/24/2025,Rockies - Ind,1195.7072,Rockies
07/25/2025,Rockies - Ind,1182.7491,Rockies
07/26/2025,Rockies - Ind,1051.6206,Rockies
07/27/2025,Rockies - Ind,1051.1381,Rockies
07/28/2025,Rockies - Ind,1168.9098,Rockies
07/29/2025,Rockies - Ind,1169.8119,Rockies
07/30/2025,Rockies - Ind,1176.3871,Rockies
07/31/2025,Rockies - Ind,1182.2455,Rockies
08/01/2025,Rockies - Ind,1181.7578,Rockies
08/02/2025,Rockies - Ind,1060.521,Rockies
08/03/2025,Rockies - Ind,1061.13,Rockies
08/04/2025,Rockies - Ind,1178.1406,Rockies
08/05/2025,Rockies - Ind,1178.1406,Rockies
07/22/2025,Rockies - Power,3214.1338,Rockies
07/23/2025,Rockies - Power,3155.7944,Rockies
07/24/2025,Rockies - Power,3073.489,Rockies
07/25/2025,Rockies - Power,3175.4949,Rockies
07/26/2025,Rockies - Power,2960.1462,Rockies
07/27/2025,Rockies - Power,3032.5928,Rockies
07/28/2025,Rockies - Power,3460.5935,Rockies
07/29/2025,Rockies - Power,3487.3765,Rockies
07/30/2025,Rockies - Power,3436.6807,Rockies
07/31/2025,Rockies - Power,3351.6956,Rockies
08/01/2025,Rockies - Power,3334.419,Rockies
08/02/2025,Rockies - Power,3037.516,Rockies
08/03/2025,Rockies - Power,3047.469,Rockies
08/04/2025,Rockies - Power,3385.1292,Rockies
08/05/2025,Rockies - Power,3385.1292,Rockies
07/22/2025,Rockies - ResCom,692.65485,Rockies
07/23/2025,Rockies - ResCom,682.4184,Rockies
07/24/2025,Rockies - ResCom,683.07086,Rockies
07/25/2025,Rockies - ResCom,679.77686,Rockies
07/26/2025,Rockies - ResCom,610.5362,Rockies
07/27/2025,Rockies - ResCom,606.7819,Rockies
07/28/2025,Rockies - ResCom,669.7881,Rockies
07/29/2025,Rockies - ResCom,668.625,Rockies
07/30/2025,Rockies - ResCom,668.6023,Rockies
07/31/2025,Rockies - ResCom,669.13184,Rockies
08/01/2025,Rockies - ResCom,657.0039,Rockies
08/02/2025,Rockies - ResCom,590.9068,Rockies
08/03/2025,Rockies - ResCom,590.651,Rockies
08/04/2025,Rockies - ResCom,656.3954,Rockies
08/05/2025,Rockies - ResCom,656.3954,Rockies
07/22/2025,Rockies[SW] - Ind,86.56676,Rockies
07/23/2025,Rockies[SW] - Ind,86.818146,Rockies
07/24/2025,Rockies[SW] - Ind,86.78949,Rockies
07/25/2025,Rockies[SW] - Ind,86.96031,Rockies
07/26/2025,Rockies[SW] - Ind,78.35089,Rockies
07/27/2025,Rockies[SW] - Ind,78.72587,Rockies
07/28/2025,Rockies[SW] - Ind,88.45176,Rockies
07/29/2025,Rockies[SW] - Ind,89.353905,Rockies
07/30/2025,Rockies[SW] - Ind,89.43193,Rockies
07/31/2025,Rockies[SW] - Ind,88.78953,Rockies
08/01/2025,Rockies[SW] - Ind,88.516106,Rockies
08/02/2025,Rockies[SW] - Ind,79.87716,Rockies
08/03/2025,Rockies[SW] - Ind,80.07189,Rockies
08/04/2025,Rockies[SW] - Ind,88.87015,Rockies
08/05/2025,Rockies[SW] - Ind,88.79486,Rockies
07/22/2025,Rockies[SW] - Power,1873.8456,Rockies
07/23/2025,Rockies[SW] - Power,1939.953,Rockies
07/24/2025,Rockies[SW] - Power,1934.9939,Rockies
07/25/2025,Rockies[SW] - Power,1961.5739,Rockies
07/26/2025,Rockies[SW] - Power,1776.8533,Rockies
07/27/2025,Rockies[SW] - Power,1817.786,Rockies
07/28/2025,Rockies[SW] - Power,2099.6194,Rockies
07/29/2025,Rockies[SW] - Power,2158.6826,Rockies
07/30/2025,Rockies[SW] - Power,2163.4006,Rockies
07/31/2025,Rockies[SW] - Power,2122.839,Rockies
08/01/2025,Rockies[SW] - Power,2104.1653,Rockies
08/02/2025,Rockies[SW] - Power,1908.3239,Rockies
08/03/2025,Rockies[SW] - Power,1921.1213,Rockies
08/04/2025,Rockies[SW] - Power,2128.1648,Rockies
08/05/2025,Rockies[SW] - Power,2123.1936,Rockies
07/22/2025,Rockies[SW] - ResCom,225.77614,Rockies
07/23/2025,Rockies[SW] - ResCom,215.53972,Rockies
07/24/2025,Rockies[SW] - ResCom,216.19217,Rockies
07/25/2025,Rockies[SW] - ResCom,212.89813,Rockies
07/26/2025,Rockies[SW] - ResCom,190.34535,Rockies
07/27/2025,Rockies[SW] - ResCom,186.59106,Rockies
07/28/2025,Rockies[SW] - ResCom,202.90936,Rockies
07/29/2025,Rockies[SW] - ResCom,201.7463,Rockies
07/30/2025,Rockies[SW] - ResCom,201.72356,Rockies
07/31/2025,Rockies[SW] - ResCom,202.25311,Rockies
08/01/2025,Rockies[SW] - ResCom,198.93422,Rockies
08/02/2025,Rockies[SW] - ResCom,178.64407,Rockies
08/03/2025,Rockies[SW] - ResCom,178.38829,Rockies
08/04/2025,Rockies[SW] - ResCom,198.3257,Rockies
08/05/2025,Rockies[SW] - ResCom,198.4292,Rockies
07/22/2025,Rockies[Up] - Ind,1080.458,Rockies
07/23/2025,Rockies[Up] - Ind,1095.4844,Rockies
07/24/2025,Rockies[Up] - Ind,1108.9177,Rockies
07/25/2025,Rockies[Up] - Ind,1095.7888,Rockies
07/26/2025,Rockies[Up] - Ind,973.2697,Rockies
07/27/2025,Rockies[Up] - Ind,972.4122,Rockies
07/28/2025,Rockies[Up] - Ind,1080.458,Rockies
07/29/2025,Rockies[Up] - Ind,1080.458,Rockies
07/30/2025,Rockies[Up] - Ind,1086.9551,Rockies
07/31/2025,Rockies[Up] - Ind,1093.456,Rockies
08/01/2025,Rockies[Up] - Ind,1093.2418,Rockies
08/02/2025,Rockies[Up] - Ind,980.64386,Rockies
08/03/2025,Rockies[Up] - Ind,981.0581,Rockies
08/04/2025,Rockies[Up] - Ind,1089.2704,Rockies
08/05/2025,Rockies[Up] - Ind,1089.3121,Rockies
07/22/2025,Rockies[Up] - Power,1340.2882,Rockies
07/23/2025,Rockies[Up] - Power,1215.8413,Rockies
07/24/2025,Rockies[Up] - Power,1138.495,Rockies
07/25/2025,Rockies[Up] - Power,1213.921,Rockies
07/26/2025,Rockies[Up] - Power,1183.2928,Rockies
07/27/2025,Rockies[Up] - Power,1214.8068,Rockies
07/28/2025,Rockies[Up] - Power,1360.9742,Rockies
07/29/2025,Rockies[Up] - Power,1328.694,Rockies
07/30/2025,Rockies[Up] - Power,1273.2802,Rockies
07/31/2025,Rockies[Up] - Power,1228.8566,Rockies
08/01/2025,Rockies[Up] - Power,1230.2537,Rockies
08/02/2025,Rockies[Up] - Power,1129.1923,Rockies
08/03/2025,Rockies[Up] - Power,1126.3475,Rockies
08/04/2025,Rockies[Up] - Power,1256.9644,Rockies
08/05/2025,Rockies[Up] - Power,1256.6758,Rockies
07/22/2025,Rockies[Up] - ResCom,466.87872,Rockies
07/23/2025,Rockies[Up] - ResCom,466.87872,Rockies
07/24/2025,Rockies[Up] - ResCom,466.87872,Rockies
07/25/2025,Rockies[Up] - ResCom,466.87872,Rockies
07/26/2025,Rockies[Up] - ResCom,420.19083,Rockies
07/27/2025,Rockies[Up] - ResCom,420.19083,Rockies
07/28/2025,Rockies[Up] - ResCom,466.87872,Rockies
07/29/2025,Rockies[Up] - ResCom,466.87872,Rockies
07/30/2025,Rockies[Up] - ResCom,466.87872,Rockies
07/31/2025,Rockies[Up] - ResCom,466.87872,Rockies
08/01/2025,Rockies[Up] - ResCom,458.06967,Rockies
08/02/2025,Rockies[Up] - ResCom,412.2627,Rockies
08/03/2025,Rockies[Up] - ResCom,412.2627,Rockies
08/04/2025,Rockies[Up] - ResCom,458.06967,Rockies
08/05/2025,Rockies[Up] - ResCom,458.06967,Rockies
07/22/2025,SouthCentral - Balance,-24354.226199999997,SouthCentral
07/23/2025,SouthCentral - Balance,-24576.1757,SouthCentral
07/24/2025,SouthCentral - Balance,-25022.542999999998,SouthCentral
07/25/2025,SouthCentral - Balance,-25155.8433,SouthCentral
07/26/2025,SouthCentral - Balance,-22242.1137,SouthCentral
07/27/2025,SouthCentral - Balance,-21932.9167,SouthCentral
07/28/2025,SouthCentral - Balance,-24315.1387,SouthCentral
07/29/2025,SouthCentral - Balance,-24754.2007,SouthCentral
07/30/2025,SouthCentral - Balance,-25129.014600000002,SouthCentral
07/31/2025,SouthCentral - Balance,-25071.1725,SouthCentral
08/01/2025,SouthCentral - Balance,-24687.850300000002,SouthCentral
08/02/2025,SouthCentral - Balance,-21959.5582,SouthCentral
08/03/2025,SouthCentral - Balance,-21956.0092,SouthCentral
08/04/2025,SouthCentral - Balance,-24262.4443,SouthCentral
08/05/2025,SouthCentral - Balance,-24375.867299999998,SouthCentral
08/06/2025,SouthCentral - Balance,0.0,SouthCentral
08/07/2025,SouthCentral - Balance,0.0,SouthCentral
08/08/2025,SouthCentral - Balance,0.0,SouthCentral
08/09/2025,SouthCentral - Balance,0.0,SouthCentral
08/10/2025,SouthCentral - Balance,0.0,SouthCentral
08/11/2025,SouthCentral - Balance,0.0,SouthCentral
08/12/2025,SouthCentral - Balance,0.0,SouthCentral
08/13/2025,SouthCentral - Balance,0.0,SouthCentral
08/14/2025,SouthCentral - Balance,0.0,SouthCentral
08/15/2025,SouthCentral - Balance,0.0,SouthCentral
08/16/2025,SouthCentral - Balance,0.0,SouthCentral
08/17/2025,SouthCentral - Balance,0.0,SouthCentral
08/18/2025,SouthCentral - Balance,0.0,SouthCentral
08/19/2025,SouthCentral - Balance,0.0,SouthCentral
08/20/2025,SouthCentral - Balance,0.0,SouthCentral
08/21/2025,SouthCentral - Balance,0.0,SouthCentral
08/22/2025,SouthCentral - Balance,0.0,SouthCentral
08/23/2025,SouthCentral - Balance,0.0,SouthCentral
08/24/2025,SouthCentral - Balance,0.0,SouthCentral
08/25/2025,SouthCentral - Balance,0.0,SouthCentral
08/26/2025,SouthCentral - Balance,0.0,SouthCentral
08/27/2025,SouthCentral - Balance,0.0,SouthCentral
08/28/2025,SouthCentral - Balance,0.0,SouthCentral
08/29/2025,SouthCentral - Balance,0.0,SouthCentral
08/30/2025,SouthCentral - Balance,0.0,SouthCentral
08/31/2025,SouthCentral - Balance,0.0,SouthCentral
09/01/2025,SouthCentral - Balance,0.0,SouthCentral
09/02/2025,SouthCentral - Balance,0.0,SouthCentral
09/03/2025,SouthCentral - Balance,0.0,SouthCentral
09/04/2025,SouthCentral - Balance,0.0,SouthCentral
09/05/2025,SouthCentral - Balance,0.0,SouthCentral
09/06/2025,SouthCentral - Balance,0.0,SouthCentral
09/07/2025,SouthCentral - Balance,0.0,SouthCentral
09/08/2025,SouthCentral - Balance,0.0,SouthCentral
09/09/2025,SouthCentral - Balance,0.0,SouthCentral
09/10/2025,SouthCentral - Balance,0.0,SouthCentral
09/11/2025,SouthCentral - Balance,0.0,SouthCentral
09/12/2025,SouthCentral - Balance,0.0,SouthCentral
09/13/2025,SouthCentral - Balance,0.0,SouthCentral
09/14/2025,SouthCentral - Balance,0.0,SouthCentral
09/15/2025,SouthCentral - Balance,0.0,SouthCentral
09/16/2025,SouthCentral - Balance,0.0,SouthCentral
09/17/2025,SouthCentral - Balance,0.0,SouthCentral
09/18/2025,SouthCentral - Balance,0.0,SouthCentral
09/19/2025,SouthCentral - Balance,0.0,SouthCentral
09/20/2025,SouthCentral - Balance,0.0,SouthCentral
09/21/2025,SouthCentral - Balance,0.0,SouthCentral
09/22/2025,SouthCentral - Balance,0.0,SouthCentral
09/23/2025,SouthCentral - Balance,0.0,SouthCentral
09/24/2025,SouthCentral - Balance,0.0,SouthCentral
09/25/2025,SouthCentral - Balance,0.0,SouthCentral
09/26/2025,SouthCentral - Balance,0.0,SouthCentral
09/27/2025,SouthCentral - Balance,0.0,SouthCentral
09/28/2025,SouthCentral - Balance,0.0,SouthCentral
09/29/2025,SouthCentral - Balance,0.0,SouthCentral
09/30/2025,SouthCentral - Balance,0.0,SouthCentral
10/01/2025,SouthCentral - Balance,0.0,SouthCentral
10/02/2025,SouthCentral - Balance,0.0,SouthCentral
10/03/2025,SouthCentral - Balance,0.0,SouthCentral
10/04/2025,SouthCentral - Balance,0.0,SouthCentral
10/05/2025,SouthCentral - Balance,0.0,SouthCentral
10/06/2025,SouthCentral - Balance,0.0,SouthCentral
10/07/2025,SouthCentral - Balance,0.0,SouthCentral
10/08/2025,SouthCentral - Balance,0.0,SouthCentral
10/09/2025,SouthCentral - Balance,0.0,SouthCentral
10/10/2025,SouthCentral - Balance,0.0,SouthCentral
10/11/2025,SouthCentral - Balance,0.0,SouthCentral
10/12/2025,SouthCentral - Balance,0.0,SouthCentral
10/13/2025,SouthCentral - Balance,0.0,SouthCentral
10/14/2025,SouthCentral - Balance,0.0,SouthCentral
10/15/2025,SouthCentral - Balance,0.0,SouthCentral
10/16/2025,SouthCentral - Balance,0.0,SouthCentral
10/17/2025,SouthCentral - Balance,0.0,SouthCentral
10/18/2025,SouthCentral - Balance,0.0,SouthCentral
10/19/2025,SouthCentral - Balance,0.0,SouthCentral
10/20/2025,SouthCentral - Balance,0.0,SouthCentral
10/21/2025,SouthCentral - Balance,0.0,SouthCentral
10/22/2025,SouthCentral - Balance,0.0,SouthCentral
10/23/2025,SouthCentral - Balance,0.0,SouthCentral
10/24/2025,SouthCentral - Balance,0.0,SouthCentral
10/25/2025,SouthCentral - Balance,0.0,SouthCentral
10/26/2025,SouthCentral - Balance,0.0,SouthCentral
10/27/2025,SouthCentral - Balance,0.0,SouthCentral
10/28/2025,SouthCentral - Balance,0.0,SouthCentral
10/29/2025,SouthCentral - Balance,0.0,SouthCentral
10/30/2025,SouthCentral - Balance,0.0,SouthCentral
10/31/2025,SouthCentral - Balance,0.0,SouthCentral
11/01/2025,SouthCentral - Balance,0.0,SouthCentral
11/02/2025,SouthCentral - Balance,0.0,SouthCentral
11/03/2025,SouthCentral - Balance,0.0,SouthCentral
11/04/2025,SouthCentral - Balance,0.0,SouthCentral
11/05/2025,SouthCentral - Balance,0.0,SouthCentral
11/06/2025,SouthCentral - Balance,0.0,SouthCentral
11/07/2025,SouthCentral - Balance,0.0,SouthCentral
11/08/2025,SouthCentral - Balance,0.0,SouthCentral
11/09/2025,SouthCentral - Balance,0.0,SouthCentral
11/10/2025,SouthCentral - Balance,0.0,SouthCentral
11/11/2025,SouthCentral - Balance,0.0,SouthCentral
11/12/2025,SouthCentral - Balance,0.0,SouthCentral
11/13/2025,SouthCentral - Balance,0.0,SouthCentral
11/14/2025,SouthCentral - Balance,0.0,SouthCentral
11/15/2025,SouthCentral - Balance,0.0,SouthCentral
11/16/2025,SouthCentral - Balance,0.0,SouthCentral
11/17/2025,SouthCentral - Balance,0.0,SouthCentral
11/18/2025,SouthCentral - Balance,0.0,SouthCentral
11/19/2025,SouthCentral - Balance,0.0,SouthCentral
11/20/2025,SouthCentral - Balance,0.0,SouthCentral
11/21/2025,SouthCentral - Balance,0.0,SouthCentral
11/22/2025,SouthCentral - Balance,0.0,SouthCentral
11/23/2025,SouthCentral - Balance,0.0,SouthCentral
11/24/2025,SouthCentral - Balance,0.0,SouthCentral
11/25/2025,SouthCentral - Balance,0.0,SouthCentral
11/26/2025,SouthCentral - Balance,0.0,SouthCentral
11/27/2025,SouthCentral - Balance,0.0,SouthCentral
11/28/2025,SouthCentral - Balance,0.0,SouthCentral
11/29/2025,SouthCentral - Balance,0.0,SouthCentral
11/30/2025,SouthCentral - Balance,0.0,SouthCentral
12/01/2025,SouthCentral - Balance,0.0,SouthCentral
12/02/2025,SouthCentral - Balance,0.0,SouthCentral
12/03/2025,SouthCentral - Balance,0.0,SouthCentral
12/04/2025,SouthCentral - Balance,0.0,SouthCentral
12/05/2025,SouthCentral - Balance,0.0,SouthCentral
12/06/2025,SouthCentral - Balance,0.0,SouthCentral
12/07/2025,SouthCentral - Balance,0.0,SouthCentral
12/08/2025,SouthCentral - Balance,0.0,SouthCentral
12/09/2025,SouthCentral - Balance,0.0,SouthCentral
12/10/2025,SouthCentral - Balance,0.0,SouthCentral
12/11/2025,SouthCentral - Balance,0.0,SouthCentral
12/12/2025,SouthCentral - Balance,0.0,SouthCentral
12/13/2025,SouthCentral - Balance,0.0,SouthCentral
12/14/2025,SouthCentral - Balance,0.0,SouthCentral
12/15/2025,SouthCentral - Balance,0.0,SouthCentral
12/16/2025,SouthCentral - Balance,0.0,SouthCentral
12/17/2025,SouthCentral - Balance,0.0,SouthCentral
12/18/2025,SouthCentral - Balance,0.0,SouthCentral
12/19/2025,SouthCentral - Balance,0.0,SouthCentral
12/20/2025,SouthCentral - Balance,0.0,SouthCentral
12/21/2025,SouthCentral - Balance,0.0,SouthCentral
12/22/2025,SouthCentral - Balance,0.0,SouthCentral
12/23/2025,SouthCentral - Balance,0.0,SouthCentral
12/24/2025,SouthCentral - Balance,0.0,SouthCentral
12/25/2025,SouthCentral - Balance,0.0,SouthCentral
12/26/2025,SouthCentral - Balance,0.0,SouthCentral
12/27/2025,SouthCentral - Balance,0.0,SouthCentral
12/28/2025,SouthCentral - Balance,0.0,SouthCentral
12/29/2025,SouthCentral - Balance,0.0,SouthCentral
12/30/2025,SouthCentral - Balance,0.0,SouthCentral
12/31/2025,SouthCentral - Balance,0.0,SouthCentral
07/22/2025,SouthCentral - Ind,10632.6045,South Central
07/23/2025,SouthCentral - Ind,10631.123,South Central
07/24/2025,SouthCentral - Ind,10629.094,South Central
07/25/2025,SouthCentral - Ind,10628.724,South Central
07/26/2025,SouthCentral - Ind,9567.33,South Central
07/27/2025,SouthCentral - Ind,9569.24,South Central
07/28/2025,SouthCentral - Ind,10632.9,South Central
07/29/2025,SouthCentral - Ind,10630.165,South Central
07/30/2025,SouthCentral - Ind,10628.79,South Central
07/31/2025,SouthCentral - Ind,10628.948,South Central
08/01/2025,SouthCentral - Ind,10630.388,South Central
08/02/2025,SouthCentral - Ind,9568.911,South Central
08/03/2025,SouthCentral - Ind,9568.937,South Central
08/04/2025,SouthCentral - Ind,10633.144,South Central
08/05/2025,SouthCentral - Ind,10632.291,South Central
07/22/2025,SouthCentral - Power,12579.613,South Central
07/23/2025,SouthCentral - Power,12803.044,South Central
07/24/2025,SouthCentral - Power,13247.767,South Central
07/25/2025,SouthCentral - Power,13374.528,South Central
07/26/2025,SouthCentral - Power,11646.976,South Central
07/27/2025,SouthCentral - Power,11335.869,South Central
07/28/2025,SouthCentral - Power,12540.23,South Central
07/29/2025,SouthCentral - Power,12982.027,South Central
07/30/2025,SouthCentral - Power,13349.064,South Central
07/31/2025,SouthCentral - Power,13294.08,South Central
08/01/2025,SouthCentral - Power,12937.001,South Central
08/02/2025,SouthCentral - Power,11382.232,South Central
08/03/2025,SouthCentral - Power,11378.657,South Central
08/04/2025,SouthCentral - Power,12508.839,South Central
08/05/2025,SouthCentral - Power,12623.115,South Central
07/22/2025,SouthCentral - ResCom,1142.0087,South Central
07/23/2025,SouthCentral - ResCom,1142.0087,South Central
07/24/2025,SouthCentral - ResCom,1145.682,South Central
07/25/2025,SouthCentral - ResCom,1152.5913,South Central
07/26/2025,SouthCentral - ResCom,1027.8077,South Central
07/27/2025,SouthCentral - ResCom,1027.8077,South Central
07/28/2025,SouthCentral - ResCom,1142.0087,South Central
07/29/2025,SouthCentral - ResCom,1142.0087,South Central
07/30/2025,SouthCentral - ResCom,1151.1606,South Central
07/31/2025,SouthCentral - ResCom,1148.1445,South Central
08/01/2025,SouthCentral - ResCom,1120.4613,South Central
08/02/2025,SouthCentral - ResCom,1008.4152,South Central
08/03/2025,SouthCentral - ResCom,1008.4152,South Central
08/04/2025,SouthCentral - ResCom,1120.4613,South Central
08/05/2025,SouthCentral - ResCom,1120.4613,South Central
07/22/2025,SouthEast - Balance,-13184.6809,SouthEast
07/23/2025,SouthEast - Balance,-12280.8128,SouthEast
07/24/2025,SouthEast - Balance,-12469.004050000001,SouthEast
07/25/2025,SouthEast - Balance,-12753.4337,SouthEast
07/26/2025,SouthEast - Balance,-11760.940700000001,SouthEast
07/27/2025,SouthEast - Balance,-11965.95445,SouthEast
07/28/2025,SouthEast - Balance,-13874.9324,SouthEast
07/29/2025,SouthEast - Balance,-13875.0729,SouthEast
07/30/2025,SouthEast - Balance,-13867.51745,SouthEast
07/31/2025,SouthEast - Balance,-13753.582729999998,SouthEast
08/01/2025,SouthEast - Balance,-13474.237000000001,SouthEast
08/02/2025,SouthEast - Balance,-11970.1467,SouthEast
08/03/2025,SouthEast - Balance,-11751.16327,SouthEast
08/04/2025,SouthEast - Balance,-12715.0906,SouthEast
08/05/2025,SouthEast - Balance,-12715.0906,SouthEast
08/06/2025,SouthEast - Balance,0.0,SouthEast
08/07/2025,SouthEast - Balance,0.0,SouthEast
08/08/2025,SouthEast - Balance,0.0,SouthEast
08/09/2025,SouthEast - Balance,0.0,SouthEast
08/10/2025,SouthEast - Balance,0.0,SouthEast
08/11/2025,SouthEast - Balance,0.0,SouthEast
08/12/2025,SouthEast - Balance,0.0,SouthEast
08/13/2025,SouthEast - Balance,0.0,SouthEast
08/14/2025,SouthEast - Balance,0.0,SouthEast
08/15/2025,SouthEast - Balance,0.0,SouthEast
08/16/2025,SouthEast - Balance,0.0,SouthEast
08/17/2025,SouthEast - Balance,0.0,SouthEast
08/18/2025,SouthEast - Balance,0.0,SouthEast
08/19/2025,SouthEast - Balance,0.0,SouthEast
08/20/2025,SouthEast - Balance,0.0,SouthEast
08/21/2025,SouthEast - Balance,0.0,SouthEast
08/22/2025,SouthEast - Balance,0.0,SouthEast
08/23/2025,SouthEast - Balance,0.0,SouthEast
08/24/2025,SouthEast - Balance,0.0,SouthEast
08/25/2025,SouthEast - Balance,0.0,SouthEast
08/26/2025,SouthEast - Balance,0.0,SouthEast
08/27/2025,SouthEast - Balance,0.0,SouthEast
08/28/2025,SouthEast - Balance,0.0,SouthEast
08/29/2025,SouthEast - Balance,0.0,SouthEast
08/30/2025,SouthEast - Balance,0.0,SouthEast
08/31/2025,SouthEast - Balance,0.0,SouthEast
09/01/2025,SouthEast - Balance,0.0,SouthEast
09/02/2025,SouthEast - Balance,0.0,SouthEast
09/03/2025,SouthEast - Balance,0.0,SouthEast
09/04/2025,SouthEast - Balance,0.0,SouthEast
09/05/2025,SouthEast - Balance,0.0,SouthEast
09/06/2025,SouthEast - Balance,0.0,SouthEast
09/07/2025,SouthEast - Balance,0.0,SouthEast
09/08/2025,SouthEast - Balance,0.0,SouthEast
09/09/2025,SouthEast - Balance,0.0,SouthEast
09/10/2025,SouthEast - Balance,0.0,SouthEast
09/11/2025,SouthEast - Balance,0.0,SouthEast
09/12/2025,SouthEast - Balance,0.0,SouthEast
09/13/2025,SouthEast - Balance,0.0,SouthEast
09/14/2025,SouthEast - Balance,0.0,SouthEast
09/15/2025,SouthEast - Balance,0.0,SouthEast
09/16/2025,SouthEast - Balance,0.0,SouthEast
09/17/2025,SouthEast - Balance,0.0,SouthEast
09/18/2025,SouthEast - Balance,0.0,SouthEast
09/19/2025,SouthEast - Balance,0.0,SouthEast
09/20/2025,SouthEast - Balance,0.0,SouthEast
09/21/2025,SouthEast - Balance,0.0,SouthEast
09/22/2025,SouthEast - Balance,0.0,SouthEast
09/23/2025,SouthEast - Balance,0.0,SouthEast
09/24/2025,SouthEast - Balance,0.0,SouthEast
09/25/2025,SouthEast - Balance,0.0,SouthEast
09/26/2025,SouthEast - Balance,0.0,SouthEast
09/27/2025,SouthEast - Balance,0.0,SouthEast
09/28/2025,SouthEast - Balance,0.0,SouthEast
09/29/2025,SouthEast - Balance,0.0,SouthEast
09/30/2025,SouthEast - Balance,0.0,SouthEast
10/01/2025,SouthEast - Balance,0.0,SouthEast
10/02/2025,SouthEast - Balance,0.0,SouthEast
10/03/2025,SouthEast - Balance,0.0,SouthEast
10/04/2025,SouthEast - Balance,0.0,SouthEast
10/05/2025,SouthEast - Balance,0.0,SouthEast
10/06/2025,SouthEast - Balance,0.0,SouthEast
10/07/2025,SouthEast - Balance,0.0,SouthEast
10/08/2025,SouthEast - Balance,0.0,SouthEast
10/09/2025,SouthEast - Balance,0.0,SouthEast
10/10/2025,SouthEast - Balance,0.0,SouthEast
10/11/2025,SouthEast - Balance,0.0,SouthEast
10/12/2025,SouthEast - Balance,0.0,SouthEast
10/13/2025,SouthEast - Balance,0.0,SouthEast
10/14/2025,SouthEast - Balance,0.0,SouthEast
10/15/2025,SouthEast - Balance,0.0,SouthEast
10/16/2025,SouthEast - Balance,0.0,SouthEast
10/17/2025,SouthEast - Balance,0.0,SouthEast
10/18/2025,SouthEast - Balance,0.0,SouthEast
10/19/2025,SouthEast - Balance,0.0,SouthEast
10/20/2025,SouthEast - Balance,0.0,SouthEast
10/21/2025,SouthEast - Balance,0.0,SouthEast
10/22/2025,SouthEast - Balance,0.0,SouthEast
10/23/2025,SouthEast - Balance,0.0,SouthEast
10/24/2025,SouthEast - Balance,0.0,SouthEast
10/25/2025,SouthEast - Balance,0.0,SouthEast
10/26/2025,SouthEast - Balance,0.0,SouthEast
10/27/2025,SouthEast - Balance,0.0,SouthEast
10/28/2025,SouthEast - Balance,0.0,SouthEast
10/29/2025,SouthEast - Balance,0.0,SouthEast
10/30/2025,SouthEast - Balance,0.0,SouthEast
10/31/2025,SouthEast - Balance,0.0,SouthEast
11/01/2025,SouthEast - Balance,0.0,SouthEast
11/02/2025,SouthEast - Balance,0.0,SouthEast
11/03/2025,SouthEast - Balance,0.0,SouthEast
11/04/2025,SouthEast - Balance,0.0,SouthEast
11/05/2025,SouthEast - Balance,0.0,SouthEast
11/06/2025,SouthEast - Balance,0.0,SouthEast
11/07/2025,SouthEast - Balance,0.0,SouthEast
11/08/2025,SouthEast - Balance,0.0,SouthEast
11/09/2025,SouthEast - Balance,0.0,SouthEast
11/10/2025,SouthEast - Balance,0.0,SouthEast
11/11/2025,SouthEast - Balance,0.0,SouthEast
11/12/2025,SouthEast - Balance,0.0,SouthEast
11/13/2025,SouthEast - Balance,0.0,SouthEast
11/14/2025,SouthEast - Balance,0.0,SouthEast
11/15/2025,SouthEast - Balance,0.0,SouthEast
11/16/2025,SouthEast - Balance,0.0,SouthEast
11/17/2025,SouthEast - Balance,0.0,SouthEast
11/18/2025,SouthEast - Balance,0.0,SouthEast
11/19/2025,SouthEast - Balance,0.0,SouthEast
11/20/2025,SouthEast - Balance,0.0,SouthEast
11/21/2025,SouthEast - Balance,0.0,SouthEast
11/22/2025,SouthEast - Balance,0.0,SouthEast
11/23/2025,SouthEast - Balance,0.0,SouthEast
11/24/2025,SouthEast - Balance,0.0,SouthEast
11/25/2025,SouthEast - Balance,0.0,SouthEast
11/26/2025,SouthEast - Balance,0.0,SouthEast
11/27/2025,SouthEast - Balance,0.0,SouthEast
11/28/2025,SouthEast - Balance,0.0,SouthEast
11/29/2025,SouthEast - Balance,0.0,SouthEast
11/30/2025,SouthEast - Balance,0.0,SouthEast
12/01/2025,SouthEast - Balance,0.0,SouthEast
12/02/2025,SouthEast - Balance,0.0,SouthEast
12/03/2025,SouthEast - Balance,0.0,SouthEast
12/04/2025,SouthEast - Balance,0.0,SouthEast
12/05/2025,SouthEast - Balance,0.0,SouthEast
12/06/2025,SouthEast - Balance,0.0,SouthEast
12/07/2025,SouthEast - Balance,0.0,SouthEast
12/08/2025,SouthEast - Balance,0.0,SouthEast
12/09/2025,SouthEast - Balance,0.0,SouthEast
12/10/2025,SouthEast - Balance,0.0,SouthEast
12/11/2025,SouthEast - Balance,0.0,SouthEast
12/12/2025,SouthEast - Balance,0.0,SouthEast
12/13/2025,SouthEast - Balance,0.0,SouthEast
12/14/2025,SouthEast - Balance,0.0,SouthEast
12/15/2025,SouthEast - Balance,0.0,SouthEast
12/16/2025,SouthEast - Balance,0.0,SouthEast
12/17/2025,SouthEast - Balance,0.0,SouthEast
12/18/2025,SouthEast - Balance,0.0,SouthEast
12/19/2025,SouthEast - Balance,0.0,SouthEast
12/20/2025,SouthEast - Balance,0.0,SouthEast
12/21/2025,SouthEast - Balance,0.0,SouthEast
12/22/2025,SouthEast - Balance,0.0,SouthEast
12/23/2025,SouthEast - Balance,0.0,SouthEast
12/24/2025,SouthEast - Balance,0.0,SouthEast
12/25/2025,SouthEast - Balance,0.0,SouthEast
12/26/2025,SouthEast - Balance,0.0,SouthEast
12/27/2025,SouthEast - Balance,0.0,SouthEast
12/28/2025,SouthEast - Balance,0.0,SouthEast
12/29/2025,SouthEast - Balance,0.0,SouthEast
12/30/2025,SouthEast - Balance,0.0,SouthEast
12/31/2025,SouthEast - Balance,0.0,SouthEast
07/22/2025,SouthEast - Ind,1928.7861,Southeast
07/23/2025,SouthEast - Ind,1934.2777,Southeast
07/24/2025,SouthEast - Ind,1929.2634,Southeast
07/25/2025,SouthEast - Ind,1930.6151,Southeast
07/26/2025,SouthEast - Ind,1736.4713,Southeast
07/27/2025,SouthEast - Ind,1734.8501,Southeast
07/28/2025,SouthEast - Ind,1927.2892,Southeast
07/29/2025,SouthEast - Ind,1927.5726,Southeast
07/30/2025,SouthEast - Ind,1930.5619,Southeast
07/31/2025,SouthEast - Ind,1931.3219,Southeast
08/01/2025,SouthEast - Ind,1936.7167,Southeast
08/02/2025,SouthEast - Ind,1745.2439,Southeast
08/03/2025,SouthEast - Ind,1745.3114,Southeast
08/04/2025,SouthEast - Ind,1931.3737,Southeast
08/05/2025,SouthEast - Ind,1931.3737,Southeast
07/22/2025,SouthEast - Power,10514.783,Southeast
07/23/2025,SouthEast - Power,9671.986,Southeast
07/24/2025,SouthEast - Power,9874.799,Southeast
07/25/2025,SouthEast - Power,10157.952,Southeast
07/26/2025,SouthEast - Power,9406.933,Southeast
07/27/2025,SouthEast - Power,9591.533,Southeast
07/28/2025,SouthEast - Power,11182.943,Southeast
07/29/2025,SouthEast - Power,11158.864,Southeast
07/30/2025,SouthEast - Power,11119.684,Southeast
07/31/2025,SouthEast - Power,11024.371,Southeast
08/01/2025,SouthEast - Power,10818.128,Southeast
08/02/2025,SouthEast - Power,9613.8545,Southeast
08/03/2025,SouthEast - Power,9423.336,Southeast
08/04/2025,SouthEast - Power,10151.023,Southeast
08/05/2025,SouthEast - Power,10151.023,Southeast
07/22/2025,SouthEast - ResCom,741.1118,Southeast
07/23/2025,SouthEast - ResCom,674.5491,Southeast
07/24/2025,SouthEast - ResCom,664.94165,Southeast
07/25/2025,SouthEast - ResCom,664.8666,Southeast
07/26/2025,SouthEast - ResCom,617.5364,Southeast
07/27/2025,SouthEast - ResCom,639.57135,Southeast
07/28/2025,SouthEast - ResCom,764.7002,Southeast
07/29/2025,SouthEast - ResCom,788.6363,Southeast
07/30/2025,SouthEast - ResCom,817.27155,Southeast
07/31/2025,SouthEast - ResCom,797.88983,Southeast
08/01/2025,SouthEast - ResCom,719.3923,Southeast
08/02/2025,SouthEast - ResCom,611.0483,Southeast
08/03/2025,SouthEast - ResCom,582.51587,Southeast
08/04/2025,SouthEast - ResCom,632.6939,Southeast
08/05/2025,SouthEast - ResCom,632.6939,Southeast
07/22/2025,SouthEast[Fl] - Ind,358.37485,Southeast
07/23/2025,SouthEast[Fl] - Ind,358.81876,Southeast
07/24/2025,SouthEast[Fl] - Ind,358.4126,Southeast
07/25/2025,SouthEast[Fl] - Ind,358.52042,Southeast
07/26/2025,SouthEast[Fl] - Ind,322.582,Southeast
07/27/2025,SouthEast[Fl] - Ind,322.3146,Southeast
07/28/2025,SouthEast[Fl] - Ind,357.8053,Southeast
07/29/2025,SouthEast[Fl] - Ind,358.0887,Southeast
07/30/2025,SouthEast[Fl] - Ind,358.51614,Southeast
07/31/2025,SouthEast[Fl] - Ind,358.57727,Southeast
08/01/2025,SouthEast[Fl] - Ind,359.02246,Southeast
08/02/2025,SouthEast[Fl] - Ind,323.3075,Southeast
08/03/2025,SouthEast[Fl] - Ind,323.3133,Southeast
08/04/2025,SouthEast[Fl] - Ind,358.58145,Southeast
08/05/2025,SouthEast[Fl] - Ind,358.19678,Southeast
07/22/2025,SouthEast[Fl] - Power,4977.924,Southeast
07/23/2025,SouthEast[Fl] - Power,4562.0337,Southeast
07/24/2025,SouthEast[Fl] - Power,4798.603,Southeast
07/25/2025,SouthEast[Fl] - Power,5045.484,Southeast
07/26/2025,SouthEast[Fl] - Power,4663.9434,Southeast
07/27/2025,SouthEast[Fl] - Power,4722.038,Southeast
07/28/2025,SouthEast[Fl] - Power,5508.0596,Southeast
07/29/2025,SouthEast[Fl] - Power,5392.809,Southeast
07/30/2025,SouthEast[Fl] - Power,5251.1978,Southeast
07/31/2025,SouthEast[Fl] - Power,5231.0337,Southeast
08/01/2025,SouthEast[Fl] - Power,5294.094,Southeast
08/02/2025,SouthEast[Fl] - Power,4826.454,Southeast
08/03/2025,SouthEast[Fl] - Power,4824.379,Southeast
08/04/2025,SouthEast[Fl] - Power,5197.6455,Southeast
08/05/2025,SouthEast[Fl] - Power,5056.1523,Southeast
07/22/2025,SouthEast[Fl] - ResCom,186.16641,Southeast
07/23/2025,SouthEast[Fl] - ResCom,194.9851,Southeast
07/24/2025,SouthEast[Fl] - ResCom,189.63297,Southeast
07/25/2025,SouthEast[Fl] - ResCom,184.97414,Southeast
07/26/2025,SouthEast[Fl] - ResCom,164.45996,Southeast
07/27/2025,SouthEast[Fl] - ResCom,163.5743,Southeast
07/28/2025,SouthEast[Fl] - ResCom,178.20013,Southeast
07/29/2025,SouthEast[Fl] - ResCom,179.68335,Southeast
07/30/2025,SouthEast[Fl] - ResCom,181.68246,Southeast
07/31/2025,SouthEast[Fl] - ResCom,181.98401,Southeast
08/01/2025,SouthEast[Fl] - ResCom,177.63916,Southeast
08/02/2025,SouthEast[Fl] - ResCom,159.02391,Southeast
08/03/2025,SouthEast[Fl] - ResCom,159.05183,Southeast
08/04/2025,SouthEast[Fl] - ResCom,179.04976,Southeast
08/05/2025,SouthEast[Fl] - ResCom,181.30452,Southeast
07/22/2025,SouthEast[Oth] - Ind,1570.4113,Southeast
07/23/2025,SouthEast[Oth] - Ind,1575.459,Southeast
07/24/2025,SouthEast[Oth] - Ind,1570.8508,Southeast
07/25/2025,SouthEast[Oth] - Ind,1572.0947,Southeast
07/26/2025,SouthEast[Oth] - Ind,1413.8893,Southeast
07/27/2025,SouthEast[Oth] - Ind,1412.5355,Southeast
07/28/2025,SouthEast[Oth] - Ind,1569.4839,Southeast
07/29/2025,SouthEast[Oth] - Ind,1569.4839,Southeast
07/30/2025,SouthEast[Oth] - Ind,1572.0458,Southeast
07/31/2025,SouthEast[Oth] - Ind,1572.7446,Southeast
08/01/2025,SouthEast[Oth] - Ind,1577.6942,Southeast
08/02/2025,SouthEast[Oth] - Ind,1421.9364,Southeast
08/03/2025,SouthEast[Oth] - Ind,1421.9982,Southeast
08/04/2025,SouthEast[Oth] - Ind,1572.7922,Southeast
08/05/2025,SouthEast[Oth] - Ind,1569.4839,Southeast
07/22/2025,SouthEast[Oth] - Power,5536.86,Southeast
07/23/2025,SouthEast[Oth] - Power,5109.9526,Southeast
07/24/2025,SouthEast[Oth] - Power,5076.196,Southeast
07/25/2025,SouthEast[Oth] - Power,5112.4683,Southeast
07/26/2025,SouthEast[Oth] - Power,4742.9893,Southeast
07/27/2025,SouthEast[Oth] - Power,4869.4956,Southeast
07/28/2025,SouthEast[Oth] - Power,5674.8843,Southeast
07/29/2025,SouthEast[Oth] - Power,5766.0547,Southeast
07/30/2025,SouthEast[Oth] - Power,5868.4854,Southeast
07/31/2025,SouthEast[Oth] - Power,5793.338,Southeast
08/01/2025,SouthEast[Oth] - Power,5524.033,Southeast
08/02/2025,SouthEast[Oth] - Power,4787.4,Southeast
08/03/2025,SouthEast[Oth] - Power,4598.9575,Southeast
08/04/2025,SouthEast[Oth] - Power,4953.378,Southeast
08/05/2025,SouthEast[Oth] - Power,5003.7886,Southeast
07/22/2025,SouthEast[Oth] - ResCom,554.94543,Southeast
07/23/2025,SouthEast[Oth] - ResCom,479.56396,Southeast
07/24/2025,SouthEast[Oth] - ResCom,475.3087,Southeast
07/25/2025,SouthEast[Oth] - ResCom,479.89246,Southeast
07/26/2025,SouthEast[Oth] - ResCom,453.07642,Southeast
07/27/2025,SouthEast[Oth] - ResCom,475.99704,Southeast
07/28/2025,SouthEast[Oth] - ResCom,586.50006,Southeast
07/29/2025,SouthEast[Oth] - ResCom,608.95294,Southeast
07/30/2025,SouthEast[Oth] - ResCom,635.5891,Southeast
07/31/2025,SouthEast[Oth] - ResCom,615.9058,Southeast
08/01/2025,SouthEast[Oth] - ResCom,541.7531,Southeast
08/02/2025,SouthEast[Oth] - ResCom,452.02438,Southeast
08/03/2025,SouthEast[Oth] - ResCom,423.46402,Southeast
08/04/2025,SouthEast[Oth] - ResCom,453.64413,Southeast
08/05/2025,SouthEast[Oth] - ResCom,458.36404,Southeast
07/22/2025,West - Balance,-6364.24589,West
07/23/2025,West - Balance,-6414.96778,West
07/24/2025,West - Balance,-6335.00273,West
07/25/2025,West - Balance,-6256.587039999999,West
07/26/2025,West - Balance,-5602.46482,West
07/27/2025,West - Balance,-5654.34253,West
07/28/2025,West - Balance,-6411.99644,West
07/29/2025,West - Balance,-6577.97581,West
07/30/2025,West - Balance,-6543.0272,West
07/31/2025,West - Balance,-6460.03359,West
08/01/2025,West - Balance,-6389.81292,West
08/02/2025,West - Balance,-5850.85266,West
08/03/2025,West - Balance,-6034.12075,West
08/04/2025,West - Balance,-6779.0438300000005,West
08/05/2025,West - Balance,-6845.958549999999,West
08/06/2025,West - Balance,0.0,West
08/07/2025,West - Balance,0.0,West
08/08/2025,West - Balance,0.0,West
08/09/2025,West - Balance,0.0,West
08/10/2025,West - Balance,0.0,West
08/11/2025,West - Balance,0.0,West
08/12/2025,West - Balance,0.0,West
08/13/2025,West - Balance,0.0,West
08/14/2025,West - Balance,0.0,West
08/15/2025,West - Balance,0.0,West
08/16/2025,West - Balance,0.0,West
08/17/2025,West - Balance,0.0,West
08/18/2025,West - Balance,0.0,West
08/19/2025,West - Balance,0.0,West
08/20/2025,West - Balance,0.0,West
08/21/2025,West - Balance,0.0,West
08/22/2025,West - Balance,0.0,West
08/23/2025,West - Balance,0.0,West
08/24/2025,West - Balance,0.0,West
08/25/2025,West - Balance,0.0,West
08/26/2025,West - Balance,0.0,West
08/27/2025,West - Balance,0.0,West
08/28/2025,West - Balance,0.0,West
08/29/2025,West - Balance,0.0,West
08/30/2025,West - Balance,0.0,West
08/31/2025,West - Balance,0.0,West
09/01/2025,West - Balance,0.0,West
09/02/2025,West - Balance,0.0,West
09/03/2025,West - Balance,0.0,West
09/04/2025,West - Balance,0.0,West
09/05/2025,West - Balance,0.0,West
09/06/2025,West - Balance,0.0,West
09/07/2025,West - Balance,0.0,West
09/08/2025,West - Balance,0.0,West
09/09/2025,West - Balance,0.0,West
09/10/2025,West - Balance,0.0,West
09/11/2025,West - Balance,0.0,West
09/12/2025,West - Balance,0.0,West
09/13/2025,West - Balance,0.0,West
09/14/2025,West - Balance,0.0,West
09/15/2025,West - Balance,0.0,West
09/16/2025,West - Balance,0.0,West
09/17/2025,West - Balance,0.0,West
09/18/2025,West - Balance,0.0,West
09/19/2025,West - Balance,0.0,West
09/20/2025,West - Balance,0.0,West
09/21/2025,West - Balance,0.0,West
09/22/2025,West - Balance,0.0,West
09/23/2025,West - Balance,0.0,West
09/24/2025,West - Balance,0.0,West
09/25/2025,West - Balance,0.0,West
09/26/2025,West - Balance,0.0,West
09/27/2025,West - Balance,0.0,West
09/28/2025,West - Balance,0.0,West
09/29/2025,West - Balance,0.0,West
09/30/2025,West - Balance,0.0,West
10/01/2025,West - Balance,0.0,West
10/02/2025,West - Balance,0.0,West
10/03/2025,West - Balance,0.0,West
10/04/2025,West - Balance,0.0,West
10/05/2025,West - Balance,0.0,West
10/06/2025,West - Balance,0.0,West
10/07/2025,West - Balance,0.0,West
10/08/2025,West - Balance,0.0,West
10/09/2025,West - Balance,0.0,West
10/10/2025,West - Balance,0.0,West
10/11/2025,West - Balance,0.0,West
10/12/2025,West - Balance,0.0,West
10/13/2025,West - Balance,0.0,West
10/14/2025,West - Balance,0.0,West
10/15/2025,West - Balance,0.0,West
10/16/2025,West - Balance,0.0,West
10/17/2025,West - Balance,0.0,West
10/18/2025,West - Balance,0.0,West
10/19/2025,West - Balance,0.0,West
10/20/2025,West - Balance,0.0,West
10/21/2025,West - Balance,0.0,West
10/22/2025,West - Balance,0.0,West
10/23/2025,West - Balance,0.0,West
10/24/2025,West - Balance,0.0,West
10/25/2025,West - Balance,0.0,West
10/26/2025,West - Balance,0.0,West
10/27/2025,West - Balance,0.0,West
10/28/2025,West - Balance,0.0,West
10/29/2025,West - Balance,0.0,West
10/30/2025,West - Balance,0.0,West
10/31/2025,West - Balance,0.0,West
11/01/2025,West - Balance,0.0,West
11/02/2025,West - Balance,0.0,West
11/03/2025,West - Balance,0.0,West
11/04/2025,West - Balance,0.0,West
11/05/2025,West - Balance,0.0,West
11/06/2025,West - Balance,0.0,West
11/07/2025,West - Balance,0.0,West
11/08/2025,West - Balance,0.0,West
11/09/2025,West - Balance,0.0,West
11/10/2025,West - Balance,0.0,West
11/11/2025,West - Balance,0.0,West
11/12/2025,West - Balance,0.0,West
11/13/2025,West - Balance,0.0,West
11/14/2025,West - Balance,0.0,West
11/15/2025,West - Balance,0.0,West
11/16/2025,West - Balance,0.0,West
11/17/2025,West - Balance,0.0,West
11/18/2025,West - Balance,0.0,West
11/19/2025,West - Balance,0.0,West
11/20/2025,West - Balance,0.0,West
11/21/2025,West - Balance,0.0,West
11/22/2025,West - Balance,0.0,West
11/23/2025,West - Balance,0.0,West
11/24/2025,West - Balance,0.0,West
11/25/2025,West - Balance,0.0,West
11/26/2025,West - Balance,0.0,West
11/27/2025,West - Balance,0.0,West
11/28/2025,West - Balance,0.0,West
11/29/2025,West - Balance,0.0,West
11/30/2025,West - Balance,0.0,West
12/01/2025,West - Balance,0.0,West
12/02/2025,West - Balance,0.0,West
12/03/2025,West - Balance,0.0,West
12/04/2025,West - Balance,0.0,West
12/05/2025,West - Balance,0.0,West
12/06/2025,West - Balance,0.0,West
12/07/2025,West - Balance,0.0,West
12/08/2025,West - Balance,0.0,West
12/09/2025,West - Balance,0.0,West
12/10/2025,West - Balance,0.0,West
12/11/2025,West - Balance,0.0,West
12/12/2025,West - Balance,0.0,West
12/13/2025,West - Balance,0.0,West
12/14/2025,West - Balance,0.0,West
12/15/2025,West - Balance,0.0,West
12/16/2025,West - Balance,0.0,West
12/17/2025,West - Balance,0.0,West
12/18/2025,West - Balance,0.0,West
12/19/2025,West - Balance,0.0,West
12/20/2025,West - Balance,0.0,West
12/21/2025,West - Balance,0.0,West
12/22/2025,West - Balance,0.0,West
12/23/2025,West - Balance,0.0,West
12/24/2025,West - Balance,0.0,West
12/25/2025,West - Balance,0.0,West
12/26/2025,West - Balance,0.0,West
12/27/2025,West - Balance,0.0,West
12/28/2025,West - Balance,0.0,West
12/29/2025,West - Balance,0.0,West
12/30/2025,West - Balance,0.0,West
12/31/2025,West - Balance,0.0,West
07/22/2025,West - Ind,2188.7001,West
07/23/2025,West - Ind,2179.67998,West
07/24/2025,West - Ind,2184.95593,West
07/25/2025,West - Ind,2173.38057,West
07/26/2025,West - Ind,1950.9989,West
07/27/2025,West - Ind,1963.02214,West
07/28/2025,West - Ind,2192.63748,West
07/29/2025,West - Ind,2209.65478,West
07/30/2025,West - Ind,2207.60658,West
07/31/2025,West - Ind,2205.46384,West
08/01/2025,West - Ind,2202.29267,West
08/02/2025,West - Ind,1994.5511999999999,West
08/03/2025,West - Ind,2018.90885,West
08/04/2025,West - Ind,2249.7474,West
08/05/2025,West - Ind,2256.25987,West
08/06/2025,West - Ind,0.0,West
08/07/2025,West - Ind,0.0,West
08/08/2025,West - Ind,0.0,West
08/09/2025,West - Ind,0.0,West
08/10/2025,West - Ind,0.0,West
08/11/2025,West - Ind,0.0,West
08/12/2025,West - Ind,0.0,West
08/13/2025,West - Ind,0.0,West
08/14/2025,West - Ind,0.0,West
08/15/2025,West - Ind,0.0,West
08/16/2025,West - Ind,0.0,West
08/17/2025,West - Ind,0.0,West
08/18/2025,West - Ind,0.0,West
08/19/2025,West - Ind,0.0,West
08/20/2025,West - Ind,0.0,West
08/21/2025,West - Ind,0.0,West
08/22/2025,West - Ind,0.0,West
08/23/2025,West - Ind,0.0,West
08/24/2025,West - Ind,0.0,West
08/25/2025,West - Ind,0.0,West
08/26/2025,West - Ind,0.0,West
08/27/2025,West - Ind,0.0,West
08/28/2025,West - Ind,0.0,West
08/29/2025,West - Ind,0.0,West
08/30/2025,West - Ind,0.0,West
08/31/2025,West - Ind,0.0,West
09/01/2025,West - Ind,0.0,West
09/02/2025,West - Ind,0.0,West
09/03/2025,West - Ind,0.0,West
09/04/2025,West - Ind,0.0,West
09/05/2025,West - Ind,0.0,West
09/06/2025,West - Ind,0.0,West
09/07/2025,West - Ind,0.0,West
09/08/2025,West - Ind,0.0,West
09/09/2025,West - Ind,0.0,West
09/10/2025,West - Ind,0.0,West
09/11/2025,West - Ind,0.0,West
09/12/2025,West - Ind,0.0,West
09/13/2025,West - Ind,0.0,West
09/14/2025,West - Ind,0.0,West
09/15/2025,West - Ind,0.0,West
09/16/2025,West - Ind,0.0,West
09/17/2025,West - Ind,0.0,West
09/18/2025,West - Ind,0.0,West
09/19/2025,West - Ind,0.0,West
09/20/2025,West - Ind,0.0,West
09/21/2025,West - Ind,0.0,West
09/22/2025,West - Ind,0.0,West
09/23/2025,West - Ind,0.0,West
09/24/2025,West - Ind,0.0,West
09/25/2025,West - Ind,0.0,West
09/26/2025,West - Ind,0.0,West
09/27/2025,West - Ind,0.0,West
09/28/2025,West - Ind,0.0,West
09/29/2025,West - Ind,0.0,West
09/30/2025,West - Ind,0.0,West
10/01/2025,West - Ind,0.0,West
10/02/2025,West - Ind,0.0,West
10/03/2025,West - Ind,0.0,West
10/04/2025,West - Ind,0.0,West
10/05/2025,West - Ind,0.0,West
10/06/2025,West - Ind,0.0,West
10/07/2025,West - Ind,0.0,West
10/08/2025,West - Ind,0.0,West
10/09/2025,West - Ind,0.0,West
10/10/2025,West - Ind,0.0,West
10/11/2025,West - Ind,0.0,West
10/12/2025,West - Ind,0.0,West
10/13/2025,West - Ind,0.0,West
10/14/2025,West - Ind,0.0,West
10/15/2025,West - Ind,0.0,West
10/16/2025,West - Ind,0.0,West
10/17/2025,West - Ind,0.0,West
10/18/2025,West - Ind,0.0,West
10/19/2025,West - Ind,0.0,West
10/20/2025,West - Ind,0.0,West
10/21/2025,West - Ind,0.0,West
10/22/2025,West - Ind,0.0,West
10/23/2025,West - Ind,0.0,West
10/24/2025,West - Ind,0.0,West
10/25/2025,West - Ind,0.0,West
10/26/2025,West - Ind,0.0,West
10/27/2025,West - Ind,0.0,West
10/28/2025,West - Ind,0.0,West
10/29/2025,West - Ind,0.0,West
10/30/2025,West - Ind,0.0,West
10/31/2025,West - Ind,0.0,West
11/01/2025,West - Ind,0.0,West
11/02/2025,West - Ind,0.0,West
11/03/2025,West - Ind,0.0,West
11/04/2025,West - Ind,0.0,West
11/05/2025,West - Ind,0.0,West
11/06/2025,West - Ind,0.0,West
11/07/2025,West - Ind,0.0,West
11/08/2025,West - Ind,0.0,West
11/09/2025,West - Ind,0.0,West
11/10/2025,West - Ind,0.0,West
11/11/2025,West - Ind,0.0,West
11/12/2025,West - Ind,0.0,West
11/13/2025,West - Ind,0.0,West
11/14/2025,West - Ind,0.0,West
11/15/2025,West - Ind,0.0,West
11/16/2025,West - Ind,0.0,West
11/17/2025,West - Ind,0.0,West
11/18/2025,West - Ind,0.0,West
11/19/2025,West - Ind,0.0,West
11/20/2025,West - Ind,0.0,West
11/21/2025,West - Ind,0.0,West
11/22/2025,West - Ind,0.0,West
11/23/2025,West - Ind,0.0,West
11/24/2025,West - Ind,0.0,West
11/25/2025,West - Ind,0.0,West
11/26/2025,West - Ind,0.0,West
11/27/2025,West - Ind,0.0,West
11/28/2025,West - Ind,0.0,West
11/29/2025,West - Ind,0.0,West
11/30/2025,West - Ind,0.0,West
12/01/2025,West - Ind,0.0,West
12/02/2025,West - Ind,0.0,West
12/03/2025,West - Ind,0.0,West
12/04/2025,West - Ind,0.0,West
12/05/2025,West - Ind,0.0,West
12/06/2025,West - Ind,0.0,West
12/07/2025,West - Ind,0.0,West
12/08/2025,West - Ind,0.0,West
12/09/2025,West - Ind,0.0,West
12/10/2025,West - Ind,0.0,West
12/11/2025,West - Ind,0.0,West
12/12/2025,West - Ind,0.0,West
12/13/2025,West - Ind,0.0,West
12/14/2025,West - Ind,0.0,West
12/15/2025,West - Ind,0.0,West
12/16/2025,West - Ind,0.0,West
12/17/2025,West - Ind,0.0,West
12/18/2025,West - Ind,0.0,West
12/19/2025,West - Ind,0.0,West
12/20/2025,West - Ind,0.0,West
12/21/2025,West - Ind,0.0,West
12/22/2025,West - Ind,0.0,West
12/23/2025,West - Ind,0.0,West
12/24/2025,West - Ind,0.0,West
12/25/2025,West - Ind,0.0,West
12/26/2025,West - Ind,0.0,West
12/27/2025,West - Ind,0.0,West
12/28/2025,West - Ind,0.0,West
12/29/2025,West - Ind,0.0,West
12/30/2025,West - Ind,0.0,West
12/31/2025,West - Ind,0.0,West
07/22/2025,West - Power,2647.8785,West
07/23/2025,West - Power,2707.5586000000003,West
07/24/2025,West - Power,2604.9847,West
07/25/2025,West - Power,2465.9291599999997,West
07/26/2025,West - Power,2140.1646,West
07/27/2025,West - Power,2263.3872,West
07/28/2025,West - Power,2713.68066,West
07/29/2025,West - Power,2906.9329000000002,West
07/30/2025,West - Power,2869.44454,West
07/31/2025,West - Power,2768.66595,West
08/01/2025,West - Power,2714.0762,West
08/02/2025,West - Power,2561.33375,West
08/03/2025,West - Power,2747.99986,West
08/04/2025,West - Power,3128.1841,West
08/05/2025,West - Power,3192.36006,West
08/06/2025,West - Power,0.0,West
08/07/2025,West - Power,0.0,West
08/08/2025,West - Power,0.0,West
08/09/2025,West - Power,0.0,West
08/10/2025,West - Power,0.0,West
08/11/2025,West - Power,0.0,West
08/12/2025,West - Power,0.0,West
08/13/2025,West - Power,0.0,West
08/14/2025,West - Power,0.0,West
08/15/2025,West - Power,0.0,West
08/16/2025,West - Power,0.0,West
08/17/2025,West - Power,0.0,West
08/18/2025,West - Power,0.0,West
08/19/2025,West - Power,0.0,West
08/20/2025,West - Power,0.0,West
08/21/2025,West - Power,0.0,West
08/22/2025,West - Power,0.0,West
08/23/2025,West - Power,0.0,West
08/24/2025,West - Power,0.0,West
08/25/2025,West - Power,0.0,West
08/26/2025,West - Power,0.0,West
08/27/2025,West - Power,0.0,West
08/28/2025,West - Power,0.0,West
08/29/2025,West - Power,0.0,West
08/30/2025,West - Power,0.0,West
08/31/2025,West - Power,0.0,West
09/01/2025,West - Power,0.0,West
09/02/2025,West - Power,0.0,West
09/03/2025,West - Power,0.0,West
09/04/2025,West - Power,0.0,West
09/05/2025,West - Power,0.0,West
09/06/2025,West - Power,0.0,West
09/07/2025,West - Power,0.0,West
09/08/2025,West - Power,0.0,West
09/09/2025,West - Power,0.0,West
09/10/2025,West - Power,0.0,West
09/11/2025,West - Power,0.0,West
09/12/2025,West - Power,0.0,West
09/13/2025,West - Power,0.0,West
09/14/2025,West - Power,0.0,West
09/15/2025,West - Power,0.0,West
09/16/2025,West - Power,0.0,West
09/17/2025,West - Power,0.0,West
09/18/2025,West - Power,0.0,West
09/19/2025,West - Power,0.0,West
09/20/2025,West - Power,0.0,West
09/21/2025,West - Power,0.0,West
09/22/2025,West - Power,0.0,West
09/23/2025,West - Power,0.0,West
09/24/2025,West - Power,0.0,West
09/25/2025,West - Power,0.0,West
09/26/2025,West - Power,0.0,West
09/27/2025,West - Power,0.0,West
09/28/2025,West - Power,0.0,West
09/29/2025,West - Power,0.0,West
09/30/2025,West - Power,0.0,West
10/01/2025,West - Power,0.0,West
10/02/2025,West - Power,0.0,West
10/03/2025,West - Power,0.0,West
10/04/2025,West - Power,0.0,West
10/05/2025,West - Power,0.0,West
10/06/2025,West - Power,0.0,West
10/07/2025,West - Power,0.0,West
10/08/2025,West - Power,0.0,West
10/09/2025,West - Power,0.0,West
10/10/2025,West - Power,0.0,West
10/11/2025,West - Power,0.0,West
10/12/2025,West - Power,0.0,West
10/13/2025,West - Power,0.0,West
10/14/2025,West - Power,0.0,West
10/15/2025,West - Power,0.0,West
10/16/2025,West - Power,0.0,West
10/17/2025,West - Power,0.0,West
10/18/2025,West - Power,0.0,West
10/19/2025,West - Power,0.0,West
10/20/2025,West - Power,0.0,West
10/21/2025,West - Power,0.0,West
10/22/2025,West - Power,0.0,West
10/23/2025,West - Power,0.0,West
10/24/2025,West - Power,0.0,West
10/25/2025,West - Power,0.0,West
10/26/2025,West - Power,0.0,West
10/27/2025,West - Power,0.0,West
10/28/2025,West - Power,0.0,West
10/29/2025,West - Power,0.0,West
10/30/2025,West - Power,0.0,West
10/31/2025,West - Power,0.0,West
11/01/2025,West - Power,0.0,West
11/02/2025,West - Power,0.0,West
11/03/2025,West - Power,0.0,West
11/04/2025,West - Power,0.0,West
11/05/2025,West - Power,0.0,West
11/06/2025,West - Power,0.0,West
11/07/2025,West - Power,0.0,West
11/08/2025,West - Power,0.0,West
11/09/2025,West - Power,0.0,West
11/10/2025,West - Power,0.0,West
11/11/2025,West - Power,0.0,West
11/12/2025,West - Power,0.0,West
11/13/2025,West - Power,0.0,West
11/14/2025,West - Power,0.0,West
11/15/2025,West - Power,0.0,West
11/16/2025,West - Power,0.0,West
11/17/2025,West - Power,0.0,West
11/18/2025,West - Power,0.0,West
11/19/2025,West - Power,0.0,West
11/20/2025,West - Power,0.0,West
11/21/2025,West - Power,0.0,West
11/22/2025,West - Power,0.0,West
11/23/2025,West - Power,0.0,West
11/24/2025,West - Power,0.0,West
11/25/2025,West - Power,0.0,West
11/26/2025,West - Power,0.0,West
11/27/2025,West - Power,0.0,West
11/28/2025,West - Power,0.0,West
11/29/2025,West - Power,0.0,West
11/30/2025,West - Power,0.0,West
12/01/2025,West - Power,0.0,West
12/02/2025,West - Power,0.0,West
12/03/2025,West - Power,0.0,West
12/04/2025,West - Power,0.0,West
12/05/2025,West - Power,0.0,West
12/06/2025,West - Power,0.0,West
12/07/2025,West - Power,0.0,West
12/08/2025,West - Power,0.0,West
12/09/2025,West - Power,0.0,West
12/10/2025,West - Power,0.0,West
12/11/2025,West - Power,0.0,West
12/12/2025,West - Power,0.0,West
12/13/2025,West - Power,0.0,West
12/14/2025,West - Power,0.0,West
12/15/2025,West - Power,0.0,West
12/16/2025,West - Power,0.0,West
12/17/2025,West - Power,0.0,West
12/18/2025,West - Power,0.0,West
12/19/2025,West - Power,0.0,West
12/20/2025,West - Power,0.0,West
12/21/2025,West - Power,0.0,West
12/22/2025,West - Power,0.0,West
12/23/2025,West - Power,0.0,West
12/24/2025,West - Power,0.0,West
12/25/2025,West - Power,0.0,West
12/26/2025,West - Power,0.0,West
12/27/2025,West - Power,0.0,West
12/28/2025,West - Power,0.0,West
12/29/2025,West - Power,0.0,West
12/30/2025,West - Power,0.0,West
12/31/2025,West - Power,0.0,West
07/22/2025,West - ResCom,1527.66729,West
07/23/2025,West - ResCom,1527.7292,West
07/24/2025,West - ResCom,1545.0620999999999,West
07/25/2025,West - ResCom,1617.27731,West
07/26/2025,West - ResCom,1511.30132,West
07/27/2025,West - ResCom,1427.93319,West
07/28/2025,West - ResCom,1505.6783,West
07/29/2025,West - ResCom,1461.38813,West
07/30/2025,West - ResCom,1465.97608,West
07/31/2025,West - ResCom,1485.9038,West
08/01/2025,West - ResCom,1473.44405,West
08/02/2025,West - ResCom,1294.96771,West
08/03/2025,West - ResCom,1267.21204,West
08/04/2025,West - ResCom,1401.11233,West
08/05/2025,West - ResCom,1397.33862,West
08/06/2025,West - ResCom,0.0,West
08/07/2025,West - ResCom,0.0,West
08/08/2025,West - ResCom,0.0,West
08/09/2025,West - ResCom,0.0,West
08/10/2025,West - ResCom,0.0,West
08/11/2025,West - ResCom,0.0,West
08/12/2025,West - ResCom,0.0,West
08/13/2025,West - ResCom,0.0,West
08/14/2025,West - ResCom,0.0,West
08/15/2025,West - ResCom,0.0,West
08/16/2025,West - ResCom,0.0,West
08/17/2025,West - ResCom,0.0,West
08/18/2025,West - ResCom,0.0,West
08/19/2025,West - ResCom,0.0,West
08/20/2025,West - ResCom,0.0,West
08/21/2025,West - ResCom,0.0,West
08/22/2025,West - ResCom,0.0,West
08/23/2025,West - ResCom,0.0,West
08/24/2025,West - ResCom,0.0,West
08/25/2025,West - ResCom,0.0,West
08/26/2025,West - ResCom,0.0,West
08/27/2025,West - ResCom,0.0,West
08/28/2025,West - ResCom,0.0,West
08/29/2025,West - ResCom,0.0,West
08/30/2025,West - ResCom,0.0,West
08/31/2025,West - ResCom,0.0,West
09/01/2025,West - ResCom,0.0,West
09/02/2025,West - ResCom,0.0,West
09/03/2025,West - ResCom,0.0,West
09/04/2025,West - ResCom,0.0,West
09/05/2025,West - ResCom,0.0,West
09/06/2025,West - ResCom,0.0,West
09/07/2025,West - ResCom,0.0,West
09/08/2025,West - ResCom,0.0,West
09/09/2025,West - ResCom,0.0,West
09/10/2025,West - ResCom,0.0,West
09/11/2025,West - ResCom,0.0,West
09/12/2025,West - ResCom,0.0,West
09/13/2025,West - ResCom,0.0,West
09/14/2025,West - ResCom,0.0,West
09/15/2025,West - ResCom,0.0,West
09/16/2025,West - ResCom,0.0,West
09/17/2025,West - ResCom,0.0,West
09/18/2025,West - ResCom,0.0,West
09/19/2025,West - ResCom,0.0,West
09/20/2025,West - ResCom,0.0,West
09/21/2025,West - ResCom,0.0,West
09/22/2025,West - ResCom,0.0,West
09/23/2025,West - ResCom,0.0,West
09/24/2025,West - ResCom,0.0,West
09/25/2025,West - ResCom,0.0,West
09/26/2025,West - ResCom,0.0,West
09/27/2025,West - ResCom,0.0,West
09/28/2025,West - ResCom,0.0,West
09/29/2025,West - ResCom,0.0,West
09/30/2025,West - ResCom,0.0,West
10/01/2025,West - ResCom,0.0,West
10/02/2025,West - ResCom,0.0,West
10/03/2025,West - ResCom,0.0,West
10/04/2025,West - ResCom,0.0,West
10/05/2025,West - ResCom,0.0,West
10/06/2025,West - ResCom,0.0,West
10/07/2025,West - ResCom,0.0,West
10/08/2025,West - ResCom,0.0,West
10/09/2025,West - ResCom,0.0,West
10/10/2025,West - ResCom,0.0,West
10/11/2025,West - ResCom,0.0,West
10/12/2025,West - ResCom,0.0,West
10/13/2025,West - ResCom,0.0,West
10/14/2025,West - ResCom,0.0,West
10/15/2025,West - ResCom,0.0,West
10/16/2025,West - ResCom,0.0,West
10/17/2025,West - ResCom,0.0,West
10/18/2025,West - ResCom,0.0,West
10/19/2025,West - ResCom,0.0,West
10/20/2025,West - ResCom,0.0,West
10/21/2025,West - ResCom,0.0,West
10/22/2025,West - ResCom,0.0,West
10/23/2025,West - ResCom,0.0,West
10/24/2025,West - ResCom,0.0,West
10/25/2025,West - ResCom,0.0,West
10/26/2025,West - ResCom,0.0,West
10/27/2025,West - ResCom,0.0,West
10/28/2025,West - ResCom,0.0,West
10/29/2025,West - ResCom,0.0,West
10/30/2025,West - ResCom,0.0,West
10/31/2025,West - ResCom,0.0,West
11/01/2025,West - ResCom,0.0,West
11/02/2025,West - ResCom,0.0,West
11/03/2025,West - ResCom,0.0,West
11/04/2025,West - ResCom,0.0,West
11/05/2025,West - ResCom,0.0,West
11/06/2025,West - ResCom,0.0,West
11/07/2025,West - ResCom,0.0,West
11/08/2025,West - ResCom,0.0,West
11/09/2025,West - ResCom,0.0,West
11/10/2025,West - ResCom,0.0,West
11/11/2025,West - ResCom,0.0,West
11/12/2025,West - ResCom,0.0,West
11/13/2025,West - ResCom,0.0,West
11/14/2025,West - ResCom,0.0,West
11/15/2025,West - ResCom,0.0,West
11/16/2025,West - ResCom,0.0,West
11/17/2025,West - ResCom,0.0,West
11/18/2025,West - ResCom,0.0,West
11/19/2025,West - ResCom,0.0,West
11/20/2025,West - ResCom,0.0,West
11/21/2025,West - ResCom,0.0,West
11/22/2025,West - ResCom,0.0,West
11/23/2025,West - ResCom,0.0,West
11/24/2025,West - ResCom,0.0,West
11/25/2025,West - ResCom,0.0,West
11/26/2025,West - ResCom,0.0,West
11/27/2025,West - ResCom,0.0,West
11/28/2025,West - ResCom,0.0,West
11/29/2025,West - ResCom,0.0,West
11/30/2025,West - ResCom,0.0,West
12/01/2025,West - ResCom,0.0,West
12/02/2025,West - ResCom,0.0,West
12/03/2025,West - ResCom,0.0,West
12/04/2025,West - ResCom,0.0,West
12/05/2025,West - ResCom,0.0,West
12/06/2025,West - ResCom,0.0,West
12/07/2025,West - ResCom,0.0,West
12/08/2025,West - ResCom,0.0,West
12/09/2025,West - ResCom,0.0,West
12/10/2025,West - ResCom,0.0,West
12/11/2025,West - ResCom,0.0,West
12/12/2025,West - ResCom,0.0,West
12/13/2025,West - ResCom,0.0,West
12/14/2025,West - ResCom,0.0,West
12/15/2025,West - ResCom,0.0,West
12/16/2025,West - ResCom,0.0,West
12/17/2025,West - ResCom,0.0,West
12/18/2025,West - ResCom,0.0,West
12/19/2025,West - ResCom,0.0,West
12/20/2025,West - ResCom,0.0,West
12/21/2025,West - ResCom,0.0,West
12/22/2025,West - ResCom,0.0,West
12/23/2025,West - ResCom,0.0,West
12/24/2025,West - ResCom,0.0,West
12/25/2025,West - ResCom,0.0,West
12/26/2025,West - ResCom,0.0,West
12/27/2025,West - ResCom,0.0,West
12/28/2025,West - ResCom,0.0,West
12/29/2025,West - ResCom,0.0,West
12/30/2025,West - ResCom,0.0,West
12/31/2025,West - ResCom,0.0,West
07/22/2025,West[CA] - Ind,1861.4484,California
07/23/2025,West[CA] - Ind,1857.3716,California
07/24/2025,West[CA] - Ind,1856.2717,California
07/25/2025,West[CA] - Ind,1839.196,California
07/26/2025,West[CA] - Ind,1645.7927,California
07/27/2025,West[CA] - Ind,1662.5732,California
07/28/2025,West[CA] - Ind,1868.267,California
07/29/2025,West[CA] - Ind,1887.3464,California
07/30/2025,West[CA] - Ind,1885.2982,California
07/31/2025,West[CA] - Ind,1879.0383,California
08/01/2025,West[CA] - Ind,1873.5012,California
08/02/2025,West[CA] - Ind,1701.0272,California
08/03/2025,West[CA] - Ind,1726.163,California
08/04/2025,West[CA] - Ind,1926.173,California
08/05/2025,West[CA] - Ind,1933.6284,California
07/22/2025,West[CA] - Power,1789.6279,California
07/23/2025,West[CA] - Power,1764.2008,California
07/24/2025,West[CA] - Power,1757.4188,California
07/25/2025,West[CA] - Power,1656.8362,California
07/26/2025,West[CA] - Power,1439.838,California
07/27/2025,West[CA] - Power,1533.0962,California
07/28/2025,West[CA] - Power,1833.13,California
07/29/2025,West[CA] - Power,1960.6309,California
07/30/2025,West[CA] - Power,1946.5696,California
07/31/2025,West[CA] - Power,1904.1311,California
08/01/2025,West[CA] - Power,1867.2991,California
08/02/2025,West[CA] - Power,1781.2635,California
08/03/2025,West[CA] - Power,1961.8961,California
08/04/2025,West[CA] - Power,2241.2834,California
08/05/2025,West[CA] - Power,2297.834,California
07/22/2025,West[CA] - ResCom,1326.469,California
07/23/2025,West[CA] - ResCom,1337.7902,California
07/24/2025,West[CA] - ResCom,1340.985,California
07/25/2025,West[CA] - ResCom,1399.0258,California
07/26/2025,West[CA] - ResCom,1299.5181,California
07/27/2025,West[CA] - ResCom,1232.4602,California
07/28/2025,West[CA] - ResCom,1309.2787,California
07/29/2025,West[CA] - ResCom,1271.5404,California
07/30/2025,West[CA] - ResCom,1274.9215,California
07/31/2025,West[CA] - ResCom,1286.2161,California
08/01/2025,West[CA] - ResCom,1272.993,California
08/02/2025,West[CA] - ResCom,1119.0818,California
08/03/2025,West[CA] - ResCom,1092.5846,California
08/04/2025,West[CA] - ResCom,1209.4932,California
08/05/2025,West[CA] - ResCom,1206.8674,California
07/22/2025,West[PNW] - Ind,327.2517,West
07/23/2025,West[PNW] - Ind,322.30838,West
07/24/2025,West[PNW] - Ind,328.68423,West
07/25/2025,West[PNW] - Ind,334.18457,West
07/26/2025,West[PNW] - Ind,305.2062,West
07/27/2025,West[PNW] - Ind,300.44894,West
07/28/2025,West[PNW] - Ind,324.37048,West
07/29/2025,West[PNW] - Ind,322.30838,West
07/30/2025,West[PNW] - Ind,322.30838,West
07/31/2025,West[PNW] - Ind,326.42554,West
08/01/2025,West[PNW] - Ind,328.79147,West
08/02/2025,West[PNW] - Ind,293.524,West
08/03/2025,West[PNW] - Ind,292.74585,West
08/04/2025,West[PNW] - Ind,323.5744,West
08/05/2025,West[PNW] - Ind,322.63147,West
07/22/2025,West[PNW] - Power,858.2506,West
07/23/2025,West[PNW] - Power,943.3578,West
07/24/2025,West[PNW] - Power,847.5659,West
07/25/2025,West[PNW] - Power,809.09296,West
07/26/2025,West[PNW] - Power,700.3266,West
07/27/2025,West[PNW] - Power,730.291,West
07/28/2025,West[PNW] - Power,880.55066,West
07/29/2025,West[PNW] - Power,946.302,West
07/30/2025,West[PNW] - Power,922.87494,West
07/31/2025,West[PNW] - Power,864.53485,West
08/01/2025,West[PNW] - Power,846.7771,West
08/02/2025,West[PNW] - Power,780.07025,West
08/03/2025,West[PNW] - Power,786.10376,West
08/04/2025,West[PNW] - Power,886.9007,West
08/05/2025,West[PNW] - Power,894.52606,West
07/22/2025,West[PNW] - ResCom,201.19829,West
07/23/2025,West[PNW] - ResCom,189.939,West
07/24/2025,West[PNW] - ResCom,204.0771,West
07/25/2025,West[PNW] - ResCom,218.25151,West
07/26/2025,West[PNW] - ResCom,211.78322,West
07/27/2025,West[PNW] - ResCom,195.47299,West
07/28/2025,West[PNW] - ResCom,196.3996,West
07/29/2025,West[PNW] - ResCom,189.84773,West
07/30/2025,West[PNW] - ResCom,191.05458,West
07/31/2025,West[PNW] - ResCom,199.6877,West
08/01/2025,West[PNW] - ResCom,200.45105,West
08/02/2025,West[PNW] - ResCom,175.88591,West
08/03/2025,West[PNW] - ResCom,174.62744,West
08/04/2025,West[PNW] - ResCom,191.61913,West
08/05/2025,West[PNW] - ResCom,190.47122,West
